<extention name="Generic">
    <module name="com.sap.ariba.erpintegration.persistence.model.AccountCategory">
        <lookupKey>AccountAssignmentCategoryID</lookupKey>
        <relationship/>
    </module>
    <module name="com.sap.ariba.erpintegration.persistence.model.CompanyCode">
        <lookupKey>CompanyCode</lookupKey>
        <relationship/>
    </module>
    <module name="com.sap.ariba.erpintegration.persistence.model.CostCenter">
        <lookupKey externalLookupKey="CostCentre.CostCentreKey">CostCentre,CompanyCode</lookupKey>
        <relationship>
            <relation name="com.sap.ariba.erpintegration.persistence.model.CompanyCode">
                <field name="CostCentre.CostCentreKey.CompanyCode">CompanyCode</field>
            </relation>
        </relationship>
    </module>
    <module name="com.sap.ariba.erpintegration.persistence.model.CurrencyConversionRate">
        <lookupKey>TypeCode</lookupKey>
        <relationship/>
    </module>
    <module name="com.sap.ariba.erpintegration.persistence.model.CurrencyMapping">
        <lookupKey>Code</lookupKey>
        <relationship/>
    </module>
    <module name="com.sap.ariba.erpintegration.persistence.model.Currency">
        <lookupKey>Code</lookupKey>
        <relationship/>
    </module>
    <module name="com.sap.ariba.erpintegration.persistence.model.IncoTerms">
        <lookupKey>Code</lookupKey>
        <relationship/>
    </module>
    <module name="com.sap.ariba.erpintegration.persistence.model.InternalOrder">
        <lookupKey externalLookupKey="InternalOrder.InternalOrderKey">InternalOrder,CompanyCode</lookupKey>
        <relationship>
            <relation name="com.sap.ariba.erpintegration.persistence.model.CompanyCode">
                <field name="InternalOrder.InternalOrderKey.CompanyCode">CompanyCode</field>
            </relation>
        </relationship>
    </module>
    <module name="com.sap.ariba.erpintegration.persistence.model.ItemCategory">
        <lookupKey>Code</lookupKey>
        <relationship/>
    </module>
    <module name="com.sap.ariba.erpintegration.persistence.model.Address">
        <lookupKey>PlantID</lookupKey>
        <relationship>
            <relation name="com.sap.ariba.erpintegration.persistence.model.CompanyCode">
                <field name="CompanyCode">CompanyCode</field>
            </relation>
        </relationship>
    </module>
    <module name="com.sap.ariba.erpintegration.persistence.model.PurchaseGroup">
        <lookupKey>PurchasingGroupID</lookupKey>
        <relationship/>
    </module>
    <module name="com.sap.ariba.erpintegration.persistence.model.PurchaseOrg">
        <lookupKey>PurchasingOrgID</lookupKey>
        <relationship>
            <relation name="com.sap.ariba.erpintegration.persistence.model.CompanyCode">
                <field name="CompanyCode">CompanyCode</field>
            </relation>
        </relationship>
    </module>
    <module name="com.sap.ariba.erpintegration.persistence.model.WBSElement">
        <lookupKey externalLookupKey="WBSElement.WBSElement">WBSElement</lookupKey>
        <relationship/>
    </module>
    <module name="com.sap.ariba.erpintegration.persistence.model.TaxCode">
        <lookupKey externalLookupKey="TaxCodeKey">TaxCode,CountryCode</lookupKey>
    </module>
    <module name="com.sap.ariba.erpintegration.persistence.model.Region">
        <lookupKey>Code</lookupKey>
        <relationship/>
    </module>
    <module name="com.sap.ariba.erpintegration.persistence.model.GeneralLedger">
        <lookupKey externalLookupKey="GLAccount.GLAccountKey">GLAccount,CompanyCode</lookupKey>
        <relationship>
            <relation name="com.sap.ariba.erpintegration.persistence.model.CompanyCode">
                <field name="GLAccount.GLAccountKey.CompanyCode">CompanyCode</field>
            </relation>
        </relationship>
    </module>
    <module name="com.sap.ariba.erpintegration.persistence.model.PartitionedCommodityCode">
        <lookupKey>Code</lookupKey>
        <relationship/>
    </module>
    <module name="com.sap.ariba.erpintegration.persistence.model.PlantPurchaseOrgCombo">
        <lookupKey>PurchasingOrgID,PlantID</lookupKey>
        <relationship/>
    </module>
    <module name="com.sap.ariba.erpintegration.persistence.model.CurrencyCode">
        <lookupKey>Code</lookupKey>
        <relationship/>
    </module>
    <module name="com.sap.ariba.erpintegration.persistence.model.CountryCode">
        <lookupKey>Code</lookupKey>
        <relationship/>
    </module>
    <module name="com.sap.ariba.erpintegration.persistence.model.UnitOfMeasurement">
        <lookupKey>Code</lookupKey>
        <relationship/>
    </module>
    <module name="com.sap.ariba.erpintegration.persistence.model.LocaleCode">
        <lookupKey>Code</lookupKey>
    </module>
    <module name="com.sap.ariba.erpintegration.persistence.model.PaymentMethodType">
        <lookupKey externalLookupKey="Key.UniqueName">UniqueName</lookupKey>
        <relationship/>
    </module>
    <module name="com.sap.ariba.erpintegration.persistence.model.User">
        <lookupKey externalLookupKey="User">UniqueName,PasswordAdapter</lookupKey>
        <relationship/>
    </module>
    <module name="com.sap.ariba.erpintegration.persistence.model.Asset">
        <lookupKey>CompanyCode,UniqueName,SubNumber</lookupKey>
        <relationship/>
    </module>
    <module name="com.sap.ariba.erpintegration.persistence.model.PaymentTerms">
        <lookupKey>UniqueName</lookupKey>
        <relationship/>
    </module>
    <module name="com.sap.ariba.erpintegration.persistence.model.Group">
        <lookupKey>UniqueName</lookupKey>
        <relationship/>
    </module>
    <module name="com.sap.ariba.erpintegration.persistence.model.ProcurementUnit">
        <lookupKey>UniqueName</lookupKey>
        <relationship/>
    </module>
    <module name="com.sap.ariba.erpintegration.persistence.model.ItemMaster">
        <lookupKey>ProductInternalID</lookupKey>
        <relationship/>
    </module>
    <module name="com.sap.ariba.erpintegration.persistence.model.AdjustmentType">
        <lookupKey>UniqueName</lookupKey>
        <relationship/>
    </module>
</extention>