<?xml version="1.0" encoding="UTF-8"?>
<beans xmlns="http://www.springframework.org/schema/beans"
       xmlns:xsi="http://www.w3.org/2001/XMLSchema-instance"
       xmlns:jaxrs="http://cxf.apache.org/jaxrs"
       xmlns:jaxws="http://cxf.apache.org/jaxws"
       xsi:schemaLocation="
http://www.springframework.org/schema/beans
http://www.springframework.org/schema/beans/spring-beans.xsd
http://cxf.apache.org/jaxrs
http://cxf.apache.org/schemas/jaxrs.xsd
http://cxf.apache.org/jaxws
http://cxf.apache.org/schemas/jaxws.xsd">
    <bean id="AuthInterceptorObjectImport"
          class="com.sap.ariba.erpintegration.handlers.AuthenticateRequestHandlerObjectImport"/>
    <bean id="AuthInterceptorObjectExport"
          class="com.sap.ariba.erpintegration.handlers.AuthenticateRequestHandlerObjectExport"/>
    <bean id="restServiceClass"
          class="com.sap.ariba.erpintegration.service.rs.IntegrationRestService"/>
    <bean id="payloadProcessorService"
          class="com.sap.ariba.erpintegration.service.rs.IntegrationPayloadProcessorService"/>
    <bean id="integrationDataProvider"
          class="com.sap.ariba.erpintegration.service.rs.IntegrationDataProviderService"/>
    <bean id="integrationConfigService"
          class="com.sap.ariba.erpintegration.service.rs.IntegrationConfigService"/>
    <bean id="integrationJobLogProviderService"
          class="com.sap.ariba.erpintegration.service.rs.IntegrationJobLogProviderService"/>
    <bean id="uploadLimitValidationHandler"
          class="com.sap.ariba.erpintegration.handlers.UploadLimitValidationHandler"/>

    <jaxws:server id="jaxwsService"
                  serviceClass="com.sap.ariba.erpintegration.service.ws.DataIntegrationService"
                  address="/uploadXMLData">
        <jaxws:handlers>
            <bean class="com.sap.ariba.erpintegration.handlers.XMLPayloadHandler"/>
        </jaxws:handlers>
        <jaxws:serviceBean>
            <bean class="com.sap.ariba.erpintegration.service.ws.DataIntegrationServiceImpl"/>
        </jaxws:serviceBean>
        <jaxws:properties>
            <entry key="schema-validation-enabled" value="false" />
        </jaxws:properties>
        <jaxws:inInterceptors>
            <ref bean="AuthInterceptorObjectImport"/>
            <ref bean="uploadLimitValidationHandler"/>
        </jaxws:inInterceptors>
        <jaxws:features>
            <bean class="org.apache.cxf.ext.logging.LoggingFeature"></bean>
        </jaxws:features>
    </jaxws:server>

    <jaxws:server id="groupExportService"
                  serviceClass="com.sap.ariba.erpintegration.service.ws.GroupsIntegrationService"
                  address="/fetchGroups">
        <jaxws:serviceBean>
            <bean class="com.sap.ariba.erpintegration.service.ws.GroupsIntegrationServiceImpl"/>
        </jaxws:serviceBean>
        <jaxws:properties>
            <entry key="schema-validation-enabled" value="false" />
        </jaxws:properties>
        <jaxws:inInterceptors>
            <ref bean="AuthInterceptorObjectExport"/>
        </jaxws:inInterceptors>
    </jaxws:server>

    <jaxws:server id="procurementUnitExportService"
                  serviceClass="com.sap.ariba.erpintegration.service.ws.ProcurementUnitIntegrationService"
                  address="/fetchProcurementUnits">
        <jaxws:serviceBean>
            <bean class="com.sap.ariba.erpintegration.service.ws.ProcurementUnitIntegrationServiceImpl"/>
        </jaxws:serviceBean>
        <jaxws:properties>
            <entry key="schema-validation-enabled" value="false" />
        </jaxws:properties>
        <jaxws:inInterceptors>
            <ref bean="AuthInterceptorObjectExport"/>
        </jaxws:inInterceptors>
    </jaxws:server>

    <jaxws:server id="userExportService"
                  serviceClass="com.sap.ariba.erpintegration.service.ws.UserIntegrationService"
                  address="/fetchUsers">
        <jaxws:serviceBean>
            <bean class="com.sap.ariba.erpintegration.service.ws.UserIntegrationServiceImpl"/>
        </jaxws:serviceBean>
        <jaxws:properties>
            <entry key="schema-validation-enabled" value="false" />
        </jaxws:properties>
        <jaxws:inInterceptors>
            <ref bean="AuthInterceptorObjectExport"/>
        </jaxws:inInterceptors>
    </jaxws:server>

    <jaxrs:server id="jaxrsService" address="/">
        <!--<jaxrs:inInterceptors><ref bean="AuthInterceptor"/></jaxrs:inInterceptors>-->
        <jaxrs:serviceBeans>
            <ref bean="restServiceClass"/>
        </jaxrs:serviceBeans>
        <jaxrs:providers>
            <bean class="org.apache.cxf.jaxrs.provider.json.JSONProvider">
                <property name="dropRootElement" value="true" />
                <property name="supportUnwrapped" value="true" />
            </bean>
            <bean class="com.sap.ariba.erpintegration.service.exception.mapper.MissingServletRequestParameterExceptionMapper"/>
            <bean class="com.sap.ariba.erpintegration.service.exception.mapper.WebApplicationExceptionMapperImpl"/>
            <bean class="com.sap.ariba.erpintegration.service.exception.mapper.IntegrationServiceExceptionMapper"/>
            <bean class="com.sap.ariba.erpintegration.service.exception.mapper.BadRequestExceptionMapper"/>
        </jaxrs:providers>
    </jaxrs:server>

    <jaxrs:server id="jaxrsService2" address="/processXMLPayload">
        <!--<jaxrs:inInterceptors><ref bean="AuthInterceptor"/></jaxrs:inInterceptors>-->
        <jaxrs:serviceBeans>
            <ref bean="payloadProcessorService"/>
        </jaxrs:serviceBeans>
    </jaxrs:server>

    <jaxrs:server id="jaxrsService3" address="/getIntegrationData">
        <!--<jaxrs:inInterceptors><ref bean="AuthInterceptor"/></jaxrs:inInterceptors>-->
        <jaxrs:serviceBeans>
            <ref bean="integrationDataProvider"/>
        </jaxrs:serviceBeans>

        <jaxrs:providers>
            <bean class="org.apache.cxf.jaxrs.provider.json.JSONProvider">
                <property name="dropRootElement" value="true" />
                <property name="supportUnwrapped" value="true" />
            </bean>
        </jaxrs:providers>
    </jaxrs:server>

    <jaxrs:server id="jaxrsService4" address="/processConfigData">
        <!--<jaxrs:inInterceptors><ref bean="AuthInterceptor"/></jaxrs:inInterceptors>-->
        <jaxrs:serviceBeans>
            <ref bean="integrationConfigService"/>
        </jaxrs:serviceBeans>

        <jaxrs:providers>
            <bean class="org.apache.cxf.jaxrs.provider.json.JSONProvider">
                <property name="dropRootElement" value="true" />
                <property name="supportUnwrapped" value="true" />
            </bean>
        </jaxrs:providers>
    </jaxrs:server>

    <jaxrs:server id="jaxrsService5" address="/integrationJobs">
        <!--<jaxrs:inInterceptors><ref bean="AuthInterceptor"/></jaxrs:inInterceptors>-->
        <jaxrs:serviceBeans>
            <ref bean="integrationJobLogProviderService"/>
        </jaxrs:serviceBeans>

        <jaxrs:providers>
            <bean class="org.apache.cxf.jaxrs.provider.json.JSONProvider">
                <property name="dropRootElement" value="true" />
                <property name="supportUnwrapped" value="true" />
            </bean>
            <bean class="com.sap.ariba.erpintegration.service.exception.mapper.IntegrationServiceExceptionMapper"/>
            <bean class="com.sap.ariba.erpintegration.service.exception.mapper.MissingServletRequestParameterExceptionMapper"/>
        </jaxrs:providers>
    </jaxrs:server>
    
    <jaxrs:server id="jaxrsService6" address="/tenant">
		<!--<jaxrs:inInterceptors><ref bean="AuthInterceptor"/></jaxrs:inInterceptors> -->
		<jaxrs:serviceBeans>
			<ref bean="tenantServiceService" />
            <bean class="com.sap.ariba.erpintegration.purge.tenant.api.TenantPurgeAPI"/>
		</jaxrs:serviceBeans>

		<jaxrs:providers>
            <bean class="com.sap.ariba.erpintegration.purge.tenant.api.PurgeOAuthFilter" />
            <bean id="jacksonProvider" class="com.fasterxml.jackson.jakarta.rs.json.JacksonJsonProvider" />
			<bean class="com.sap.ariba.erpintegration.service.exception.mapper.ResourceNotFoundMapper"/>
			<bean class="com.sap.ariba.erpintegration.service.exception.mapper.UnauthorizedExceptionMapper"/>
		</jaxrs:providers>
	</jaxrs:server>
	<bean id="tenantServiceService" class="com.sap.ariba.erpintegration.service.rs.TenantService" />

    <!-- This is to control execution of MDI integration APIs -->
    <jaxrs:server id="mdi" address="/mdi">
        <jaxrs:serviceBeans>
            <bean class="com.sap.ariba.erpintegration.onemds.process.api.TenantProcessor"/>
            <bean class="com.sap.ariba.erpintegration.onemds.process.api.config.ConfigOperations"/>
        </jaxrs:serviceBeans>
        <jaxrs:providers>
            <bean class="com.sap.ariba.erpintegration.onemds.process.api.MDIInternalAuthFilter"/>
            <bean id="jacksonProvider" class="com.fasterxml.jackson.jakarta.rs.json.JacksonJsonProvider" />
        </jaxrs:providers>
    </jaxrs:server>

    <!-- This is for the management of Re-Encryption -->
    <jaxrs:server id="reencryption" address="/encryptionmanagement/v1/app">
        <jaxrs:serviceBeans>
            <bean class="com.sap.ariba.erpintegration.reencryption.ReEncryptionAPI"/>
        </jaxrs:serviceBeans>
        <jaxrs:providers>
            <bean class="com.sap.ariba.erpintegration.reencryption.ReEncryptionOAuthFilter"/>
            <bean class="com.sap.ariba.erpintegration.reencryption.ReEncryptionExceptionMapper" />
            <bean class="com.sap.ariba.erpintegration.reencryption.ReEncryptionMediaTypeJSONProvider" />
        </jaxrs:providers>
    </jaxrs:server>

    <!-- configuration for new Integration job status api -->
    <jaxrs:server id="jobstatusapi" address="/v2/integrationjob">
        <jaxrs:serviceBeans>
            <bean class="com.sap.ariba.erpintegration.service.rs.IntegrationJobStatusController"/>
        </jaxrs:serviceBeans>

        <jaxrs:providers>
            <bean class="com.sap.ariba.erpintegration.service.exception.mapper.IntegrationServiceExceptionMapper"/>
            <bean class="com.sap.ariba.erpintegration.service.exception.mapper.MissingServletRequestParameterExceptionMapper"/>
        </jaxrs:providers>
    </jaxrs:server>
</beans>
