<?xml version="1.0" encoding="UTF-8"?>
<beans xmlns="http://www.springframework.org/schema/beans"
       xmlns:xsi="http://www.w3.org/2001/XMLSchema-instance"
       xmlns:jaxrs="http://cxf.apache.org/jaxrs"
       xmlns:jaxws="http://cxf.apache.org/jaxws"
       xsi:schemaLocation="
http://www.springframework.org/schema/beans
http://www.springframework.org/schema/beans/spring-beans.xsd
http://cxf.apache.org/jaxrs
http://cxf.apache.org/schemas/jaxrs.xsd
http://cxf.apache.org/jaxws
http://cxf.apache.org/schemas/jaxws.xsd">
	<bean id="schemas"
		class="com.sap.ariba.erpintegration.mdi.api.SchemasExt" />
	<bean id="mdiExceptionMapper"
		class="com.sap.ariba.erpintegration.mdi.api.exception.map.MDIExceptionMapper" />
	<bean id="users" class="com.sap.ariba.erpintegration.mdi.api.UsersExt"/>
    <bean id="groups" class="com.sap.ariba.erpintegration.mdi.api.GroupsExt"/>
    <bean id="oAuthFilter" class="com.sap.ariba.erpintegration.mdi.common.oauth.filter.OAuthFilter"/>
	<bean id="uri" class="org.apache.cxf.jaxrs.impl.tl.ThreadLocalUriInfo"/>
	<bean id="scimFaultInterceptor" class="com.sap.ariba.erpintegration.mdi.common.ScimInvalidPayloadFaultInterceptor"/>
	<jaxrs:server id="scim" address="/scim">
		<jaxrs:serviceBeans>
			<ref bean="schemas" />
			<ref bean="users" />
            <ref bean="groups" />
		</jaxrs:serviceBeans>
		<jaxrs:providers>
            <bean class="com.sap.ariba.erpintegration.mdi.api.SCIMMeditaTypeJSONProvider"/>
			<ref bean="mdiExceptionMapper"/>
            <ref bean="oAuthFilter"/>
			<ref bean="uri"/>
		</jaxrs:providers>
		<jaxrs:outFaultInterceptors>
			<ref bean="scimFaultInterceptor"/>
		</jaxrs:outFaultInterceptors>
	</jaxrs:server>

</beans>
