<?xml version="1.0" encoding="UTF-8"?>
<Configuration>
    <Properties>
        <Property name="ApplicationName">MDNI</Property>
    </Properties>
    <Appenders>
        <Console name="STDOUT" target="SYSTEM_OUT">
            <PatternLayout
                    pattern="%d{${LOG_DATEFORMAT_PATTERN:-yyyy-MM-dd HH:mm:ss.SSS}} [%X{traceId},%X{spanId}]:-%highlight{%5p}{FATAL=red blink, ERROR=red, WARN=yellow bold, INFO=green, DEBUG=green bold, TRACE=blue} %style{%pid}{magenta} [%thread] %style{%-40.40C{1.}}{cyan} : %m%n${LOG_EXCEPTION_CONVERSION_WORD:-%wEx}"/>
        </Console>
    </Appenders>
    <Loggers>
        <Logger name="org.apache.log4j.xml" level="info"/>
        <Logger name="com.sap.ariba.encryption" level="debug"/>
        <Logger name="com.sap.ariba.erpintegration.reencryption" level="debug"/>
        <Logger name="com.sap.ariba.erpintegration.monitor" level="info" additivity="false">
            <AppenderRef ref="STDOUT"/>
        </Logger>
        <Root level="info">
            <AppenderRef ref="STDOUT"/>
        </Root>
    </Loggers>
</Configuration>
