{
  "Address": {
    "entityName": "Address",
    "scimName": "Address",
    "mdsName": "CommonAddressE",
    "mdiName": "sap.odm.orgunit.Plant",
    "mdniEventName": "Plant",
    "mdiURIPath": "odm/4.0.0",
    "dependsOn": null
  },
  "BusinessPartner": {
    "entityName": "BusinessPartner",
    "scimName": "BusinessPartner",
    "mdsName": "ODM.BusinessPartner",
    "mdiName": "sap.odm.businesspartner.BusinessPartner",
    "mdniEventName": "BusinessPartner",
    "mdiURIPath": "odm/2.1.1",
    "dependsOn": null
  },
  "CostCenter": {
    "entityName": "CostCenter",
    "scimName": "CostCenter",
    "mdsName": "ODM.CostCenter",
    "mdiName": "sap.odm.finance.costobject.CostCenter",
    "mdniEventName": "CostCentre",
    "mdiURIPath": "odm/3.0.0",
    "dependsOn": null
  },
  "CurrencyConversionRate": {
    "entityName": "CurrencyConversionRate",
    "scimName": "CurrencyConversionRate",
    "mdsName": "CurrencyConversionRateE",
    "mdiName": "sap.odm.finance.ExchangeRate",
    "mdniEventName": "ExchangeRate",
    "mdiURIPath": "odm/4.0.0",
    "dependsOn": null
  },
  "ProjectControllingObject": {
    "entityName": "ProjectControllingObject",
    "scimName": "ProjectControllingObject",
    "mdsName": "ODM.ProjectControllingObject",
    "mdiName": "sap.odm.finance.costobject.ProjectControllingObject",
    "mdniEventName": "ProjectControllingObject",
    "mdiURIPath": "odm/3.0.0",
    "dependsOn": null
  },
  "CompanyCode": {
    "entityName": "CompanyCode",
    "scimName": "CompanyCode",
    "mdsName": "CompanyCodeE",
    "mdiName": "sap.odm.orgunit.CompanyCode",
    "mdniEventName": "CompanyCode",
    "mdiURIPath": "odm/4.0.0",
    "dependsOn": null
  },
  "BusinessPartnerRelationship": {
    "entityName": "BusinessPartnerRelationship",
    "scimName": "BusinessPartnerRelationship",
    "mdsName": "ODM.BusinessPartnerRelationship",
    "mdiName": "sap.odm.businesspartner.BusinessPartnerRelationship",
    "mdniEventName": "BusinessPartnerRelationship",
    "mdiURIPath": "odm/2.2.0",
    "dependsOn": "BusinessPartner"
  },
  "PurchasingOrganization": {
    "entityName": "PurchasingOrganization",
    "scimName": "PurchasingOrganization",
    "mdsName": "ODM.PurchasingOrganization",
    "mdiName": "sap.odm.procurement.orgunit.PurchasingOrganization",
    "mdniEventName": "PurchasingOrganization",
    "mdiURIPath": "odm/4.0.0",
    "dependsOn": "CompanyCode"
  },
  "ItemMaster": {
    "entityName": "ItemMaster",
    "scimName": "ItemMaster",
    "mdsName": "ODM.Product",
    "mdiName": "sap.odm.product.Product",
    "mdniEventName": "Product",
    "mdiURIPath": "odm/5.0.0",
    "dependsOn": null
  },
  "ProductGroup": {
    "entityName": "ProductGroup",
    "scimName": "ProductGroup",
    "mdsName": "ProductGroupE",
    "mdiName": "sap.odm.product.ProductGroup",
    "mdniEventName": "ProductGroup",
    "mdiURIPath": "odm/5.0.0",
    "dependsOn": null
  },
  "PurchasingCategory": {
    "entityName": "PurchasingCategory",
    "scimName": "PurchasingCategory",
    "mdsName": "ODM.PurchasingCategory",
    "mdiName": "sap.odm.procurement.PurchasingCategory",
    "mdniEventName": "PurchasingCategory",
    "mdiURIPath": "odm/4.0.0",
    "dependsOn": null
  },
  "SymbolicGeneralLedgerAccount": {
    "entityName": "SymbolicGeneralLedgerAccount",
    "scimName": "SymbolicGeneralLedgerAccount",
    "mdsName": "ODM.SymbolicGeneralLedgerAccount",
    "mdiName": "sap.odm.finance.accounting.SymbolicGeneralLedgerAccount",
    "mdniEventName": "SymbolicGeneralLedgerAccount",
    "mdiURIPath": "odm/6.1.0",
    "dependsOn": "CompanyCode"
  },
  "PurchaseGroup": {
    "entityName": "PurchaseGroup",
    "scimName": "PurchaseGroup",
    "mdsName": "PurchaseGroupE",
    "mdiName": "sap.odm.procurement.orgunit.PurchasingGroup",
    "mdniEventName": "PurchasingGroup",
    "mdiURIPath": "odm/6.0.0",
    "dependsOn": null
  }
}
