[
  {
    "sourceType": "mdni",
    "targetType": "mdcs",
    "entityMappings": [
      {
        "entityName": "AccountCategory",
        "fieldMappings": [
          {
            "sourceName": "SystemId_CUSTOM",
            "targetName": "SystemId",
            "customTransformer": "com.sap.ariba.erpintegration.mdi.common.transform.transformer.SystemIDTransformer"
          },
          {
            "sourceName": "SenderBusinessSystemId",
            "targetName": "SenderBusinessSystemId"
          },
          {
            "sourceName": "TimeCreated",
            "targetName": "Created",
            "customTransformer": "com.sap.ariba.erpintegration.service.mds.transform.common.MDNIDateTransformer"
          },
          {
            "sourceName": "TimeUpdated",
            "targetName": "Updated",
            "customTransformer": "com.sap.ariba.erpintegration.service.mds.transform.common.MDNIDateTransformer"
          },
          {
            "sourceName": "ActionCode",
            "targetName": "BaseFields.IsActive",
            "customTransformer" : "com.sap.ariba.erpintegration.service.cap.transform.common.IsActiveTransformer"
          },
          {
            "sourceName": "AccountAssignmentCategoryID",
            "targetName": "AccountAssignmentCategoryID"
          },
          {
            "sourceName": "AccountAssignmentCatFieldSel",
            "targetName": "AccountAssignmentCatFieldSel"
          },
          {
            "sourceName": "AccountAssignmentCategoryDescription",
            "targetName": "texts",
            "isArray": true,
            "customTransformer": "com.sap.ariba.erpintegration.service.cap.transform.common.LocalizedTransformer",
            "childMappings": [
              {
                "sourceName": "languageCode",
                "targetName": "locale",
                "customTransformer": "com.sap.ariba.erpintegration.service.mds.transform.common.LowerCaseTextTransformer"
              },
              {
                "sourceName": "content",
                "targetName": "AccountAssignmentCategoryDescription"
              }
            ]
          },
          {
            "sourceName": "AccountAssignmentCategoryDescription_CUSTOM",
            "targetName": "AccountAssignmentCategoryDescription",
            "customTransformer": "com.sap.ariba.erpintegration.service.mds.transform.common.StringValueTransformer"
          }
        ]
      }
    ]
  }
]
