[
  {
    "sourceType": "mdi",
    "targetType": "mdni",
    "entityMappings": [
      {
        "entityName": "Address",
        "fieldMappings": [
          {
            "sourceName": "instance",
            "targetName": "SKIP_LEVEL",
            "childMappings": [
              {
                "sourceName": "displayId_CUSTOM",
                "targetName": "PlantID",
                "customTransformer": "com.sap.ariba.erpintegration.mdi.mds.resource.transform.transformer.ContextIdTransformer"
              },
              {
                "sourceName": "name",
                "targetName": "PlantName"
              },
              {
                "sourceName": "companyCode",
                "targetName": "SKIP_LEVEL",
                "childMappings": [
                  {
                    "sourceName": "id",
                    "targetName": "CompanyCode",
                    "customTransformer": "com.sap.ariba.erpintegration.mdi.mds.resource.transform.transformer.ContextIdTransformer"
                  }
                ]
              },
              {
                "sourceName": "address_communicationData_phoneNumbers_CUSTOM",
                "targetName": "PhoneNumber",
                "customTransformer": "com.sap.ariba.erpintegration.service.mds.transform.address.PhoneAndFaxNumberTransformer"
              },
              {
                "sourceName": "address_communicationData_faxNumbers_CUSTOM",
                "targetName": "FaxNumber",
                "customTransformer": "com.sap.ariba.erpintegration.service.mds.transform.address.PhoneAndFaxNumberTransformer"
              },
              {
                "sourceName": "address",
                "targetName": "PostalAddress",
                "childMappings": [
                  {
                    "sourceName": "street",
                    "targetName": "SKIP_LEVEL",
                    "childMappings": [
                      {
                        "sourceName": "name",
                        "targetName": "Street"
                      }
                    ]
                  },
                  {
                    "sourceName": "houseNumber",
                    "targetName": "HouseNumber"
                  },
                  {
                    "sourceName": "town",
                    "targetName": "SKIP_LEVEL",
                    "childMappings": [
                      {
                        "sourceName": "name",
                        "targetName": "City"
                      }
                    ]
                  },
                  {
                    "sourceName": "postCode",
                    "targetName": "PostalCode"
                  },
                  {
                    "sourceName": "primaryRegion",
                    "targetName": "SKIP_LEVEL",
                    "childMappings": [
                      {
                        "sourceName": "code",
                        "targetName": "Region",
                        "customTransformer": "com.sap.ariba.erpintegration.service.mds.transform.address.RegionCodeTransformer"
                      }
                    ]
                  },
                  {
                    "sourceName": "country",
                    "targetName": "SKIP_LEVEL",
                    "childMappings": [
                      {
                        "sourceName": "code",
                        "targetName": "Country"
                      }
                    ]
                  }
                ]
              }
            ]
          },
          {
            "sourceName": "Active_CUSTOM",
            "targetName": "IsActive",
            "customTransformer": "com.sap.ariba.erpintegration.onemds.transform.common.MDIToMDNIActiveFieldTransformer"
          },
          {
            "sourceName": "ActionCode_CUSTOM",
            "targetName": "ActionCode",
            "customTransformer": "com.sap.ariba.erpintegration.onemds.transform.common.MDIToMDNIActionCodeTransformer"
          },
          {
            "sourceName": "TimeCreated_CUSTOM",
            "targetName": "TimeCreated",
            "customTransformer": "com.sap.ariba.erpintegration.onemds.transform.common.MDItoMDNIDefaultDateTransformer"
          },
          {
            "sourceName": "TimeUpdated_CUSTOM",
            "targetName": "TimeUpdated",
            "customTransformer": "com.sap.ariba.erpintegration.onemds.transform.common.MDItoMDNIDefaultDateTransformer"
          },
          {
            "sourceName": "SenderBusinessSystemId_CUSTOM",
            "targetName": "SenderBusinessSystemId",
            "customTransformer": "com.sap.ariba.erpintegration.onemds.transform.common.MDItoMDNISenderBusinessSystemIDTransformer"
          }
        ]
      }
    ]
  },
  {
    "sourceType": "mdni",
    "targetType": "mds",
    "entityMappings": [
      {
        "entityName": "Address",
        "fieldMappings": [
          {
            "sourceName": "PlantID",
            "targetName": "CommonAddressKey.UniqueName"
          },
          {
            "sourceName": "SystemId_CUSTOM",
            "targetName": "CommonAddressKey.SystemId",
            "customTransformer": "com.sap.ariba.erpintegration.mdi.common.transform.transformer.SystemIDTransformer"
          },
          {
            "sourceName": "PartitionNumber_CUSTOM",
            "targetName": "CommonAddressKey.PartitionNumber",
            "customTransformer": "com.sap.ariba.erpintegration.service.mds.transform.common.MDNIToMDSPartitionNumberTransformer"
          },
          {
            "sourceName": "SenderBusinessSystemId",
            "targetName": "CommonAddressKey.SenderBusinessSystemId"
          },
          {
            "sourceName": "TimeCreated",
            "targetName": "BaseFields.TimeCreated",
            "customTransformer": "com.sap.ariba.erpintegration.service.mds.transform.common.MDNIDateTransformer"
          },
          {
            "sourceName": "TimeUpdated",
            "targetName": "BaseFields.TimeUpdated",
            "customTransformer": "com.sap.ariba.erpintegration.service.mds.transform.common.MDNIDateTransformer"
          },
          {
            "sourceName": "IsActive",
            "targetName": "BaseFields.IsActive"
          },
          {
            "sourceName": "PlantName",
            "targetName": "BasicAddressFields.Name"
          },
          {
            "sourceName": "PostalAddress",
            "targetName": "BasicAddressFields.PostalAddress",
            "childMappings": [
              {
                "sourceName": "PostalAddress_Lines_CUSTOM",
                "targetName": "Lines",
                "customTransformer": "com.sap.ariba.erpintegration.service.mds.transform.address.PostalAddressLinesTransformer"
              },
              {
                "sourceName": "City",
                "targetName": "City"
              },
              {
                "sourceName": "PostalCode",
                "targetName": "PostalCode"
              },
              {
                "sourceName": "Region",
                "targetName": "State"
              },
              {
                "sourceName": "Country",
                "targetName": "CountryKey.UniqueName"
              }
            ]
          },
          {
            "sourceName": "CompanyCode",
            "targetName": "SAP.CompanyCodeKey.UniqueName"
          },
          {
            "sourceName": "CompanyCode_PartitionNumber_CUSTOM",
            "targetName": "SAP.CompanyCodeKey.PartitionNumber",
            "customTransformer": "com.sap.ariba.erpintegration.service.mds.transform.common.MDNIToMDSPartitionNumberTransformer"
          },
          {
            "sourceName": "CompanyCode_SystemId_CUSTOM",
            "targetName": "SAP.CompanyCodeKey.SystemId",
            "customTransformer": "com.sap.ariba.erpintegration.mdi.common.transform.transformer.SystemIDTransformer"
          },
          {
            "sourceName": "CompanyCode_SenderBusinessSystemId_CUSTOM",
            "targetName": "SAP.CompanyCodeKey.SenderBusinessSystemId",
            "customTransformer": "com.sap.ariba.erpintegration.service.mds.transform.common.SenderBusinessSystemIDTransformer"
          }
        ]
      }
    ]
  },
  {
    "sourceType": "mdni",
    "targetType": "mdcs",
    "entityMappings": [
      {
        "entityName": "Address",
        "fieldMappings": [
          {
            "sourceName": "PlantID",
            "targetName": "PlantID"
          },
          {
            "sourceName": "SystemId_CUSTOM",
            "targetName": "SystemId",
            "customTransformer": "com.sap.ariba.erpintegration.mdi.common.transform.transformer.SystemIDTransformer"
          },
          {
            "sourceName": "SenderBusinessSystemId",
            "targetName": "SenderBusinessSystemId"
          },
          {
            "sourceName": "TimeCreated",
            "targetName": "Created",
            "customTransformer": "com.sap.ariba.erpintegration.service.mds.transform.common.MDNIDateTransformer"
          },
          {
            "sourceName": "TimeUpdated",
            "targetName": "Updated",
            "customTransformer": "com.sap.ariba.erpintegration.service.mds.transform.common.MDNIDateTransformer"
          },
          {
            "sourceName": "ActionCode",
            "targetName": "BaseFields.IsActive",
            "customTransformer": "com.sap.ariba.erpintegration.service.cap.transform.common.IsActiveTransformer"
          },
          {
            "sourceName": "PlantName",
            "targetName": "PlantName"
          },
          {
            "sourceName": "PostalAddress",
            "targetName": "PostalAddressSubEntityAssociation",
            "isArray": true,
            "customTransformer": "com.sap.ariba.erpintegration.service.mds.transform.common.OneToManyAssociationTransformer",
            "childMappings": [
              {
                "sourceName": "Street",
                "targetName": "Street"
              },
              {
                "sourceName": "HouseNumber",
                "targetName": "HouseNumber"
              },
              {
                "sourceName": "City",
                "targetName": "City"
              },
              {
                "sourceName": "PostalCode",
                "targetName": "PostalCode"
              },
              {
                "sourceName": "Region",
                "targetName": "State"
              },
              {
                "sourceName": "Country",
                "targetName": "Country"
              },
              {
                "sourceName": "PostOfficeBoxNumber",
                "targetName": "PostOfficeBoxNumber"
              },
              {
                "sourceName": "PostOfficeBoxPostalCode",
                "targetName": "PostOfficeBoxPostalCode"
              },
              {
                "sourceName": "PhoneNumber",
                "targetName": "PhoneNumber"
              },
              {
                "sourceName": "FaxNumber",
                "targetName": "FaxNumber"
              }
            ]
          },
          {
            "sourceName": "CompanyCode",
            "targetName": "CompanyCode"
          },
          {
            "sourceName": "CurrencyCode",
            "targetName": "CurrencyCode"
          }
        ]
      }
    ]
  },
  {
    "sourceType": "mdi",
    "targetType": "mdcs_mdni",
    "entityMappings": [
      {
        "entityName": "Address",
        "fieldMappings": [
          {
            "sourceName": "instance",
            "targetName": "instance",
            "customTransformer": "com.sap.ariba.erpintegration.mdi.common.transform.transformer.SimpleNodeTranformer"
          },
          {
            "sourceName": "localIds",
            "targetName": "localIds",
            "customTransformer": "com.sap.ariba.erpintegration.mdi.common.transform.transformer.SimpleNodeTranformer"
          },
          {
            "sourceName": "event",
            "targetName": "event",
            "customTransformer": "com.sap.ariba.erpintegration.mdi.common.transform.transformer.SimpleNodeTranformer"
          },
          {
            "sourceName": "id",
            "targetName": "id",
            "customTransformer": "com.sap.ariba.erpintegration.mdi.common.transform.transformer.SimpleNodeTranformer"
          }
        ]
      }
    ]
  },
  {
    "sourceType": "mdni",
    "targetType": "mdcs_odm",
    "entityMappings": [
      {
        "entityName": "Address",
        "fieldMappings": [
          {
            "sourceName": "instance",
            "targetName": "SKIP_LEVEL",
            "childMappings": [
              {
                "sourceName": "id",
                "targetName": "id"
              },
              {
                "sourceName": "displayId",
                "targetName": "displayId"
              },
              {
                "sourceName": "name",
                "targetName": "name"
              },
              {
                "sourceName": "companyCode",
                "targetName": "companyCode",
                "isObject": true,
                "childMappings": [
                  {
                    "sourceName": "id",
                    "targetName": "id"
                  }
                ]
              },
              {
                "sourceName": "category",
                "targetName": "category",
                "isObject": true,
                "childMappings": [
                  {
                    "sourceName": "code",
                    "targetName": "code"
                  }
                ]
              },
              {
                "sourceName": "mainPurchasingOrganization",
                "targetName": "mainPurchasingOrganization",
                "isObject": true,
                "childMappings": [
                  {
                    "sourceName": "id",
                    "targetName": "id"
                  }
                ]
              },
              {
                "sourceName": "address",
                "targetName": "address",
                "customTransformer": "com.sap.ariba.erpintegration.service.mds.transform.common.OneToManyAssociationTransformer",
                "childMappings": [
                  {
                    "sourceName": "formOfAddress",
                    "targetName": "formOfAddress",
                    "isObject": true,
                    "childMappings": [
                      {
                        "sourceName": "code",
                        "targetName": "code"
                      }
                    ]
                  },
                  {
                    "sourceName": "formattedOrgNameLine1",
                    "targetName": "formattedOrgNameLine1"
                  },
                  {
                    "sourceName": "formattedOrgNameLine2",
                    "targetName": "formattedOrgNameLine2"
                  },
                  {
                    "sourceName": "formattedOrgNameLine3",
                    "targetName": "formattedOrgNameLine3"
                  },
                  {
                    "sourceName": "formattedOrgNameLine4",
                    "targetName": "formattedOrgNameLine4"
                  },
                  {
                    "sourceName": "formattedOrgName",
                    "targetName": "formattedOrgName"
                  },
                  {
                    "sourceName": "building",
                    "targetName": "building"
                  },
                  {
                    "sourceName": "floor",
                    "targetName": "floor"
                  },
                  {
                    "sourceName": "door",
                    "targetName": "door"
                  },
                  {
                    "sourceName": "careOf",
                    "targetName": "careOf"
                  },
                  {
                    "sourceName": "streetPrefix1",
                    "targetName": "streetPrefix1"
                  },
                  {
                    "sourceName": "streetPrefix2",
                    "targetName": "streetPrefix2"
                  },
                  {
                    "sourceName": "street",
                    "targetName": "street",
                    "isObject": true,
                    "childMappings": [
                      {
                        "sourceName": "name",
                        "targetName": "name"
                      },
                      {
                        "sourceName": "ref",
                        "targetName": "ref",
                        "isObject": true,
                        "childMappings": [
                          {
                            "sourceName": "code",
                            "targetName": "code"
                          }
                        ]
                      }
                    ]
                  },
                  {
                    "sourceName": "streetSuffix1",
                    "targetName": "streetSuffix1"
                  },
                  {
                    "sourceName": "streetSuffix2",
                    "targetName": "streetSuffix2"
                  },
                  {
                    "sourceName": "houseNumber",
                    "targetName": "houseNumber"
                  },
                  {
                    "sourceName": "houseNumberSupplement",
                    "targetName": "houseNumberSupplement"
                  },
                  {
                    "sourceName": "town",
                    "targetName": "town",
                    "isObject": true,
                    "childMappings": [
                      {
                        "sourceName": "name",
                        "targetName": "name"
                      },
                      {
                        "sourceName": "ref",
                        "targetName": "ref",
                        "isObject": true,
                        "childMappings": [
                          {
                            "sourceName": "code",
                            "targetName": "code"
                          }
                        ]
                      }
                    ]
                  },
                  {
                    "sourceName": "district",
                    "targetName": "district",
                    "isObject": true,
                    "childMappings": [
                      {
                        "sourceName": "name",
                        "targetName": "name"
                      },
                      {
                        "sourceName": "ref",
                        "targetName": "ref",
                        "isObject": true,
                        "childMappings": [
                          {
                            "sourceName": "code",
                            "targetName": "code"
                          }
                        ]
                      }
                    ]
                  },
                  {
                    "sourceName": "primaryRegion",
                    "targetName": "primaryRegion",
                    "isObject": true,
                    "childMappings": [
                      {
                        "sourceName": "code",
                        "targetName": "code"
                      }
                    ]
                  },
                  {
                    "sourceName": "secondaryRegion",
                    "targetName": "secondaryRegion",
                    "isObject": true,
                    "childMappings": [
                      {
                        "sourceName": "name",
                        "targetName": "name"
                      },
                      {
                        "sourceName": "ref",
                        "targetName": "ref",
                        "isObject": true,
                        "childMappings": [
                          {
                            "sourceName": "code",
                            "targetName": "code"
                          }
                        ]
                      }
                    ]
                  },
                  {
                    "sourceName": "tertiaryRegion",
                    "targetName": "tertiaryRegion",
                    "isObject": true,
                    "childMappings": [
                      {
                        "sourceName": "name",
                        "targetName": "name"
                      },
                      {
                        "sourceName": "ref",
                        "targetName": "ref",
                        "isObject": true,
                        "childMappings": [
                          {
                            "sourceName": "code",
                            "targetName": "code"
                          }
                        ]
                      }
                    ]
                  },
                  {
                    "sourceName": "country",
                    "targetName": "country",
                    "isObject": true,
                    "childMappings": [
                      {
                        "sourceName": "code",
                        "targetName": "code"
                      }
                    ]
                  },
                  {
                    "sourceName": "postCode",
                    "targetName": "postCode"
                  },
                  {
                    "sourceName": "postBoxIsWithoutNumber",
                    "targetName": "postBoxIsWithoutNumber"
                  },
                  {
                    "sourceName": "companyPostalCode",
                    "targetName": "companyPostalCode"
                  },
                  {
                    "sourceName": "deliveryServiceNumber",
                    "targetName": "deliveryServiceNumber"
                  },
                  {
                    "sourceName": "additionalCityName",
                    "targetName": "additionalCityName"
                  },
                  {
                    "sourceName": "alternative",
                    "targetName": "alternative",
                    "isObject": true,
                    "childMappings": [
                      {
                        "sourceName": "town",
                        "targetName": "town",
                        "isObject": true,
                        "childMappings": [
                          {
                            "sourceName": "name",
                            "targetName": "name"
                          },
                          {
                            "sourceName": "ref",
                            "targetName": "ref",
                            "isObject": true,
                            "childMappings": [
                              {
                                "sourceName": "code",
                                "targetName": "code"
                              }
                            ]
                          }
                        ]
                      },
                      {
                        "sourceName": "district",
                        "targetName": "district",
                        "isObject": true,
                        "childMappings": [
                          {
                            "sourceName": "name",
                            "targetName": "name"
                          },
                          {
                            "sourceName": "ref",
                            "targetName": "ref",
                            "isObject": true,
                            "childMappings": [
                              {
                                "sourceName": "code",
                                "targetName": "code"
                              }
                            ]
                          }
                        ]
                      },
                      {
                        "sourceName": "primaryRegion",
                        "targetName": "primaryRegion",
                        "isObject": true,
                        "childMappings": [
                          {
                            "sourceName": "code",
                            "targetName": "code"
                          }
                        ]
                      },
                      {
                        "sourceName": "secondaryRegion",
                        "targetName": "secondaryRegion",
                        "isObject": true,
                        "childMappings": [
                          {
                            "sourceName": "name",
                            "targetName": "name"
                          },
                          {
                            "sourceName": "ref",
                            "targetName": "ref",
                            "isObject": true,
                            "childMappings": [
                              {
                                "sourceName": "code",
                                "targetName": "code"
                              }
                            ]
                          }
                        ]
                      },
                      {
                        "sourceName": "tertiaryRegion",
                        "targetName": "tertiaryRegion",
                        "isObject": true,
                        "childMappings": [
                          {
                            "sourceName": "name",
                            "targetName": "name"
                          },
                          {
                            "sourceName": "ref",
                            "targetName": "ref",
                            "isObject": true,
                            "childMappings": [
                              {
                                "sourceName": "code",
                                "targetName": "code"
                              }
                            ]
                          }
                        ]
                      },
                      {
                        "sourceName": "country",
                        "targetName": "country",
                        "isObject": true,
                        "childMappings": [
                          {
                            "sourceName": "code",
                            "targetName": "code"
                          }
                        ]
                      },
                      {
                        "sourceName": "postCode",
                        "targetName": "postCode"
                      },
                      {
                        "sourceName": "deliveryType",
                        "targetName": "deliveryType",
                        "isObject": true,
                        "childMappings": [
                          {
                            "sourceName": "code",
                            "targetName": "code"
                          }
                        ]
                      },
                      {
                        "sourceName": "deliveryServiceType",
                        "targetName": "deliveryServiceType"
                      },
                      {
                        "sourceName": "deliveryServiceQualifier",
                        "targetName": "deliveryServiceQualifier"
                      },
                      {
                        "sourceName": "deliveryServiceIdentifier",
                        "targetName": "deliveryServiceIdentifier"
                      }
                    ]
                  },
                  {
                    "sourceName": "timeZone",
                    "targetName": "timeZone",
                    "isObject": true,
                    "childMappings": [
                      {
                        "sourceName": "code",
                        "targetName": "code"
                      }
                    ]
                  },
                  {
                    "sourceName": "transportationZone",
                    "targetName": "transportationZone",
                    "isObject": true,
                    "childMappings": [
                      {
                        "sourceName": "country",
                        "targetName": "country",
                        "isObject": true,
                        "childMappings": [
                          {
                            "sourceName": "code",
                            "targetName": "code"
                          }
                        ]
                      },
                      {
                        "sourceName": "code",
                        "targetName": "code"
                      }
                    ]
                  },
                  {
                    "sourceName": "taxJurisdiction",
                    "targetName": "taxJurisdiction",
                    "isObject": true,
                    "childMappings": [
                      {
                        "sourceName": "code",
                        "targetName": "code"
                      }
                    ]
                  },
                  {
                    "sourceName": "scriptVariants",
                    "targetName": "scriptVariants",
                    "customTransformer": "com.sap.ariba.erpintegration.service.mds.transform.common.OneToManyAssociationTransformer",
                    "childMappings": [
                      {
                        "sourceName": "scriptCode",
                        "targetName": "SKIP_LEVEL",
                        "isObject": true,
                        "childMappings": [
                          {
                            "sourceName": "code",
                            "targetName": "scriptCode_code"
                          }
                        ]
                      },
                      {
                        "sourceName": "formOfAddress",
                        "targetName": "formOfAddress",
                        "isObject": true,
                        "childMappings": [
                          {
                            "sourceName": "code",
                            "targetName": "code"
                          }
                        ]
                      },
                      {
                        "sourceName": "formattedOrgNameLine1",
                        "targetName": "formattedOrgNameLine1"
                      },
                      {
                        "sourceName": "formattedOrgNameLine2",
                        "targetName": "formattedOrgNameLine2"
                      },
                      {
                        "sourceName": "formattedOrgNameLine3",
                        "targetName": "formattedOrgNameLine3"
                      },
                      {
                        "sourceName": "formattedOrgNameLine4",
                        "targetName": "formattedOrgNameLine4"
                      },
                      {
                        "sourceName": "formattedOrgName",
                        "targetName": "formattedOrgName"
                      },
                      {
                        "sourceName": "building",
                        "targetName": "building"
                      },
                      {
                        "sourceName": "floor",
                        "targetName": "floor"
                      },
                      {
                        "sourceName": "door",
                        "targetName": "door"
                      },
                      {
                        "sourceName": "careOf",
                        "targetName": "careOf"
                      },
                      {
                        "sourceName": "streetPrefix1",
                        "targetName": "streetPrefix1"
                      },
                      {
                        "sourceName": "streetPrefix2",
                        "targetName": "streetPrefix2"
                      },
                      {
                        "sourceName": "street",
                        "targetName": "street",
                        "isObject": true,
                        "childMappings": [
                          {
                            "sourceName": "name",
                            "targetName": "name"
                          },
                          {
                            "sourceName": "ref",
                            "targetName": "ref",
                            "isObject": true,
                            "childMappings": [
                              {
                                "sourceName": "code",
                                "targetName": "code"
                              }
                            ]
                          }
                        ]
                      },
                      {
                        "sourceName": "streetSuffix1",
                        "targetName": "streetSuffix1"
                      },
                      {
                        "sourceName": "streetSuffix2",
                        "targetName": "streetSuffix2"
                      },
                      {
                        "sourceName": "houseNumber",
                        "targetName": "houseNumber"
                      },
                      {
                        "sourceName": "houseNumberSupplement",
                        "targetName": "houseNumberSupplement"
                      },
                      {
                        "sourceName": "town",
                        "targetName": "town",
                        "isObject": true,
                        "childMappings": [
                          {
                            "sourceName": "name",
                            "targetName": "name"
                          },
                          {
                            "sourceName": "ref",
                            "targetName": "ref",
                            "isObject": true,
                            "childMappings": [
                              {
                                "sourceName": "code",
                                "targetName": "code"
                              }
                            ]
                          }
                        ]
                      },
                      {
                        "sourceName": "district",
                        "targetName": "district",
                        "isObject": true,
                        "childMappings": [
                          {
                            "sourceName": "name",
                            "targetName": "name"
                          },
                          {
                            "sourceName": "ref",
                            "targetName": "ref",
                            "isObject": true,
                            "childMappings": [
                              {
                                "sourceName": "code",
                                "targetName": "code"
                              }
                            ]
                          }
                        ]
                      },
                      {
                        "sourceName": "primaryRegion",
                        "targetName": "primaryRegion",
                        "isObject": true,
                        "childMappings": [
                          {
                            "sourceName": "code",
                            "targetName": "code"
                          }
                        ]
                      },
                      {
                        "sourceName": "secondaryRegion",
                        "targetName": "secondaryRegion",
                        "isObject": true,
                        "childMappings": [
                          {
                            "sourceName": "name",
                            "targetName": "name"
                          },
                          {
                            "sourceName": "ref",
                            "targetName": "ref",
                            "isObject": true,
                            "childMappings": [
                              {
                                "sourceName": "code",
                                "targetName": "code"
                              }
                            ]
                          }
                        ]
                      },
                      {
                        "sourceName": "tertiaryRegion",
                        "targetName": "tertiaryRegion",
                        "isObject": true,
                        "childMappings": [
                          {
                            "sourceName": "name",
                            "targetName": "name"
                          },
                          {
                            "sourceName": "ref",
                            "targetName": "ref",
                            "isObject": true,
                            "childMappings": [
                              {
                                "sourceName": "code",
                                "targetName": "code"
                              }
                            ]
                          }
                        ]
                      },
                      {
                        "sourceName": "country",
                        "targetName": "country",
                        "isObject": true,
                        "childMappings": [
                          {
                            "sourceName": "code",
                            "targetName": "code"
                          }
                        ]
                      },
                      {
                        "sourceName": "postCode",
                        "targetName": "postCode"
                      },
                      {
                        "sourceName": "postBoxIsWithoutNumber",
                        "targetName": "postBoxIsWithoutNumber"
                      },
                      {
                        "sourceName": "companyPostalCode",
                        "targetName": "companyPostalCode"
                      },
                      {
                        "sourceName": "deliveryServiceNumber",
                        "targetName": "deliveryServiceNumber"
                      },
                      {
                        "sourceName": "additionalCityName",
                        "targetName": "additionalCityName"
                      },
                      {
                        "sourceName": "alternative",
                        "targetName": "alternative",
                        "isObject": true,
                        "childMappings": [
                          {
                            "sourceName": "town",
                            "targetName": "town",
                            "isObject": true,
                            "childMappings": [
                              {
                                "sourceName": "name",
                                "targetName": "name"
                              },
                              {
                                "sourceName": "ref",
                                "targetName": "ref",
                                "isObject": true,
                                "childMappings": [
                                  {
                                    "sourceName": "code",
                                    "targetName": "code"
                                  }
                                ]
                              }
                            ]
                          },
                          {
                            "sourceName": "district",
                            "targetName": "district",
                            "isObject": true,
                            "childMappings": [
                              {
                                "sourceName": "name",
                                "targetName": "name"
                              },
                              {
                                "sourceName": "ref",
                                "targetName": "ref",
                                "isObject": true,
                                "childMappings": [
                                  {
                                    "sourceName": "code",
                                    "targetName": "code"
                                  }
                                ]
                              }
                            ]
                          },
                          {
                            "sourceName": "primaryRegion",
                            "targetName": "primaryRegion",
                            "isObject": true,
                            "childMappings": [
                              {
                                "sourceName": "code",
                                "targetName": "code"
                              }
                            ]
                          },
                          {
                            "sourceName": "secondaryRegion",
                            "targetName": "secondaryRegion",
                            "isObject": true,
                            "childMappings": [
                              {
                                "sourceName": "name",
                                "targetName": "name"
                              },
                              {
                                "sourceName": "ref",
                                "targetName": "ref",
                                "isObject": true,
                                "childMappings": [
                                  {
                                    "sourceName": "code",
                                    "targetName": "code"
                                  }
                                ]
                              }
                            ]
                          },
                          {
                            "sourceName": "tertiaryRegion",
                            "targetName": "tertiaryRegion",
                            "isObject": true,
                            "childMappings": [
                              {
                                "sourceName": "name",
                                "targetName": "name"
                              },
                              {
                                "sourceName": "ref",
                                "targetName": "ref",
                                "isObject": true,
                                "childMappings": [
                                  {
                                    "sourceName": "code",
                                    "targetName": "code"
                                  }
                                ]
                              }
                            ]
                          },
                          {
                            "sourceName": "country",
                            "targetName": "country",
                            "isObject": true,
                            "childMappings": [
                              {
                                "sourceName": "code",
                                "targetName": "code"
                              }
                            ]
                          },
                          {
                            "sourceName": "postCode",
                            "targetName": "postCode"
                          },
                          {
                            "sourceName": "deliveryType",
                            "targetName": "deliveryType",
                            "isObject": true,
                            "childMappings": [
                              {
                                "sourceName": "code",
                                "targetName": "code"
                              }
                            ]
                          },
                          {
                            "sourceName": "deliveryServiceType",
                            "targetName": "deliveryServiceType"
                          },
                          {
                            "sourceName": "deliveryServiceQualifier",
                            "targetName": "deliveryServiceQualifier"
                          },
                          {
                            "sourceName": "deliveryServiceIdentifier",
                            "targetName": "deliveryServiceIdentifier"
                          }
                        ]
                      },
                      {
                        "sourceName": "timeZone",
                        "targetName": "timeZone",
                        "isObject": true,
                        "childMappings": [
                          {
                            "sourceName": "code",
                            "targetName": "code"
                          }
                        ]
                      },
                      {
                        "sourceName": "transportationZone",
                        "targetName": "transportationZone",
                        "isObject": true,
                        "childMappings": [
                          {
                            "sourceName": "country",
                            "targetName": "country",
                            "isObject": true,
                            "childMappings": [
                              {
                                "sourceName": "code",
                                "targetName": "code"
                              }
                            ]
                          },
                          {
                            "sourceName": "code",
                            "targetName": "code"
                          }
                        ]
                      },
                      {
                        "sourceName": "taxJurisdiction",
                        "targetName": "taxJurisdiction",
                        "isObject": true,
                        "childMappings": [
                          {
                            "sourceName": "code",
                            "targetName": "code"
                          }
                        ]
                      }
                    ]
                  },
                  {
                    "sourceName": "communicationData",
                    "targetName": "communicationData",
                    "customTransformer": "com.sap.ariba.erpintegration.service.mds.transform.common.OneToManyAssociationTransformer",
                    "childMappings": [
                      {
                        "sourceName": "communicationPreferences",
                        "targetName": "communicationPreferences",
                        "isObject": true,
                        "childMappings": [
                          {
                            "sourceName": "nonVerbalCommunicationLanguage",
                            "targetName": "nonVerbalCommunicationLanguage",
                            "isObject": true,
                            "childMappings": [
                              {
                                "sourceName": "code",
                                "targetName": "code"
                              }
                            ]
                          }
                        ]
                      },
                      {
                        "sourceName": "emailAddresses",
                        "targetName": "emailAddresses",
                        "customTransformer": "com.sap.ariba.erpintegration.service.mds.transform.common.OneToManyAssociationTransformer",
                        "childMappings": [
                          {
                            "sourceName": "id",
                            "targetName": "id"
                          },
                          {
                            "sourceName": "validFrom",
                            "targetName": "validFrom",
                            "customTransformer": "com.sap.ariba.erpintegration.service.mds.transform.common.MdcsDateTransformer"
                          },
                          {
                            "sourceName": "validTo",
                            "targetName": "validTo",
                            "customTransformer": "com.sap.ariba.erpintegration.service.mds.transform.common.MdcsDateTransformer"
                          },
                          {
                            "sourceName": "remark_content_CUSTOM",
                            "targetName": "remark",
                            "customTransformer": "com.sap.ariba.erpintegration.service.cap.transform.common.MdcsDefaultLocaleValueTransformer"
                          },
                          {
                            "sourceName": "remark",
                            "targetName": "texts",
                            "customTransformer": "com.sap.ariba.erpintegration.service.mds.transform.common.OneToManyAssociationTransformer",
                            "childMappings": [
                              {
                                "sourceName": "lang",
                                "targetName": "locale",
                                "customTransformer": "com.sap.ariba.erpintegration.service.mds.transform.common.LowerCaseTextTransformer"
                              },
                              {
                                "sourceName": "content",
                                "targetName": "remark"
                              }
                            ]
                          },
                          {
                            "sourceName": "usageDeniedIndicator",
                            "targetName": "usageDeniedIndicator"
                          },
                          {
                            "sourceName": "address",
                            "targetName": "address"
                          },
                          {
                            "sourceName": "isDefault",
                            "targetName": "isDefault",
                            "customTransformer": "com.sap.ariba.erpintegration.service.mds.transform.common.OneToManyAssociationTransformer",
                            "childMappings": [
                              {
                                "sourceName": "id_CUSTOM",
                                "targetName": "id",
                                "customTransformer": "com.sap.ariba.erpintegration.service.mds.transform.common.MdcsTemporalDateIdTransformer"
                              },
                              {
                                "sourceName": "valid_from",
                                "targetName": "validFrom",
                                "customTransformer": "com.sap.ariba.erpintegration.service.mds.transform.common.MdcsDateTransformer"
                              },
                              {
                                "sourceName": "valid_to",
                                "targetName": "validTo",
                                "customTransformer": "com.sap.ariba.erpintegration.service.mds.transform.common.MdcsDateTransformer"
                              },
                              {
                                "sourceName": "content",
                                "targetName": "content"
                              }
                            ]
                          }
                        ]
                      },
                      {
                        "sourceName": "phoneNumbers",
                        "targetName": "phoneNumbers",
                        "customTransformer": "com.sap.ariba.erpintegration.service.mds.transform.common.OneToManyAssociationTransformer",
                        "childMappings": [
                          {
                            "sourceName": "id",
                            "targetName": "id"
                          },
                          {
                            "sourceName": "validFrom",
                            "targetName": "validFrom",
                            "customTransformer": "com.sap.ariba.erpintegration.service.mds.transform.common.MdcsDateTransformer"
                          },
                          {
                            "sourceName": "validTo",
                            "targetName": "validTo",
                            "customTransformer": "com.sap.ariba.erpintegration.service.mds.transform.common.MdcsDateTransformer"
                          },
                          {
                            "sourceName": "remark_content_CUSTOM",
                            "targetName": "remark",
                            "customTransformer": "com.sap.ariba.erpintegration.service.cap.transform.common.MdcsDefaultLocaleValueTransformer"
                          },
                          {
                            "sourceName": "remark",
                            "targetName": "texts",
                            "customTransformer": "com.sap.ariba.erpintegration.service.mds.transform.common.OneToManyAssociationTransformer",
                            "childMappings": [
                              {
                                "sourceName": "lang",
                                "targetName": "locale",
                                "customTransformer": "com.sap.ariba.erpintegration.service.mds.transform.common.LowerCaseTextTransformer"
                              },
                              {
                                "sourceName": "content",
                                "targetName": "remark"
                              }
                            ]
                          },
                          {
                            "sourceName": "usageDeniedIndicator",
                            "targetName": "usageDeniedIndicator"
                          },
                          {
                            "sourceName": "country",
                            "targetName": "country",
                            "isObject": true,
                            "childMappings": [
                              {
                                "sourceName": "code",
                                "targetName": "code"
                              }
                            ]
                          },
                          {
                            "sourceName": "number",
                            "targetName": "number"
                          },
                          {
                            "sourceName": "numberExtension",
                            "targetName": "numberExtension"
                          },
                          {
                            "sourceName": "smsEnabledIndicator",
                            "targetName": "smsEnabledIndicator"
                          },
                          {
                            "sourceName": "isDefaultMobile",
                            "targetName": "isDefaultMobile",
                            "customTransformer": "com.sap.ariba.erpintegration.service.mds.transform.common.OneToManyAssociationTransformer",
                            "childMappings": [
                              {
                                "sourceName": "id_CUSTOM",
                                "targetName": "id",
                                "customTransformer": "com.sap.ariba.erpintegration.service.mds.transform.common.MdcsTemporalDateIdTransformer"
                              },
                              {
                                "sourceName": "valid_from",
                                "targetName": "validFrom",
                                "customTransformer": "com.sap.ariba.erpintegration.service.mds.transform.common.MdcsDateTransformer"
                              },
                              {
                                "sourceName": "valid_to",
                                "targetName": "validTo",
                                "customTransformer": "com.sap.ariba.erpintegration.service.mds.transform.common.MdcsDateTransformer"
                              },
                              {
                                "sourceName": "content",
                                "targetName": "content"
                              }
                            ]
                          },
                          {
                            "sourceName": "isDefaultLandline",
                            "targetName": "isDefaultLandline",
                            "customTransformer": "com.sap.ariba.erpintegration.service.mds.transform.common.OneToManyAssociationTransformer",
                            "childMappings": [
                              {
                                "sourceName": "id_CUSTOM",
                                "targetName": "id",
                                "customTransformer": "com.sap.ariba.erpintegration.service.mds.transform.common.MdcsTemporalDateIdTransformer"
                              },
                              {
                                "sourceName": "valid_from",
                                "targetName": "validFrom",
                                "customTransformer": "com.sap.ariba.erpintegration.service.mds.transform.common.MdcsDateTransformer"
                              },
                              {
                                "sourceName": "valid_to",
                                "targetName": "validTo",
                                "customTransformer": "com.sap.ariba.erpintegration.service.mds.transform.common.MdcsDateTransformer"
                              },
                              {
                                "sourceName": "content",
                                "targetName": "content"
                              }
                            ]
                          }
                        ]
                      },
                      {
                        "sourceName": "faxNumbers",
                        "targetName": "faxNumbers",
                        "customTransformer": "com.sap.ariba.erpintegration.service.mds.transform.common.OneToManyAssociationTransformer",
                        "childMappings": [
                          {
                            "sourceName": "id",
                            "targetName": "id"
                          },
                          {
                            "sourceName": "validFrom",
                            "targetName": "validFrom",
                            "customTransformer": "com.sap.ariba.erpintegration.service.mds.transform.common.MdcsDateTransformer"
                          },
                          {
                            "sourceName": "validTo",
                            "targetName": "validTo",
                            "customTransformer": "com.sap.ariba.erpintegration.service.mds.transform.common.MdcsDateTransformer"
                          },
                          {
                            "sourceName": "remark_content_CUSTOM",
                            "targetName": "remark",
                            "customTransformer": "com.sap.ariba.erpintegration.service.cap.transform.common.MdcsDefaultLocaleValueTransformer"
                          },
                          {
                            "sourceName": "remark",
                            "targetName": "texts",
                            "customTransformer": "com.sap.ariba.erpintegration.service.mds.transform.common.OneToManyAssociationTransformer",
                            "childMappings": [
                              {
                                "sourceName": "lang",
                                "targetName": "locale",
                                "customTransformer": "com.sap.ariba.erpintegration.service.mds.transform.common.LowerCaseTextTransformer"
                              },
                              {
                                "sourceName": "content",
                                "targetName": "remark"
                              }
                            ]
                          },
                          {
                            "sourceName": "usageDeniedIndicator",
                            "targetName": "usageDeniedIndicator"
                          },
                          {
                            "sourceName": "country",
                            "targetName": "country",
                            "isObject": true,
                            "childMappings": [
                              {
                                "sourceName": "code",
                                "targetName": "code"
                              }
                            ]
                          },
                          {
                            "sourceName": "number",
                            "targetName": "number"
                          },
                          {
                            "sourceName": "numberExtension",
                            "targetName": "numberExtension"
                          },
                          {
                            "sourceName": "isDefault",
                            "targetName": "isDefault",
                            "customTransformer": "com.sap.ariba.erpintegration.service.mds.transform.common.OneToManyAssociationTransformer",
                            "childMappings": [
                              {
                                "sourceName": "id_CUSTOM",
                                "targetName": "id",
                                "customTransformer": "com.sap.ariba.erpintegration.service.mds.transform.common.MdcsTemporalDateIdTransformer"
                              },
                              {
                                "sourceName": "valid_from",
                                "targetName": "validFrom",
                                "customTransformer": "com.sap.ariba.erpintegration.service.mds.transform.common.MdcsDateTransformer"
                              },
                              {
                                "sourceName": "valid_to",
                                "targetName": "validTo",
                                "customTransformer": "com.sap.ariba.erpintegration.service.mds.transform.common.MdcsDateTransformer"
                              },
                              {
                                "sourceName": "content",
                                "targetName": "content"
                              }
                            ]
                          }
                        ]
                      },
                      {
                        "sourceName": "websites",
                        "targetName": "websites",
                        "customTransformer": "com.sap.ariba.erpintegration.service.mds.transform.common.OneToManyAssociationTransformer",
                        "childMappings": [
                          {
                            "sourceName": "id",
                            "targetName": "id"
                          },
                          {
                            "sourceName": "url",
                            "targetName": "url"
                          },
                          {
                            "sourceName": "uriType",
                            "targetName": "uriType"
                          },
                          {
                            "sourceName": "remark_content_CUSTOM",
                            "targetName": "remark",
                            "customTransformer": "com.sap.ariba.erpintegration.service.cap.transform.common.MdcsDefaultLocaleValueTransformer"
                          },
                          {
                            "sourceName": "remark",
                            "targetName": "texts",
                            "customTransformer": "com.sap.ariba.erpintegration.service.mds.transform.common.OneToManyAssociationTransformer",
                            "childMappings": [
                              {
                                "sourceName": "lang",
                                "targetName": "locale",
                                "customTransformer": "com.sap.ariba.erpintegration.service.mds.transform.common.LowerCaseTextTransformer"
                              },
                              {
                                "sourceName": "content",
                                "targetName": "remark"
                              }
                            ]
                          }
                        ]
                      }
                    ]
                  }
                ]
              }
            ]
          },
          {
            "sourceName": "localIds",
            "targetName": "localIdMappings",
            "customTransformer": "com.sap.ariba.erpintegration.service.mds.transform.common.OneToManyAssociationTransformer",
            "childMappings": [
              {
                "sourceName": "context",
                "targetName": "SKIP_LEVEL",
                "isObject": true,
                "childMappings": [
                  {
                    "sourceName": "application",
                    "targetName": "application"
                  },
                  {
                    "sourceName": "tenant",
                    "targetName": "tenant"
                  },
                  {
                    "sourceName": "type",
                    "targetName": "type"
                  },
                  {
                    "sourceName": "additionalContext",
                    "targetName": "additionalContext"
                  }
                ]
              },
              {
                "sourceName": "status",
                "targetName": "status"
              },
              {
                "sourceName": "localId",
                "targetName": "localId"
              }
            ]
          },
          {
            "sourceName": "Active_CUSTOM",
            "targetName": "BaseFields.IsActive",
            "customTransformer": "com.sap.ariba.erpintegration.service.cap.transform.common.MDIToMdcsActiveFieldTransformer"
          },
          {
            "sourceName": "DeleteId_CUSTOM",
            "targetName": "id",
            "customTransformer": "com.sap.ariba.erpintegration.service.cap.transform.common.MDIToMdcsDeleteIdTransformer"
          },
          {
            "sourceName": "SystemId_CUSTOM",
            "targetName": "SystemId",
            "customTransformer": "com.sap.ariba.erpintegration.mdi.common.transform.transformer.SystemIDTransformer"
          },
          {
            "sourceName": "SenderBusinessSystemId_CUSTOM",
            "targetName": "SenderBusinessSystemId",
            "customTransformer": "com.sap.ariba.erpintegration.service.cap.transform.businesspartner.BusinessSystemIdTransformer"
          }
        ]
      }
    ]
  }
]
