[
  {
    "sourceType": "mdni",
    "targetType": "mdcs",
    "entityMappings": [
      {
        "entityName": "AdjustmentType",
        "fieldMappings": [
          {
            "sourceName": "UniqueName",
            "targetName": "UniqueName"
          },
          {
            "sourceName": "SystemId_CUSTOM",
            "targetName": "SystemId",
            "customTransformer": "com.sap.ariba.erpintegration.mdi.common.transform.transformer.SystemIDTransformer"
          },
          {
            "sourceName": "SenderBusinessSystemId",
            "targetName": "SenderBusinessSystemId"
          },
          {
            "sourceName": "TimeCreated",
            "targetName": "Created",
            "customTransformer": "com.sap.ariba.erpintegration.service.mds.transform.common.MDNIDateTransformer"
          },
          {
            "sourceName": "TimeUpdated",
            "targetName": "Updated",
            "customTransformer": "com.sap.ariba.erpintegration.service.mds.transform.common.MDNIDateTransformer"
          },
          {
            "sourceName": "ActionCode",
            "targetName": "BaseFields.IsActive",
            "customTransformer" : "com.sap.ariba.erpintegration.service.cap.transform.common.IsActiveTransformer"
          },
          {
            "sourceName": "GeneralLedger",
            "targetName": "SKIP_LEVEL",
            "isObject": true,
            "childMappings": [
              {
                "sourceName": "UniqueName",
                "targetName": "GLAccount"
              },
              {
                "sourceName": "CompanyCode",
                "targetName": "CompanyCode"
              }
            ]
          },
          {
            "sourceName": "Description",
            "targetName": "Description"
          },
          {
            "sourceName": "Category",
            "targetName": "Category"
          },
          {
            "sourceName": "Name",
            "targetName": "texts",
            "isArray": true,
            "customTransformer": "com.sap.ariba.erpintegration.service.cap.transform.common.LocalizedTransformer",
            "childMappings": [
              {
                "sourceName": "languageCode",
                "targetName": "locale",
                "customTransformer": "com.sap.ariba.erpintegration.service.mds.transform.common.LowerCaseTextTransformer"
              },
              {
                "sourceName": "content",
                "targetName": "Name"
              }
            ]
          },
          {
            "sourceName": "Name_content_CUSTOM",
            "targetName": "Name",
            "customTransformer": "com.sap.ariba.erpintegration.service.cap.transform.common.DefaultLocaleValueTransformer"
          }
        ]
      }
    ]
  }
]
