[
  {
    "sourceType": "mdni",
    "targetType": "mdcs",
    "entityMappings": [
      {
        "entityName": "Asset",
        "fieldMappings": [
          {
            "sourceName": "SystemId_CUSTOM",
            "targetName": "SystemId",
            "customTransformer": "com.sap.ariba.erpintegration.mdi.common.transform.transformer.SystemIDTransformer"
          },
          {
            "sourceName": "SenderBusinessSystemId",
            "targetName": "SenderBusinessSystemId"
          },
          {
            "sourceName": "TimeCreated",
            "targetName": "Created",
            "customTransformer": "com.sap.ariba.erpintegration.service.mds.transform.common.MDNIDateTransformer"
          },
          {
            "sourceName": "TimeUpdated",
            "targetName": "Updated",
            "customTransformer": "com.sap.ariba.erpintegration.service.mds.transform.common.MDNIDateTransformer"
          },
          {
            "sourceName": "ActionCode",
            "targetName": "BaseFields.IsActive",
            "customTransformer" : "com.sap.ariba.erpintegration.service.cap.transform.common.IsActiveTransformer"
          },
          {
            "sourceName": "FixedAssetKey",
            "targetName": "SKIP_LEVEL",
            "childMappings": [
              {
                "sourceName": "FixedAssetID",
                "targetName": "FixedAssetID"
              },
              {
                "sourceName": "MasterFixedAssetID",
                "targetName": "MasterFixedAssetID"
              },
              {
                "sourceName": "CompanyCodeID",
                "targetName": "CompanyCodeID"
              }
            ]
          },
          {
            "sourceName": "AssetClassName",
            "targetName": "AssetClassName"
          }
        ]
      }
    ]
  }
  ]