[
  {
    "sourceType": "mdi",
    "targetType": "mdcs_mdni",
    "entityMappings": [
      {
        "entityName": "BusinessPartnerRelationship",
        "fieldMappings": [
          {
            "sourceName": "instance",
            "targetName": "instance",
            "customTransformer": "com.sap.ariba.erpintegration.mdi.common.transform.transformer.SimpleNodeTranformer"
          },
          {
            "sourceName": "localIds",
            "targetName": "localIds",
            "customTransformer": "com.sap.ariba.erpintegration.mdi.common.transform.transformer.SimpleNodeTranformer"
          },
          {
            "sourceName": "event",
            "targetName": "event",
            "customTransformer": "com.sap.ariba.erpintegration.mdi.common.transform.transformer.SimpleNodeTranformer"
          },
          {
            "sourceName": "id",
            "targetName": "id",
            "customTransformer": "com.sap.ariba.erpintegration.mdi.common.transform.transformer.SimpleNodeTranformer"
          }
        ]
      }
    ]
  },
  {
    "sourceType": "mdni",
    "targetType": "mdcs_odm",
    "entityMappings": [
      {
        "entityName": "BusinessPartnerRelationship",
        "fieldMappings": [
          {
            "sourceName": "instance",
            "targetName": "SKIP_LEVEL",
            "childMappings": [
              {
                "sourceName": "id",
                "targetName": "id"
              },
              {
                "sourceName": "SystemId_CUSTOM",
                "targetName": "SystemId",
                "customTransformer": "com.sap.ariba.erpintegration.mdi.common.transform.transformer.SystemIDTransformer"
              },
              {
                "sourceName": "validFrom",
                "targetName": "validFrom"
              },
              {
                "sourceName": "validTo",
                "targetName": "validTo"
              },
              {
                "sourceName": "status",
                "targetName": "SKIP_LEVEL",
                "isObject": true,
                "childMappings": [
                  {
                    "sourceName": "code",
                    "targetName": "status_code"
                  }
                ]
              },
              {
                "sourceName": "isDefaultTarget",
                "targetName": "isDefaultTarget"
              },
              {
                "sourceName": "relationshipSource",
                "targetName": "SKIP_LEVEL",
                "isObject": true,
                "childMappings": [
                  {
                    "sourceName": "id",
                    "targetName": "relationshipSource_id"
                  }
                ]
              },
              {
                "sourceName": "relationshipTarget",
                "targetName": "SKIP_LEVEL",
                "isObject": true,
                "childMappings": [
                  {
                    "sourceName": "id",
                    "targetName": "relationshipTarget_id"
                  }
                ]
              },
              {
                "sourceName": "category",
                "targetName": "SKIP_LEVEL",
                "isObject": true,
                "childMappings": [
                  {
                    "sourceName": "code",
                    "targetName": "category_code"
                  }
                ]
              },
              {
                "sourceName": "contactPersonInformation",
                "targetName": "contactPersonInformation",
                "customTransformer": "com.sap.ariba.erpintegration.service.mds.transform.common.OneToManyAssociationTransformer",
                "childMappings": [
                  {
                    "sourceName": "vipReasonCode",
                    "targetName": "SKIP_LEVEL",
                    "isObject": true,
                    "childMappings": [
                      {
                        "sourceName": "code",
                        "targetName": "vipReasonCode_code"
                      }
                    ]
                  },
                  {
                    "sourceName": "note",
                    "targetName": "note"
                  },
                  {
                    "sourceName": "powerOfAttorneyTypeCode",
                    "targetName": "SKIP_LEVEL",
                    "isObject": true,
                    "childMappings": [
                      {
                        "sourceName": "code",
                        "targetName": "powerOfAttorneyTypeCode_code"
                      }
                    ]
                  },
                  {
                    "sourceName": "functionalTitle",
                    "targetName": "SKIP_LEVEL",
                    "isObject": true,
                    "childMappings": [
                      {
                        "sourceName": "code",
                        "targetName": "functionalTitle_code"
                      }
                    ]
                  },
                  {
                    "sourceName": "department",
                    "targetName": "SKIP_LEVEL",
                    "isObject": true,
                    "childMappings": [
                      {
                        "sourceName": "code",
                        "targetName": "department_code"
                      }
                    ]
                  },
                  {
                    "sourceName": "address",
                    "targetName": "address",
                    "customTransformer": "com.sap.ariba.erpintegration.service.mds.transform.common.OneToManyAssociationTransformer",
                    "childMappings": [
                      {
                        "sourceName": "id",
                        "targetName": "id"
                      },
                      {
                        "sourceName": "isDefault",
                        "targetName": "isDefault"
                      },
                      {
                        "sourceName": "emailAddresses",
                        "targetName": "emailAddresses",
                        "customTransformer": "com.sap.ariba.erpintegration.service.mds.transform.common.OneToManyAssociationTransformer",
                        "childMappings": [
                          {
                            "sourceName": "id",
                            "targetName": "id"
                          },
                          {
                            "sourceName": "isDefault",
                            "targetName": "isDefault"
                          },
                          {
                            "sourceName": "remark_content_CUSTOM",
                            "targetName": "remark",
                            "customTransformer": "com.sap.ariba.erpintegration.service.cap.transform.common.MdcsDefaultLocaleValueTransformer"
                          },
                          {
                            "sourceName": "validFrom",
                            "targetName": "validFrom"
                          },
                          {
                            "sourceName": "validTo",
                            "targetName": "validTo"
                          },
                          {
                            "sourceName": "usageDeniedIndicator",
                            "targetName": "usageDeniedIndicator"
                          },
                          {
                            "sourceName": "address",
                            "targetName": "address"
                          }
                        ]
                      },
                      {
                        "sourceName": "faxNumbers",
                        "targetName": "faxNumbers",
                        "customTransformer": "com.sap.ariba.erpintegration.service.mds.transform.common.OneToManyAssociationTransformer",
                        "childMappings": [
                          {
                            "sourceName": "id",
                            "targetName": "id"
                          },
                          {
                            "sourceName": "isDefault",
                            "targetName": "isDefault"
                          },
                          {
                            "sourceName": "remark_content_CUSTOM",
                            "targetName": "remark",
                            "customTransformer": "com.sap.ariba.erpintegration.service.cap.transform.common.MdcsDefaultLocaleValueTransformer"
                          },
                          {
                            "sourceName": "country",
                            "targetName": "SKIP_LEVEL",
                            "isObject": true,
                            "childMappings": [
                              {
                                "sourceName": "code",
                                "targetName": "country_code"
                              }
                            ]
                          },
                          {
                            "sourceName": "number",
                            "targetName": "number"
                          },
                          {
                            "sourceName": "numberExtension",
                            "targetName": "numberExtension"
                          },
                          {
                            "sourceName": "validFrom",
                            "targetName": "validFrom"
                          },
                          {
                            "sourceName": "validTo",
                            "targetName": "validTo"
                          },
                          {
                            "sourceName": "usageDeniedIndicator",
                            "targetName": "usageDeniedIndicator"
                          }
                        ]
                      },
                      {
                        "sourceName": "phoneNumbers",
                        "targetName": "phoneNumbers",
                        "customTransformer": "com.sap.ariba.erpintegration.service.mds.transform.common.OneToManyAssociationTransformer",
                        "childMappings": [
                          {
                            "sourceName": "id",
                            "targetName": "id"
                          },
                          {
                            "sourceName": "isDefault",
                            "targetName": "isDefault"
                          },
                          {
                            "sourceName": "remark_content_CUSTOM",
                            "targetName": "remark",
                            "customTransformer": "com.sap.ariba.erpintegration.service.cap.transform.common.MdcsDefaultLocaleValueTransformer"
                          },
                          {
                            "sourceName": "country",
                            "targetName": "SKIP_LEVEL",
                            "isObject": true,
                            "childMappings": [
                              {
                                "sourceName": "code",
                                "targetName": "country_code"
                              }
                            ]
                          },
                          {
                            "sourceName": "number",
                            "targetName": "number"
                          },
                          {
                            "sourceName": "numberExtension",
                            "targetName": "numberExtension"
                          },
                          {
                            "sourceName": "validFrom",
                            "targetName": "validFrom"
                          },
                          {
                            "sourceName": "validTo",
                            "targetName": "validTo"
                          },
                          {
                            "sourceName": "usageDeniedIndicator",
                            "targetName": "usageDeniedIndicator"
                          },
                          {
                            "sourceName": "smsEnabledIndicator",
                            "targetName": "smsEnabledIndicator"
                          },
                          {
                            "sourceName": "isMobile",
                            "targetName": "isMobile"
                          }
                        ]
                      },
                      {
                        "sourceName": "websites",
                        "targetName": "websites",
                        "customTransformer": "com.sap.ariba.erpintegration.service.mds.transform.common.OneToManyAssociationTransformer",
                        "childMappings": [
                          {
                            "sourceName": "id",
                            "targetName": "id"
                          },
                          {
                            "sourceName": "isDefault",
                            "targetName": "isDefault"
                          },
                          {
                            "sourceName": "remark_content_CUSTOM",
                            "targetName": "remark",
                            "customTransformer": "com.sap.ariba.erpintegration.service.cap.transform.common.MdcsDefaultLocaleValueTransformer"
                          },
                          {
                            "sourceName": "validFrom",
                            "targetName": "validFrom"
                          },
                          {
                            "sourceName": "validTo",
                            "targetName": "validTo"
                          },
                          {
                            "sourceName": "uriType",
                            "targetName": "uriType"
                          },
                          {
                            "sourceName": "usageDeniedIndicator",
                            "targetName": "usageDeniedIndicator"
                          },
                          {
                            "sourceName": "url",
                            "targetName": "url"
                          }
                        ]
                      },
                      {
                        "sourceName": "workplace",
                        "targetName": "workplace",
                        "customTransformer": "com.sap.ariba.erpintegration.service.mds.transform.common.OneToManyAssociationTransformer",
                        "childMappings": [
                          {
                            "sourceName": "postalAddress",
                            "targetName": "SKIP_LEVEL",
                            "isObject": true,
                            "childMappings": [
                              {
                                "sourceName": "id",
                                "targetName": "postalAddress_id"
                              },
                              {
                                "sourceName": "organization",
                                "targetName": "SKIP_LEVEL",
                                "isObject": true,
                                "childMappings": [
                                  {
                                    "sourceName": "id",
                                    "targetName": "postalAddress_organization_id"
                                  }
                                ]
                              }
                            ]
                          },
                          {
                            "sourceName": "details",
                            "targetName": "details",
                            "customTransformer": "com.sap.ariba.erpintegration.service.mds.transform.common.OneToManyAssociationTransformer",
                            "childMappings": [
                              {
                                "sourceName": "inhouseMail",
                                "targetName": "inhouseMail"
                              },
                              {
                                "sourceName": "correspondenceShortName",
                                "targetName": "correspondenceShortName"
                              },
                              {
                                "sourceName": "building",
                                "targetName": "building"
                              },
                              {
                                "sourceName": "functionalTitleName",
                                "targetName": "functionalTitleName"
                              },
                              {
                                "sourceName": "floor",
                                "targetName": "floor"
                              },
                              {
                                "sourceName": "room",
                                "targetName": "room"
                              },
                              {
                                "sourceName": "departmentName",
                                "targetName": "departmentName"
                              },
                              {
                                "sourceName": "scriptVariants",
                                "targetName": "scriptVariants",
                                "customTransformer": "com.sap.ariba.erpintegration.service.mds.transform.common.OneToManyAssociationTransformer",
                                "childMappings": [
                                  {
                                    "sourceName": "inhouseMail",
                                    "targetName": "inhouseMail"
                                  },
                                  {
                                    "sourceName": "correspondenceShortName",
                                    "targetName": "correspondenceShortName"
                                  },
                                  {
                                    "sourceName": "building",
                                    "targetName": "building"
                                  },
                                  {
                                    "sourceName": "functionalTitleName",
                                    "targetName": "functionalTitleName"
                                  },
                                  {
                                    "sourceName": "floor",
                                    "targetName": "floor"
                                  },
                                  {
                                    "sourceName": "room",
                                    "targetName": "room"
                                  },
                                  {
                                    "sourceName": "departmentName",
                                    "targetName": "departmentName"
                                  },
                                  {
                                    "sourceName": "scriptCode",
                                    "targetName": "SKIP_LEVEL",
                                    "isObject": true,
                                    "childMappings": [
                                      {
                                        "sourceName": "code",
                                        "targetName": "scriptCode_code"
                                      }
                                    ]
                                  }
                                ]
                              }
                            ]
                          }
                        ]
                      }
                    ]
                  }
                ]
              }
            ]
          },
          {
            "sourceName": "localIds",
            "targetName": "localIdMappings",
            "customTransformer": "com.sap.ariba.erpintegration.service.mds.transform.common.OneToManyAssociationTransformer",
            "childMappings": [
              {
                "sourceName": "context",
                "targetName": "SKIP_LEVEL",
                "isObject": true,
                "childMappings": [
                  {
                    "sourceName": "application",
                    "targetName": "application"
                  },
                  {
                    "sourceName": "tenant",
                    "targetName": "tenant"
                  },
                  {
                    "sourceName": "type",
                    "targetName": "type"
                  },
                  {
                    "sourceName": "additionalContext",
                    "targetName": "additionalContext"
                  }
                ]
              },
              {
                "sourceName": "status",
                "targetName": "status"
              },
              {
                "sourceName": "localId",
                "targetName": "localId"
              }
            ]
          },
          {
            "sourceName": "Active_CUSTOM",
            "targetName": "BaseFields.IsActive",
            "customTransformer": "com.sap.ariba.erpintegration.service.cap.transform.common.MDIToMdcsActiveFieldTransformer"
          },
          {
            "sourceName": "DeleteId_CUSTOM",
            "targetName": "id",
            "customTransformer": "com.sap.ariba.erpintegration.service.cap.transform.common.MDIToMdcsDeleteIdTransformer"
          },
          {
            "sourceName": "SenderBusinessSystemId_CUSTOM",
            "targetName": "SenderBusinessSystemId",
            "customTransformer": "com.sap.ariba.erpintegration.service.cap.transform.businesspartner.BusinessSystemIdTransformer"
          }
        ]
      }
    ]
  }
]
