[
  {
    "sourceType": "mdni",
    "targetType": "mds",
    "entityMappings": [
      {
        "entityName": "CompanyCode",
        "fieldMappings": [
          {
            "sourceName": "CompanyCode",
            "targetName": "CompanyCodeKey.UniqueName"
          },
          {
            "sourceName": "SystemId_CUSTOM",
            "targetName": "CompanyCodeKey.SystemId",
            "customTransformer": "com.sap.ariba.erpintegration.mdi.common.transform.transformer.SystemIDTransformer"
          },
          {
            "sourceName": "PartitionNumber_CUSTOM",
            "targetName": "CompanyCodeKey.PartitionNumber",
            "customTransformer": "com.sap.ariba.erpintegration.service.mds.transform.common.MDNIToMDSPartitionNumberTransformer"
          },
          {
            "sourceName": "SenderBusinessSystemId",
            "targetName": "CompanyCodeKey.SenderBusinessSystemId"
          },
          {
            "sourceName": "TimeCreated",
            "targetName": "BaseFields.TimeCreated",
            "customTransformer": "com.sap.ariba.erpintegration.service.mds.transform.common.MDNIDateTransformer"
          },
          {
            "sourceName": "TimeUpdated",
            "targetName": "BaseFields.TimeUpdated",
            "customTransformer": "com.sap.ariba.erpintegration.service.mds.transform.common.MDNIDateTransformer"
          },
          {
            "sourceName": "IsActive",
            "targetName": "BaseFields.IsActive"
          },
          {
            "sourceName": "CompanyCodeName",
            "targetName": "SAP.Description"
          },
          {
            "sourceName": "FieldStatusVariant",
            "targetName": "SAP.Variant"
          }
        ]
      }
    ]
  },
  {
    "sourceType": "mdni",
    "targetType": "mdcs",
    "entityMappings": [
      {
        "entityName": "CompanyCode",
        "fieldMappings": [
          {
            "sourceName": "CompanyCode",
            "targetName": "CompanyCode"
          },
          {
            "sourceName": "SystemId_CUSTOM",
            "targetName": "SystemId",
            "customTransformer": "com.sap.ariba.erpintegration.mdi.common.transform.transformer.SystemIDTransformer"
          },
          {
            "sourceName": "SenderBusinessSystemId",
            "targetName": "SenderBusinessSystemId"
          },
          {
            "sourceName": "TimeCreated",
            "targetName": "Created",
            "customTransformer": "com.sap.ariba.erpintegration.service.mds.transform.common.MDNIDateTransformer"
          },
          {
            "sourceName": "TimeUpdated",
            "targetName": "Updated",
            "customTransformer": "com.sap.ariba.erpintegration.service.mds.transform.common.MDNIDateTransformer"
          },
          {
            "sourceName": "ActionCode",
            "targetName": "BaseFields.IsActive",
            "customTransformer" : "com.sap.ariba.erpintegration.service.cap.transform.common.IsActiveTransformer"
          },
          {
            "sourceName": "CompanyCodeName",
            "targetName": "CompanyCodeName"
          },
          {
            "sourceName": "VATRegistration",
            "targetName": "VATRegistration"
          },
          {
            "sourceName": "CompanyCodeAddress-CountryName_CompanyCodeAddress-POBoxCountryName_CompanyCodeAddress-Description_CompanyCodeAddress-ConsolidatedLocalizedString",
            "targetName": "ConsolidatedLocalizedString",
            "customTransformer" : "com.sap.ariba.erpintegration.service.cap.transform.companycode.CompanyCodeLocalizedMergeTransformer"
          },
          {
            "sourceName": "LanguageCode",
            "targetName": "LanguageCode"
          },
          {
            "sourceName": "CurrencyCode",
            "targetName": "CurrencyCode"
          },
          {
            "sourceName": "TaxJurisdiction",
            "targetName": "TaxJurisdiction"
          },
          {
            "sourceName": "FieldStatusVariant",
            "targetName": "FieldStatusVariant"
          },
          {
            "sourceName": "CompanyCodeAddress",
            "targetName": "CompanyCodeAddressSubEntityAssociation",
            "isArray": true,
            "customTransformer": "com.sap.ariba.erpintegration.service.mds.transform.common.OneToManyAssociationTransformer",
            "childMappings": [
              {
                "sourceName": "CountryCode",
                "targetName": "CountryCode"
              },
              {
                "sourceName": "RegionCode",
                "targetName": "RegionCode"
              },
              {
                "sourceName": "RegionName",
                "targetName": "RegionName"
              },
              {
                "sourceName": "StreetPostalCode",
                "targetName": "StreetPostalCode"
              },
              {
                "sourceName": "POBoxPostalCode",
                "targetName": "POBoxPostalCode"
              },
              {
                "sourceName": "CompanyPostalCode",
                "targetName": "CompanyPostalCode"
              },
              {
                "sourceName": "CityName",
                "targetName": "CityName"
              },
              {
                "sourceName": "AdditionalCityName",
                "targetName": "AdditionalCityName"
              },
              {
                "sourceName": "DistrictName",
                "targetName": "DistrictName"
              },
              {
                "sourceName": "POBoxID",
                "targetName": "POBoxID"
              },
              {
                "sourceName": "POBoxIndicator",
                "targetName": "POBoxIndicator"
              },
              {
                "sourceName": "POBoxCountryCode",
                "targetName": "POBoxCountryCode"
              },
              {
                "sourceName": "POBoxRegionCode",
                "targetName": "POBoxRegionCode"
              },
              {
                "sourceName": "POBoxRegionName",
                "targetName": "POBoxRegionName"
              },
              {
                "sourceName": "POBoxCityName",
                "targetName": "POBoxCityName"
              },
              {
                "sourceName": "StreetName",
                "targetName": "StreetName"
              },
              {
                "sourceName": "StreetPrefixName",
                "targetName": "StreetPrefixName"
              },
              {
                "sourceName": "StreetSuffixName",
                "targetName": "StreetSuffixName"
              },
              {
                "sourceName": "HouseID",
                "targetName": "HouseID"
              },
              {
                "sourceName": "AdditionalHouseID",
                "targetName": "AdditionalHouseID"
              },
              {
                "sourceName": "BuildingID",
                "targetName": "BuildingID"
              },
              {
                "sourceName": "FloorID",
                "targetName": "FloorID"
              },
              {
                "sourceName": "RoomID",
                "targetName": "RoomID"
              },
              {
                "sourceName": "CareOfName",
                "targetName": "CareOfName"
              },
              {
                "sourceName": "ConsolidatedLocalizedString",
                "targetName": "texts",
                "isArray": true,
                "customTransformer": "com.sap.ariba.erpintegration.service.cap.transform.common.LocalizedTransformer",
                "childMappings": [
                  {
                    "sourceName": "languageCode",
                    "targetName": "locale",
                    "customTransformer": "com.sap.ariba.erpintegration.service.mds.transform.common.LowerCaseTextTransformer"
                  },
                  {
                    "sourceName": "CountryName",
                    "targetName": "CountryName"
                  },
                  {
                    "sourceName": "POBoxCountryName",
                    "targetName": "POBoxCountryName"
                  },
                  {
                    "sourceName": "Description",
                    "targetName": "Description"
                  }
                ]
              },
              {
                "sourceName": "ConsolidatedLocalizedString_CountryName_CUSTOM",
                "targetName": "CountryName",
                "customTransformer": "com.sap.ariba.erpintegration.service.cap.transform.common.DefaultLocaleValueTransformer"
              },
              {
                "sourceName": "ConsolidatedLocalizedString_POBoxCountryName_CUSTOM",
                "targetName": "POBoxCountryName",
                "customTransformer": "com.sap.ariba.erpintegration.service.cap.transform.common.DefaultLocaleValueTransformer"
              },
              {
                "sourceName": "ConsolidatedLocalizedString_Description_CUSTOM",
                "targetName": "Description",
                "customTransformer": "com.sap.ariba.erpintegration.service.cap.transform.common.DefaultLocaleValueTransformer"
              }
            ]
          }
        ]
      }
    ]
  },
	{
	  "sourceType": "mdi",
	  "targetType": "mdni",
	  "entityMappings": [
	    {
	      "entityName": "CompanyCode",
	      "fieldMappings": [
	        {
	          "sourceName": "instance",
	          "targetName": "SKIP_LEVEL",
	          "childMappings": [
	            {
	              "sourceName": "displayId_CUSTOM",
	              "targetName": "CompanyCode",
                  "customTransformer": "com.sap.ariba.erpintegration.mdi.mds.resource.transform.transformer.ContextIdTransformer"
	            },
	            {
	              "sourceName": "name",
	              "targetName": "CompanyCodeName",
                  "customTransformer": "com.sap.ariba.erpintegration.service.mds.transform.companycode.CompanyCodeNameTransformer"
	            }
	          ]
	        },
	        {
	          "sourceName": "Active_CUSTOM",
	          "targetName": "IsActive",
	          "customTransformer": "com.sap.ariba.erpintegration.onemds.transform.common.MDIToMDNIActiveFieldTransformer"
	        },
	        {
	          "sourceName": "ActionCode_CUSTOM",
	          "targetName": "ActionCode",
	          "customTransformer": "com.sap.ariba.erpintegration.onemds.transform.common.MDIToMDNIActionCodeTransformer"
	        },
	        {
	          "sourceName": "TimeCreated_CUSTOM",
	          "targetName": "TimeCreated",
	          "customTransformer": "com.sap.ariba.erpintegration.onemds.transform.common.MDItoMDNIDefaultDateTransformer"
	        },
	        {
	          "sourceName": "TimeUpdated_CUSTOM",
	          "targetName": "TimeUpdated",
	          "customTransformer": "com.sap.ariba.erpintegration.onemds.transform.common.MDItoMDNIDefaultDateTransformer"
	        },
	        {
	          "sourceName": "SenderBusinessSystemId_CUSTOM",
	          "targetName": "SenderBusinessSystemId",
	          "customTransformer": "com.sap.ariba.erpintegration.onemds.transform.common.MDItoMDNISenderBusinessSystemIDTransformer"
	        }
	      ]
	    }
	  ]
	},
  {
    "sourceType": "mdi",
    "targetType": "mdcs_mdni",
    "entityMappings": [
      {
        "entityName": "CompanyCode",
        "fieldMappings": [
          {
            "sourceName": "instance",
            "targetName": "instance",
            "customTransformer": "com.sap.ariba.erpintegration.mdi.common.transform.transformer.SimpleNodeTranformer"
          },
          {
            "sourceName": "localIds",
            "targetName": "localIds",
            "customTransformer": "com.sap.ariba.erpintegration.mdi.common.transform.transformer.SimpleNodeTranformer"
          },
          {
            "sourceName": "event",
            "targetName": "event",
            "customTransformer": "com.sap.ariba.erpintegration.mdi.common.transform.transformer.SimpleNodeTranformer"
          },
          {
            "sourceName": "id",
            "targetName": "id",
            "customTransformer": "com.sap.ariba.erpintegration.mdi.common.transform.transformer.SimpleNodeTranformer"
          }
        ]
      }
    ]
  },
  {
    "sourceType": "mdni",
    "targetType": "mdcs_odm",
    "entityMappings": [
      {
        "entityName": "CompanyCode",
        "fieldMappings": [
          {
            "sourceName": "instance",
            "targetName": "SKIP_LEVEL",
            "childMappings": [
              {
                "sourceName": "id",
                "targetName": "id"
              },
              {
                "sourceName": "displayId",
                "targetName": "displayId"
              },
              {
                "sourceName": "validFrom",
                "targetName": "validFrom",
                "customTransformer": "com.sap.ariba.erpintegration.service.mds.transform.common.MdcsDateTransformer"
              },
              {
                "sourceName": "name",
                "targetName": "name",
                "customTransformer": "com.sap.ariba.erpintegration.service.mds.transform.common.OneToManyAssociationTransformer",
                "childMappings": [
                  {
                    "sourceName": "valid_from",
                    "targetName": "validFrom",
                    "customTransformer": "com.sap.ariba.erpintegration.service.mds.transform.common.MdcsDateTransformer"
                  },
                  {
                    "sourceName": "valid_to",
                    "targetName": "validTo",
                    "customTransformer": "com.sap.ariba.erpintegration.service.mds.transform.common.MdcsDateTransformer"
                  },
                  {
                    "sourceName": "content",
                    "targetName": "SKIP_LEVEL",
                    "isObject": true,
                    "childMappings": [
                      {
                        "sourceName": "name",
                        "targetName": "name"
                      }
                    ]
                  },
                  {
                    "sourceName": "id_CUSTOM",
                    "targetName": "id",
                    "customTransformer": "com.sap.ariba.erpintegration.service.mds.transform.common.MdcsTemporalDateIdTransformer"
                  }
                ]
              },
              {
                "sourceName": "dataController",
                "targetName": "dataController",
                "isObject": true,
                "childMappings": [
                  {
                    "sourceName": "id",
                    "targetName": "id"
                  }
                ]
              },
              {
                "sourceName": "company",
                "targetName": "company"
              },
              {
                "sourceName": "isMainForCompany",
                "targetName": "isMainForCompany"
              },
              {
                "sourceName": "country",
                "targetName": "country",
                "isObject": true,
                "childMappings": [
                  {
                    "sourceName": "code",
                    "targetName": "code"
                  }
                ]
              },
              {
                "sourceName": "language",
                "targetName": "language",
                "isObject": true,
                "childMappings": [
                  {
                    "sourceName": "code",
                    "targetName": "code"
                  }
                ]
              },
              {
                "sourceName": "currency",
                "targetName": "currency",
                "isObject": true,
                "childMappings": [
                  {
                    "sourceName": "code",
                    "targetName": "code"
                  }
                ]
              },
              {
                "sourceName": "vatRegistrationId",
                "targetName": "vatRegistrationId"
              },
              {
                "sourceName": "vatRegistrationIdsForBusinessAbroad",
                "targetName": "vatRegistrationIdsForBusinessAbroad",
                "customTransformer": "com.sap.ariba.erpintegration.service.mds.transform.common.OneToManyAssociationTransformer",
                "childMappings": [
                  {
                    "sourceName": "countryIdentification",
                    "targetName": "SKIP_LEVEL",
                    "isObject": true,
                    "childMappings": [
                      {
                        "sourceName": "code",
                        "targetName": "countryIdentification_code"
                      }
                    ]
                  },
                  {
                    "sourceName": "vatRegistrationId",
                    "targetName": "vatRegistrationId"
                  }
                ]
              },
              {
                "sourceName": "address",
                "targetName": "address",
                "customTransformer": "com.sap.ariba.erpintegration.service.mds.transform.common.OneToManyAssociationTransformer",
                "childMappings": [
                  {
                    "sourceName": "formOfAddress",
                    "targetName": "formOfAddress",
                    "isObject": true,
                    "childMappings": [
                      {
                        "sourceName": "code",
                        "targetName": "code"
                      }
                    ]
                  },
                  {
                    "sourceName": "formattedOrgNameLine1",
                    "targetName": "formattedOrgNameLine1"
                  },
                  {
                    "sourceName": "formattedOrgNameLine2",
                    "targetName": "formattedOrgNameLine2"
                  },
                  {
                    "sourceName": "formattedOrgNameLine3",
                    "targetName": "formattedOrgNameLine3"
                  },
                  {
                    "sourceName": "formattedOrgNameLine4",
                    "targetName": "formattedOrgNameLine4"
                  },
                  {
                    "sourceName": "formattedOrgName",
                    "targetName": "formattedOrgName"
                  },
                  {
                    "sourceName": "building",
                    "targetName": "building"
                  },
                  {
                    "sourceName": "floor",
                    "targetName": "floor"
                  },
                  {
                    "sourceName": "door",
                    "targetName": "door"
                  },
                  {
                    "sourceName": "careOf",
                    "targetName": "careOf"
                  },
                  {
                    "sourceName": "streetPrefix1",
                    "targetName": "streetPrefix1"
                  },
                  {
                    "sourceName": "streetPrefix2",
                    "targetName": "streetPrefix2"
                  },
                  {
                    "sourceName": "street",
                    "targetName": "street",
                    "isObject": true,
                    "childMappings": [
                      {
                        "sourceName": "name",
                        "targetName": "name"
                      },
                      {
                        "sourceName": "ref",
                        "targetName": "ref",
                        "isObject": true,
                        "childMappings": [
                          {
                            "sourceName": "code",
                            "targetName": "code"
                          }
                        ]
                      }
                    ]
                  },
                  {
                    "sourceName": "streetSuffix1",
                    "targetName": "streetSuffix1"
                  },
                  {
                    "sourceName": "streetSuffix2",
                    "targetName": "streetSuffix2"
                  },
                  {
                    "sourceName": "houseNumber",
                    "targetName": "houseNumber"
                  },
                  {
                    "sourceName": "houseNumberSupplement",
                    "targetName": "houseNumberSupplement"
                  },
                  {
                    "sourceName": "town",
                    "targetName": "town",
                    "isObject": true,
                    "childMappings": [
                      {
                        "sourceName": "name",
                        "targetName": "name"
                      },
                      {
                        "sourceName": "ref",
                        "targetName": "ref",
                        "isObject": true,
                        "childMappings": [
                          {
                            "sourceName": "code",
                            "targetName": "code"
                          }
                        ]
                      }
                    ]
                  },
                  {
                    "sourceName": "district",
                    "targetName": "district",
                    "isObject": true,
                    "childMappings": [
                      {
                        "sourceName": "name",
                        "targetName": "name"
                      },
                      {
                        "sourceName": "ref",
                        "targetName": "ref",
                        "isObject": true,
                        "childMappings": [
                          {
                            "sourceName": "code",
                            "targetName": "code"
                          }
                        ]
                      }
                    ]
                  },
                  {
                    "sourceName": "primaryRegion",
                    "targetName": "primaryRegion",
                    "isObject": true,
                    "childMappings": [
                      {
                        "sourceName": "code",
                        "targetName": "code"
                      }
                    ]
                  },
                  {
                    "sourceName": "secondaryRegion",
                    "targetName": "secondaryRegion",
                    "isObject": true,
                    "childMappings": [
                      {
                        "sourceName": "name",
                        "targetName": "name"
                      },
                      {
                        "sourceName": "ref",
                        "targetName": "ref",
                        "isObject": true,
                        "childMappings": [
                          {
                            "sourceName": "code",
                            "targetName": "code"
                          }
                        ]
                      }
                    ]
                  },
                  {
                    "sourceName": "tertiaryRegion",
                    "targetName": "tertiaryRegion",
                    "isObject": true,
                    "childMappings": [
                      {
                        "sourceName": "name",
                        "targetName": "name"
                      },
                      {
                        "sourceName": "ref",
                        "targetName": "ref",
                        "isObject": true,
                        "childMappings": [
                          {
                            "sourceName": "code",
                            "targetName": "code"
                          }
                        ]
                      }
                    ]
                  },
                  {
                    "sourceName": "country",
                    "targetName": "country",
                    "isObject": true,
                    "childMappings": [
                      {
                        "sourceName": "code",
                        "targetName": "code"
                      }
                    ]
                  },
                  {
                    "sourceName": "postCode",
                    "targetName": "postCode"
                  },
                  {
                    "sourceName": "postBoxIsWithoutNumber",
                    "targetName": "postBoxIsWithoutNumber"
                  },
                  {
                    "sourceName": "companyPostalCode",
                    "targetName": "companyPostalCode"
                  },
                  {
                    "sourceName": "deliveryServiceNumber",
                    "targetName": "deliveryServiceNumber"
                  },
                  {
                    "sourceName": "additionalCityName",
                    "targetName": "additionalCityName"
                  },
                  {
                    "sourceName": "alternative",
                    "targetName": "alternative",
                    "isObject": true,
                    "childMappings": [
                      {
                        "sourceName": "town",
                        "targetName": "town",
                        "isObject": true,
                        "childMappings": [
                          {
                            "sourceName": "name",
                            "targetName": "name"
                          },
                          {
                            "sourceName": "ref",
                            "targetName": "ref",
                            "isObject": true,
                            "childMappings": [
                              {
                                "sourceName": "code",
                                "targetName": "code"
                              }
                            ]
                          }
                        ]
                      },
                      {
                        "sourceName": "district",
                        "targetName": "district",
                        "isObject": true,
                        "childMappings": [
                          {
                            "sourceName": "name",
                            "targetName": "name"
                          },
                          {
                            "sourceName": "ref",
                            "targetName": "ref",
                            "isObject": true,
                            "childMappings": [
                              {
                                "sourceName": "code",
                                "targetName": "code"
                              }
                            ]
                          }
                        ]
                      },
                      {
                        "sourceName": "primaryRegion",
                        "targetName": "primaryRegion",
                        "isObject": true,
                        "childMappings": [
                          {
                            "sourceName": "code",
                            "targetName": "code"
                          }
                        ]
                      },
                      {
                        "sourceName": "secondaryRegion",
                        "targetName": "secondaryRegion",
                        "isObject": true,
                        "childMappings": [
                          {
                            "sourceName": "name",
                            "targetName": "name"
                          },
                          {
                            "sourceName": "ref",
                            "targetName": "ref",
                            "isObject": true,
                            "childMappings": [
                              {
                                "sourceName": "code",
                                "targetName": "code"
                              }
                            ]
                          }
                        ]
                      },
                      {
                        "sourceName": "tertiaryRegion",
                        "targetName": "tertiaryRegion",
                        "isObject": true,
                        "childMappings": [
                          {
                            "sourceName": "name",
                            "targetName": "name"
                          },
                          {
                            "sourceName": "ref",
                            "targetName": "ref",
                            "isObject": true,
                            "childMappings": [
                              {
                                "sourceName": "code",
                                "targetName": "code"
                              }
                            ]
                          }
                        ]
                      },
                      {
                        "sourceName": "country",
                        "targetName": "country",
                        "isObject": true,
                        "childMappings": [
                          {
                            "sourceName": "code",
                            "targetName": "code"
                          }
                        ]
                      },
                      {
                        "sourceName": "postCode",
                        "targetName": "postCode"
                      },
                      {
                        "sourceName": "deliveryType",
                        "targetName": "deliveryType",
                        "isObject": true,
                        "childMappings": [
                          {
                            "sourceName": "code",
                            "targetName": "code"
                          }
                        ]
                      },
                      {
                        "sourceName": "deliveryServiceType",
                        "targetName": "deliveryServiceType"
                      },
                      {
                        "sourceName": "deliveryServiceQualifier",
                        "targetName": "deliveryServiceQualifier"
                      },
                      {
                        "sourceName": "deliveryServiceIdentifier",
                        "targetName": "deliveryServiceIdentifier"
                      }
                    ]
                  },
                  {
                    "sourceName": "timeZone",
                    "targetName": "timeZone",
                    "isObject": true,
                    "childMappings": [
                      {
                        "sourceName": "code",
                        "targetName": "code"
                      }
                    ]
                  },
                  {
                    "sourceName": "transportationZone",
                    "targetName": "transportationZone",
                    "isObject": true,
                    "childMappings": [
                      {
                        "sourceName": "country",
                        "targetName": "country",
                        "isObject": true,
                        "childMappings": [
                          {
                            "sourceName": "code",
                            "targetName": "code"
                          }
                        ]
                      },
                      {
                        "sourceName": "code",
                        "targetName": "code"
                      }
                    ]
                  },
                  {
                    "sourceName": "taxJurisdiction",
                    "targetName": "taxJurisdiction",
                    "isObject": true,
                    "childMappings": [
                      {
                        "sourceName": "code",
                        "targetName": "code"
                      }
                    ]
                  },
                  {
                    "sourceName": "scriptVariants",
                    "targetName": "scriptVariants",
                    "customTransformer": "com.sap.ariba.erpintegration.service.mds.transform.common.OneToManyAssociationTransformer",
                    "childMappings": [
                      {
                        "sourceName": "scriptCode",
                        "targetName": "SKIP_LEVEL",
                        "isObject": true,
                        "childMappings": [
                          {
                            "sourceName": "code",
                            "targetName": "scriptCode_code"
                          }
                        ]
                      },
                      {
                        "sourceName": "formOfAddress",
                        "targetName": "formOfAddress",
                        "isObject": true,
                        "childMappings": [
                          {
                            "sourceName": "code",
                            "targetName": "code"
                          }
                        ]
                      },
                      {
                        "sourceName": "formattedOrgNameLine1",
                        "targetName": "formattedOrgNameLine1"
                      },
                      {
                        "sourceName": "formattedOrgNameLine2",
                        "targetName": "formattedOrgNameLine2"
                      },
                      {
                        "sourceName": "formattedOrgNameLine3",
                        "targetName": "formattedOrgNameLine3"
                      },
                      {
                        "sourceName": "formattedOrgNameLine4",
                        "targetName": "formattedOrgNameLine4"
                      },
                      {
                        "sourceName": "formattedOrgName",
                        "targetName": "formattedOrgName"
                      },
                      {
                        "sourceName": "building",
                        "targetName": "building"
                      },
                      {
                        "sourceName": "floor",
                        "targetName": "floor"
                      },
                      {
                        "sourceName": "door",
                        "targetName": "door"
                      },
                      {
                        "sourceName": "careOf",
                        "targetName": "careOf"
                      },
                      {
                        "sourceName": "streetPrefix1",
                        "targetName": "streetPrefix1"
                      },
                      {
                        "sourceName": "streetPrefix2",
                        "targetName": "streetPrefix2"
                      },
                      {
                        "sourceName": "street",
                        "targetName": "street",
                        "isObject": true,
                        "childMappings": [
                          {
                            "sourceName": "name",
                            "targetName": "name"
                          },
                          {
                            "sourceName": "ref",
                            "targetName": "ref",
                            "isObject": true,
                            "childMappings": [
                              {
                                "sourceName": "code",
                                "targetName": "code"
                              }
                            ]
                          }
                        ]
                      },
                      {
                        "sourceName": "streetSuffix1",
                        "targetName": "streetSuffix1"
                      },
                      {
                        "sourceName": "streetSuffix2",
                        "targetName": "streetSuffix2"
                      },
                      {
                        "sourceName": "houseNumber",
                        "targetName": "houseNumber"
                      },
                      {
                        "sourceName": "houseNumberSupplement",
                        "targetName": "houseNumberSupplement"
                      },
                      {
                        "sourceName": "town",
                        "targetName": "town",
                        "isObject": true,
                        "childMappings": [
                          {
                            "sourceName": "name",
                            "targetName": "name"
                          },
                          {
                            "sourceName": "ref",
                            "targetName": "ref",
                            "isObject": true,
                            "childMappings": [
                              {
                                "sourceName": "code",
                                "targetName": "code"
                              }
                            ]
                          }
                        ]
                      },
                      {
                        "sourceName": "district",
                        "targetName": "district",
                        "isObject": true,
                        "childMappings": [
                          {
                            "sourceName": "name",
                            "targetName": "name"
                          },
                          {
                            "sourceName": "ref",
                            "targetName": "ref",
                            "isObject": true,
                            "childMappings": [
                              {
                                "sourceName": "code",
                                "targetName": "code"
                              }
                            ]
                          }
                        ]
                      },
                      {
                        "sourceName": "primaryRegion",
                        "targetName": "primaryRegion",
                        "isObject": true,
                        "childMappings": [
                          {
                            "sourceName": "code",
                            "targetName": "code"
                          }
                        ]
                      },
                      {
                        "sourceName": "secondaryRegion",
                        "targetName": "secondaryRegion",
                        "isObject": true,
                        "childMappings": [
                          {
                            "sourceName": "name",
                            "targetName": "name"
                          },
                          {
                            "sourceName": "ref",
                            "targetName": "ref",
                            "isObject": true,
                            "childMappings": [
                              {
                                "sourceName": "code",
                                "targetName": "code"
                              }
                            ]
                          }
                        ]
                      },
                      {
                        "sourceName": "tertiaryRegion",
                        "targetName": "tertiaryRegion",
                        "isObject": true,
                        "childMappings": [
                          {
                            "sourceName": "name",
                            "targetName": "name"
                          },
                          {
                            "sourceName": "ref",
                            "targetName": "ref",
                            "isObject": true,
                            "childMappings": [
                              {
                                "sourceName": "code",
                                "targetName": "code"
                              }
                            ]
                          }
                        ]
                      },
                      {
                        "sourceName": "country",
                        "targetName": "country",
                        "isObject": true,
                        "childMappings": [
                          {
                            "sourceName": "code",
                            "targetName": "code"
                          }
                        ]
                      },
                      {
                        "sourceName": "postCode",
                        "targetName": "postCode"
                      },
                      {
                        "sourceName": "postBoxIsWithoutNumber",
                        "targetName": "postBoxIsWithoutNumber"
                      },
                      {
                        "sourceName": "companyPostalCode",
                        "targetName": "companyPostalCode"
                      },
                      {
                        "sourceName": "deliveryServiceNumber",
                        "targetName": "deliveryServiceNumber"
                      },
                      {
                        "sourceName": "additionalCityName",
                        "targetName": "additionalCityName"
                      },
                      {
                        "sourceName": "alternative",
                        "targetName": "alternative",
                        "isObject": true,
                        "childMappings": [
                          {
                            "sourceName": "town",
                            "targetName": "town",
                            "isObject": true,
                            "childMappings": [
                              {
                                "sourceName": "name",
                                "targetName": "name"
                              },
                              {
                                "sourceName": "ref",
                                "targetName": "ref",
                                "isObject": true,
                                "childMappings": [
                                  {
                                    "sourceName": "code",
                                    "targetName": "code"
                                  }
                                ]
                              }
                            ]
                          },
                          {
                            "sourceName": "district",
                            "targetName": "district",
                            "isObject": true,
                            "childMappings": [
                              {
                                "sourceName": "name",
                                "targetName": "name"
                              },
                              {
                                "sourceName": "ref",
                                "targetName": "ref",
                                "isObject": true,
                                "childMappings": [
                                  {
                                    "sourceName": "code",
                                    "targetName": "code"
                                  }
                                ]
                              }
                            ]
                          },
                          {
                            "sourceName": "primaryRegion",
                            "targetName": "primaryRegion",
                            "isObject": true,
                            "childMappings": [
                              {
                                "sourceName": "code",
                                "targetName": "code"
                              }
                            ]
                          },
                          {
                            "sourceName": "secondaryRegion",
                            "targetName": "secondaryRegion",
                            "isObject": true,
                            "childMappings": [
                              {
                                "sourceName": "name",
                                "targetName": "name"
                              },
                              {
                                "sourceName": "ref",
                                "targetName": "ref",
                                "isObject": true,
                                "childMappings": [
                                  {
                                    "sourceName": "code",
                                    "targetName": "code"
                                  }
                                ]
                              }
                            ]
                          },
                          {
                            "sourceName": "tertiaryRegion",
                            "targetName": "tertiaryRegion",
                            "isObject": true,
                            "childMappings": [
                              {
                                "sourceName": "name",
                                "targetName": "name"
                              },
                              {
                                "sourceName": "ref",
                                "targetName": "ref",
                                "isObject": true,
                                "childMappings": [
                                  {
                                    "sourceName": "code",
                                    "targetName": "code"
                                  }
                                ]
                              }
                            ]
                          },
                          {
                            "sourceName": "country",
                            "targetName": "country",
                            "isObject": true,
                            "childMappings": [
                              {
                                "sourceName": "code",
                                "targetName": "code"
                              }
                            ]
                          },
                          {
                            "sourceName": "postCode",
                            "targetName": "postCode"
                          },
                          {
                            "sourceName": "deliveryType",
                            "targetName": "deliveryType",
                            "isObject": true,
                            "childMappings": [
                              {
                                "sourceName": "code",
                                "targetName": "code"
                              }
                            ]
                          },
                          {
                            "sourceName": "deliveryServiceType",
                            "targetName": "deliveryServiceType"
                          },
                          {
                            "sourceName": "deliveryServiceQualifier",
                            "targetName": "deliveryServiceQualifier"
                          },
                          {
                            "sourceName": "deliveryServiceIdentifier",
                            "targetName": "deliveryServiceIdentifier"
                          }
                        ]
                      },
                      {
                        "sourceName": "timeZone",
                        "targetName": "timeZone",
                        "isObject": true,
                        "childMappings": [
                          {
                            "sourceName": "code",
                            "targetName": "code"
                          }
                        ]
                      },
                      {
                        "sourceName": "transportationZone",
                        "targetName": "transportationZone",
                        "isObject": true,
                        "childMappings": [
                          {
                            "sourceName": "country",
                            "targetName": "country",
                            "isObject": true,
                            "childMappings": [
                              {
                                "sourceName": "code",
                                "targetName": "code"
                              }
                            ]
                          },
                          {
                            "sourceName": "code",
                            "targetName": "code"
                          }
                        ]
                      },
                      {
                        "sourceName": "taxJurisdiction",
                        "targetName": "taxJurisdiction",
                        "isObject": true,
                        "childMappings": [
                          {
                            "sourceName": "code",
                            "targetName": "code"
                          }
                        ]
                      }
                    ]
                  },
                  {
                    "sourceName": "communicationData",
                    "targetName": "communicationData",
                    "customTransformer": "com.sap.ariba.erpintegration.service.mds.transform.common.OneToManyAssociationTransformer",
                    "childMappings": [
                      {
                        "sourceName": "communicationPreferences",
                        "targetName": "communicationPreferences",
                        "isObject": true,
                        "childMappings": [
                          {
                            "sourceName": "nonVerbalCommunicationLanguage",
                            "targetName": "nonVerbalCommunicationLanguage",
                            "isObject": true,
                            "childMappings": [
                              {
                                "sourceName": "code",
                                "targetName": "code"
                              }
                            ]
                          }
                        ]
                      },
                      {
                        "sourceName": "emailAddresses",
                        "targetName": "emailAddresses",
                        "customTransformer": "com.sap.ariba.erpintegration.service.mds.transform.common.OneToManyAssociationTransformer",
                        "childMappings": [
                          {
                            "sourceName": "id",
                            "targetName": "id"
                          },
                          {
                            "sourceName": "validFrom",
                            "targetName": "validFrom",
                            "customTransformer": "com.sap.ariba.erpintegration.service.mds.transform.common.MdcsDateTransformer"
                          },
                          {
                            "sourceName": "validTo",
                            "targetName": "validTo",
                            "customTransformer": "com.sap.ariba.erpintegration.service.mds.transform.common.MdcsDateTransformer"
                          },
                          {
                            "sourceName": "remark_content_CUSTOM",
                            "targetName": "remark",
                            "customTransformer": "com.sap.ariba.erpintegration.service.cap.transform.common.MdcsDefaultLocaleValueTransformer"
                          },
                          {
                            "sourceName": "remark",
                            "targetName": "texts",
                            "customTransformer": "com.sap.ariba.erpintegration.service.mds.transform.common.OneToManyAssociationTransformer",
                            "childMappings": [
                              {
                                "sourceName": "lang",
                                "targetName": "locale",
                                "customTransformer": "com.sap.ariba.erpintegration.service.mds.transform.common.LowerCaseTextTransformer"
                              },
                              {
                                "sourceName": "content",
                                "targetName": "remark"
                              }
                            ]
                          },
                          {
                            "sourceName": "usageDeniedIndicator",
                            "targetName": "usageDeniedIndicator"
                          },
                          {
                            "sourceName": "address",
                            "targetName": "address"
                          },
                          {
                            "sourceName": "isDefault",
                            "targetName": "isDefault",
                            "customTransformer": "com.sap.ariba.erpintegration.service.mds.transform.common.OneToManyAssociationTransformer",
                            "childMappings": [
                              {
                                "sourceName": "id_CUSTOM",
                                "targetName": "id",
                                "customTransformer": "com.sap.ariba.erpintegration.service.mds.transform.common.MdcsTemporalDateIdTransformer"
                              },
                              {
                                "sourceName": "valid_from",
                                "targetName": "validFrom",
                                "customTransformer": "com.sap.ariba.erpintegration.service.mds.transform.common.MdcsDateTransformer"
                              },
                              {
                                "sourceName": "valid_to",
                                "targetName": "validTo",
                                "customTransformer": "com.sap.ariba.erpintegration.service.mds.transform.common.MdcsDateTransformer"
                              },
                              {
                                "sourceName": "content",
                                "targetName": "content"
                              }
                            ]
                          }
                        ]
                      },
                      {
                        "sourceName": "phoneNumbers",
                        "targetName": "phoneNumbers",
                        "customTransformer": "com.sap.ariba.erpintegration.service.mds.transform.common.OneToManyAssociationTransformer",
                        "childMappings": [
                          {
                            "sourceName": "id",
                            "targetName": "id"
                          },
                          {
                            "sourceName": "validFrom",
                            "targetName": "validFrom",
                            "customTransformer": "com.sap.ariba.erpintegration.service.mds.transform.common.MdcsDateTransformer"
                          },
                          {
                            "sourceName": "validTo",
                            "targetName": "validTo",
                            "customTransformer": "com.sap.ariba.erpintegration.service.mds.transform.common.MdcsDateTransformer"
                          },
                          {
                            "sourceName": "remark_content_CUSTOM",
                            "targetName": "remark",
                            "customTransformer": "com.sap.ariba.erpintegration.service.cap.transform.common.MdcsDefaultLocaleValueTransformer"
                          },
                          {
                            "sourceName": "remark",
                            "targetName": "texts",
                            "customTransformer": "com.sap.ariba.erpintegration.service.mds.transform.common.OneToManyAssociationTransformer",
                            "childMappings": [
                              {
                                "sourceName": "lang",
                                "targetName": "locale",
                                "customTransformer": "com.sap.ariba.erpintegration.service.mds.transform.common.LowerCaseTextTransformer"
                              },
                              {
                                "sourceName": "content",
                                "targetName": "remark"
                              }
                            ]
                          },
                          {
                            "sourceName": "usageDeniedIndicator",
                            "targetName": "usageDeniedIndicator"
                          },
                          {
                            "sourceName": "country",
                            "targetName": "country",
                            "isObject": true,
                            "childMappings": [
                              {
                                "sourceName": "code",
                                "targetName": "code"
                              }
                            ]
                          },
                          {
                            "sourceName": "number",
                            "targetName": "number"
                          },
                          {
                            "sourceName": "numberExtension",
                            "targetName": "numberExtension"
                          },
                          {
                            "sourceName": "smsEnabledIndicator",
                            "targetName": "smsEnabledIndicator"
                          },
                          {
                            "sourceName": "isDefaultMobile",
                            "targetName": "isDefaultMobile",
                            "customTransformer": "com.sap.ariba.erpintegration.service.mds.transform.common.OneToManyAssociationTransformer",
                            "childMappings": [
                              {
                                "sourceName": "id_CUSTOM",
                                "targetName": "id",
                                "customTransformer": "com.sap.ariba.erpintegration.service.mds.transform.common.MdcsTemporalDateIdTransformer"
                              },
                              {
                                "sourceName": "valid_from",
                                "targetName": "validFrom",
                                "customTransformer": "com.sap.ariba.erpintegration.service.mds.transform.common.MdcsDateTransformer"
                              },
                              {
                                "sourceName": "valid_to",
                                "targetName": "validTo",
                                "customTransformer": "com.sap.ariba.erpintegration.service.mds.transform.common.MdcsDateTransformer"
                              },
                              {
                                "sourceName": "content",
                                "targetName": "content"
                              }
                            ]
                          },
                          {
                            "sourceName": "isDefaultLandline",
                            "targetName": "isDefaultLandline",
                            "customTransformer": "com.sap.ariba.erpintegration.service.mds.transform.common.OneToManyAssociationTransformer",
                            "childMappings": [
                              {
                                "sourceName": "id_CUSTOM",
                                "targetName": "id",
                                "customTransformer": "com.sap.ariba.erpintegration.service.mds.transform.common.MdcsTemporalDateIdTransformer"
                              },
                              {
                                "sourceName": "valid_from",
                                "targetName": "validFrom",
                                "customTransformer": "com.sap.ariba.erpintegration.service.mds.transform.common.MdcsDateTransformer"
                              },
                              {
                                "sourceName": "valid_to",
                                "targetName": "validTo",
                                "customTransformer": "com.sap.ariba.erpintegration.service.mds.transform.common.MdcsDateTransformer"
                              },
                              {
                                "sourceName": "content",
                                "targetName": "content"
                              }
                            ]
                          }
                        ]
                      },
                      {
                        "sourceName": "faxNumbers",
                        "targetName": "faxNumbers",
                        "customTransformer": "com.sap.ariba.erpintegration.service.mds.transform.common.OneToManyAssociationTransformer",
                        "childMappings": [
                          {
                            "sourceName": "id",
                            "targetName": "id"
                          },
                          {
                            "sourceName": "validFrom",
                            "targetName": "validFrom",
                            "customTransformer": "com.sap.ariba.erpintegration.service.mds.transform.common.MdcsDateTransformer"
                          },
                          {
                            "sourceName": "validTo",
                            "targetName": "validTo",
                            "customTransformer": "com.sap.ariba.erpintegration.service.mds.transform.common.MdcsDateTransformer"
                          },
                          {
                            "sourceName": "remark_content_CUSTOM",
                            "targetName": "remark",
                            "customTransformer": "com.sap.ariba.erpintegration.service.cap.transform.common.MdcsDefaultLocaleValueTransformer"
                          },
                          {
                            "sourceName": "remark",
                            "targetName": "texts",
                            "customTransformer": "com.sap.ariba.erpintegration.service.mds.transform.common.OneToManyAssociationTransformer",
                            "childMappings": [
                              {
                                "sourceName": "lang",
                                "targetName": "locale",
                                "customTransformer": "com.sap.ariba.erpintegration.service.mds.transform.common.LowerCaseTextTransformer"
                              },
                              {
                                "sourceName": "content",
                                "targetName": "remark"
                              }
                            ]
                          },
                          {
                            "sourceName": "usageDeniedIndicator",
                            "targetName": "usageDeniedIndicator"
                          },
                          {
                            "sourceName": "country",
                            "targetName": "country",
                            "isObject": true,
                            "childMappings": [
                              {
                                "sourceName": "code",
                                "targetName": "code"
                              }
                            ]
                          },
                          {
                            "sourceName": "number",
                            "targetName": "number"
                          },
                          {
                            "sourceName": "numberExtension",
                            "targetName": "numberExtension"
                          },
                          {
                            "sourceName": "isDefault",
                            "targetName": "isDefault",
                            "customTransformer": "com.sap.ariba.erpintegration.service.mds.transform.common.OneToManyAssociationTransformer",
                            "childMappings": [
                              {
                                "sourceName": "id_CUSTOM",
                                "targetName": "id",
                                "customTransformer": "com.sap.ariba.erpintegration.service.mds.transform.common.MdcsTemporalDateIdTransformer"
                              },
                              {
                                "sourceName": "valid_from",
                                "targetName": "validFrom",
                                "customTransformer": "com.sap.ariba.erpintegration.service.mds.transform.common.MdcsDateTransformer"
                              },
                              {
                                "sourceName": "valid_to",
                                "targetName": "validTo",
                                "customTransformer": "com.sap.ariba.erpintegration.service.mds.transform.common.MdcsDateTransformer"
                              },
                              {
                                "sourceName": "content",
                                "targetName": "content"
                              }
                            ]
                          }
                        ]
                      },
                      {
                        "sourceName": "websites",
                        "targetName": "websites",
                        "customTransformer": "com.sap.ariba.erpintegration.service.mds.transform.common.OneToManyAssociationTransformer",
                        "childMappings": [
                          {
                            "sourceName": "id",
                            "targetName": "id"
                          },
                          {
                            "sourceName": "url",
                            "targetName": "url"
                          },
                          {
                            "sourceName": "uriType",
                            "targetName": "uriType"
                          },
                          {
                            "sourceName": "remark_content_CUSTOM",
                            "targetName": "remark",
                            "customTransformer": "com.sap.ariba.erpintegration.service.cap.transform.common.MdcsDefaultLocaleValueTransformer"
                          },
                          {
                            "sourceName": "remark",
                            "targetName": "texts",
                            "customTransformer": "com.sap.ariba.erpintegration.service.mds.transform.common.OneToManyAssociationTransformer",
                            "childMappings": [
                              {
                                "sourceName": "lang",
                                "targetName": "locale",
                                "customTransformer": "com.sap.ariba.erpintegration.service.mds.transform.common.LowerCaseTextTransformer"
                              },
                              {
                                "sourceName": "content",
                                "targetName": "remark"
                              }
                            ]
                          }
                        ]
                      }
                    ]
                  }
                ]
              }
            ]
          },
          {
            "sourceName": "localIds",
            "targetName": "localIdMappings",
            "customTransformer": "com.sap.ariba.erpintegration.service.mds.transform.common.OneToManyAssociationTransformer",
            "childMappings": [
              {
                "sourceName": "context",
                "targetName": "SKIP_LEVEL",
                "isObject": true,
                "childMappings": [
                  {
                    "sourceName": "application",
                    "targetName": "application"
                  },
                  {
                    "sourceName": "tenant",
                    "targetName": "tenant"
                  },
                  {
                    "sourceName": "type",
                    "targetName": "type"
                  },
                  {
                    "sourceName": "additionalContext",
                    "targetName": "additionalContext"
                  }
                ]
              },
              {
                "sourceName": "status",
                "targetName": "status"
              },
              {
                "sourceName": "localId",
                "targetName": "localId"
              }
            ]
          },
          {
            "sourceName": "Active_CUSTOM",
            "targetName": "BaseFields.IsActive",
            "customTransformer": "com.sap.ariba.erpintegration.service.cap.transform.common.MDIToMdcsActiveFieldTransformer"
          },
          {
            "sourceName": "DeleteId_CUSTOM",
            "targetName": "id",
            "customTransformer": "com.sap.ariba.erpintegration.service.cap.transform.common.MDIToMdcsDeleteIdTransformer"
          },
          {
            "sourceName": "SystemId_CUSTOM",
            "targetName": "SystemId",
            "customTransformer": "com.sap.ariba.erpintegration.mdi.common.transform.transformer.SystemIDTransformer"
          },
          {
            "sourceName": "SenderBusinessSystemId_CUSTOM",
            "targetName": "SenderBusinessSystemId",
            "customTransformer": "com.sap.ariba.erpintegration.service.cap.transform.businesspartner.BusinessSystemIdTransformer"
          }
        ]
      }
    ]
  }
]
