[
  {
    "sourceType": "mdni",
    "targetType": "mds",
    "entityMappings": [
      {
        "entityName": "CostCenter",
        "fieldMappings": [
          {
            "sourceName": "CostCentre",
            "targetName": "SKIP_LEVEL",
            "isObject" : true,
            "childMappings": [
              {
                "sourceName": "CostCentreKey",
                "targetName": "SAPCostCenterKey",
                "isObject" : true,
                "childMappings": [
                  {
                    "sourceName": "CostCentre",
                    "targetName": "UniqueName"
                  },
                  {
                    "sourceName": "CompanyCode",
                    "targetName": "CompanyCode"
                  }
                ]
              },
              {
                "sourceName": "CostCentreName",
                "targetName": "SAPCostCenterLangAssociation",
                "customTransformer": "com.sap.ariba.erpintegration.service.mds.transform.common.OneToManyAssociationTransformer",
                "childMappings": [
                  {
                    "sourceName": "languageCode",
                    "targetName": "LangKey.Lang",
                    "customTransformer": "com.sap.ariba.erpintegration.service.mds.transform.common.LowerCaseTextTransformer"
                  },
                  {
                    "sourceName": "content",
                    "targetName": "CostCenterDescription"
                  }
                ]
              }
            ]
          },
          {
            "sourceName": "SystemId_CUSTOM",
            "targetName": "SAPCostCenterKey.SystemId",
            "customTransformer": "com.sap.ariba.erpintegration.mdi.common.transform.transformer.SystemIDTransformer"
          },
          {
            "sourceName": "PartitionNumber_CUSTOM",
            "targetName": "SAPCostCenterKey.PartitionNumber",
            "customTransformer": "com.sap.ariba.erpintegration.service.mds.transform.common.MDNIToMDSPartitionNumberTransformer"
          },
          {
            "sourceName": "TimeCreated",
            "targetName": "BaseFields.TimeCreated",
            "customTransformer": "com.sap.ariba.erpintegration.service.mds.transform.common.MDNIDateTransformer"
          },
          {
            "sourceName": "TimeUpdated",
            "targetName": "BaseFields.TimeUpdated",
            "customTransformer": "com.sap.ariba.erpintegration.service.mds.transform.common.MDNIDateTransformer"
          },
          {
            "sourceName": "IsActive",
            "targetName": "BaseFields.IsActive"
          },
          {
            "sourceName": "Description_CUSTOM",
            "targetName": "CostCenterDescription_dl",
            "customTransformer": "com.sap.ariba.erpintegration.service.mds.transform.costcenter.CostCenterDefaultLocaleDescriptionTransformer"
          }
        ]
      }
    ]
  },
  {
    "sourceType": "mdni",
    "targetType": "mdcs",
    "entityMappings": [
      {
        "entityName": "CostCenter",
        "fieldMappings": [
          {
            "sourceName": "CostCentre",
            "targetName": "SKIP_LEVEL",
            "isObject" : true,
            "childMappings": [
              {
                "sourceName": "CostCentreKey",
                "targetName": "SKIP_LEVEL",
                "isObject" : true,
                "childMappings": [
                  {
                    "sourceName": "CostCentre",
                    "targetName": "CostCentre"
                  },
                  {
                    "sourceName": "CompanyCode",
                    "targetName": "CompanyCode"
                  }
                ]
              },
              {
                "sourceName": "CostCentreName",
                "targetName": "texts",
                "customTransformer": "com.sap.ariba.erpintegration.service.cap.transform.common.LocalizedTransformer",
                "childMappings": [
                  {
                    "sourceName": "languageCode",
                    "targetName": "locale",
                    "customTransformer": "com.sap.ariba.erpintegration.service.mds.transform.common.LowerCaseTextTransformer"
                  },
                  {
                    "sourceName": "content",
                    "targetName": "CostCentreName"
                  }
                ]
              },
              {
                "sourceName": "CostCentreName_content_CUSTOM",
                "targetName": "CostCentreName",
                "customTransformer": "com.sap.ariba.erpintegration.service.cap.transform.common.DefaultLocaleValueTransformer"
              },
              {
                "sourceName": "CurrencyKey",
                "targetName": "CurrencyKey"
              },
              {
                "sourceName": "ResponsibleUser",
                "targetName": "ResponsibleUser"
              }

            ]
          },
          {
            "sourceName": "SystemId_CUSTOM",
            "targetName": "SystemId",
            "customTransformer": "com.sap.ariba.erpintegration.mdi.common.transform.transformer.SystemIDTransformer"
          },
          {
            "sourceName": "SenderBusinessSystemId",
            "targetName": "SenderBusinessSystemId"
          },
          {
            "sourceName": "TimeCreated",
            "targetName": "Created",
            "customTransformer": "com.sap.ariba.erpintegration.service.mds.transform.common.MDNIDateTransformer"
          },
          {
            "sourceName": "TimeUpdated",
            "targetName": "Updated",
            "customTransformer": "com.sap.ariba.erpintegration.service.mds.transform.common.MDNIDateTransformer"
          },
          {
            "sourceName": "ActionCode",
            "targetName": "BaseFields.IsActive",
            "customTransformer" : "com.sap.ariba.erpintegration.service.cap.transform.common.IsActiveTransformer"
          }
        ]
      }
    ]
  },
   {
  "sourceType": "mdi",
  "targetType": "mdni",
  "entityMappings": [
    {
      "entityName": "CostCenter",
      "fieldMappings": [
        {
          "sourceName": "instance",
          "targetName": "SKIP_LEVEL",
          "childMappings": [
            {
              "sourceName": "CostCentre_CUSTOM",
              "targetName": "CostCentre",
              "childMappings": [
	            {
	              "sourceName": "CostCentreKey_CUSTOM",
	              "targetName": "CostCentreKey",
	              "customTransformer": "com.sap.ariba.erpintegration.onemds.transform.costcenter.MDItoMDNICostCenterKeyTransformer"
	            },
	            {
	              "sourceName": "CostCentreName_CUSTOM",
	              "targetName": "CostCentreName",
	              "customTransformer": "com.sap.ariba.erpintegration.onemds.transform.costcenter.MDItoMDNICostCenterNameTransformer"
	            }
	          ]
            }
          ]
        },
        {
          "sourceName": "Active_CUSTOM",
          "targetName": "IsActive",
          "customTransformer": "com.sap.ariba.erpintegration.onemds.transform.common.MDIToMDNIActiveFieldTransformer"
        },
        {
          "sourceName": "ActionCode_CUSTOM",
          "targetName": "ActionCode",
          "customTransformer": "com.sap.ariba.erpintegration.onemds.transform.common.MDIToMDNIActionCodeTransformer"
        },
        {
          "sourceName": "TimeCreated_CUSTOM",
          "targetName": "TimeCreated",
          "customTransformer": "com.sap.ariba.erpintegration.onemds.transform.common.MDItoMDNIDefaultDateTransformer"
        },
        {
          "sourceName": "TimeUpdated_CUSTOM",
          "targetName": "TimeUpdated",
          "customTransformer": "com.sap.ariba.erpintegration.onemds.transform.common.MDItoMDNIDefaultDateTransformer"
        },
        {
          "sourceName": "SenderBusinessSystemId_CUSTOM",
          "targetName": "SenderBusinessSystemId",
          "customTransformer": "com.sap.ariba.erpintegration.onemds.transform.common.MDItoMDNISenderBusinessSystemIDTransformer"
   		 }
      ]
    }
  ]
},
{
  "sourceType": "mdi",
  "targetType": "mdcs_mdni",
  "entityMappings": [
    {
      "entityName": "CostCenter",
      "fieldMappings": [
        {
          "sourceName": "instance",
          "targetName": "instance",
          "customTransformer": "com.sap.ariba.erpintegration.mdi.common.transform.transformer.SimpleNodeTranformer"
        },
        {
          "sourceName": "localIds",
          "targetName": "localIds",
          "customTransformer": "com.sap.ariba.erpintegration.mdi.common.transform.transformer.SimpleNodeTranformer"
        },
        {
          "sourceName": "event",
          "targetName": "event",
          "customTransformer": "com.sap.ariba.erpintegration.mdi.common.transform.transformer.SimpleNodeTranformer"
        },
        {
          "sourceName": "id",
          "targetName": "id",
          "customTransformer": "com.sap.ariba.erpintegration.mdi.common.transform.transformer.SimpleNodeTranformer"
        }
      ]
    }
  ]
},
{
  "sourceType": "mdni",
  "targetType": "mdcs_odm",
  "entityMappings": [
    {
      "entityName": "CostCenter",
      "fieldMappings": [
        {
          "sourceName": "instance",
          "targetName": "SKIP_LEVEL",
          "childMappings": [
            {
              "sourceName": "id",
              "targetName": "id"
            },
            {
              "sourceName": "displayName",
              "targetName": "displayName"
            },
            {
              "sourceName": "SystemId_CUSTOM",
              "targetName": "SystemId",
              "customTransformer": "com.sap.ariba.erpintegration.mdi.common.transform.transformer.SystemIDTransformer"
            },
            {
              "sourceName": "localIdS4",
              "targetName": "SKIP_LEVEL",
              "isObject": true,
              "childMappings": [
                {
                  "sourceName": "logicalSystem",
                  "targetName": "localIdS4_logicalSystem"
                },
                {
                  "sourceName": "companyCode",
                  "targetName": "localIdS4_companyCode"
                },
                {
                  "sourceName": "costCenterId",
                  "targetName": "localIdS4_costCenterId"
                },
                {
                  "sourceName": "controllingArea",
                  "targetName": "localIdS4_controllingArea"
                }
              ]
            },
            {
              "sourceName": "isValid",
              "targetName": "isValid",
              "customTransformer": "com.sap.ariba.erpintegration.service.mds.transform.common.OneToManyAssociationTransformer",
              "childMappings": [
                {
                  "sourceName": "valid_from",
                  "targetName": "validFrom",
                  "customTransformer": "com.sap.ariba.erpintegration.service.mds.transform.common.MdcsDateTransformer"
                },
                {
                  "sourceName": "valid_to",
                  "targetName": "validTo",
                  "customTransformer": "com.sap.ariba.erpintegration.service.mds.transform.common.MdcsDateTransformer"
                },
                {
                  "sourceName": "content",
                  "targetName": "content"
                },
                {
              		"sourceName": "id_CUSTOM",
              		"targetName": "id",
             		"customTransformer": "com.sap.ariba.erpintegration.service.mds.transform.common.MdcsTemporalDateIdTransformer"
            	}               
              ]
            },
            {
              "sourceName": "attributes",
              "targetName": "attributes",
              "customTransformer": "com.sap.ariba.erpintegration.service.mds.transform.common.OneToManyAssociationTransformer",
              "childMappings": [
                {
                  "sourceName": "valid_from",
                  "targetName": "validFrom",
                  "customTransformer": "com.sap.ariba.erpintegration.service.mds.transform.common.MdcsDateTransformer"
                },
                {
                  "sourceName": "valid_to",
                  "targetName": "validTo",
                  "customTransformer": "com.sap.ariba.erpintegration.service.mds.transform.common.MdcsDateTransformer"
                },
                {
              		"sourceName": "id_CUSTOM",
              		"targetName": "id",
              		"customTransformer": "com.sap.ariba.erpintegration.service.mds.transform.common.MdcsTemporalDateIdTransformer"
            	},
                {
                  "sourceName": "content",
                  "targetName": "content",
                  "isObject": true,
                  "customTransformer": "com.sap.ariba.erpintegration.service.mds.transform.common.OneToManyAssociationTransformer",
                  "childMappings": [
                    {
                      "sourceName": "taxJurisdiction",
                      "targetName": "SKIP_LEVEL",
                      "childMappings": [
                        {
                          "sourceName": "code",
                          "targetName": "taxJurisdiction_code"
                        }
                      ]
                    },
                    {
                      "sourceName": "responsible",
                      "targetName": "SKIP_LEVEL",
                      "childMappings": [
                        {
                          "sourceName": "id",
                          "targetName": "responsible_id"
                        }
                      ]
                    },
                    {
                      "sourceName": "isBlockedForPrimaryPosting",
                      "targetName": "isBlockedForPrimaryPosting"
                    },
                    {
                      "sourceName": "isBlockedForSecondaryPosting",
                      "targetName": "isBlockedForSecondaryPosting"
                    },
                    {
                      "sourceName": "name_content_CUSTOM",
                      "targetName": "name",
                      "customTransformer": "com.sap.ariba.erpintegration.service.cap.transform.common.MdcsDefaultLocaleValueTransformer"
                    },
                    {
                      "sourceName": "description_content_CUSTOM",
                      "targetName": "description",
                      "customTransformer": "com.sap.ariba.erpintegration.service.cap.transform.common.MdcsDefaultLocaleValueTransformer"
                    },
                    {
                      "sourceName": "texts_CUSTOM",
                      "targetName": "texts",
                      "customTransformer": "com.sap.ariba.erpintegration.service.cap.transform.common.MdcsLocalizedNameAndDescriptionTransformer",
                      "childMappings": [
                        {
                          "sourceName": "lang",
                          "targetName": "locale",
                          "customTransformer": "com.sap.ariba.erpintegration.service.mds.transform.common.LowerCaseTextTransformer"
                        },
                        {
                          "sourceName": "content",
                          "targetName": "description"
                        }
                      ]
                    }
                  ]
                }             
              ]
            }
          ]
        },
        {
          "sourceName": "localIds",
          "targetName": "localIdMappings",
          "customTransformer": "com.sap.ariba.erpintegration.service.mds.transform.common.OneToManyAssociationTransformer",
          "childMappings": [
            {
              "sourceName": "context",
              "targetName": "SKIP_LEVEL",
              "isObject": true,
              "childMappings": [
                {
                  "sourceName": "application",
                  "targetName": "application"
                },
                {
                  "sourceName": "tenant",
                  "targetName": "tenant"
                },
                {
                  "sourceName": "type",
                  "targetName": "type"
                },
                {
                  "sourceName": "additionalContext",
                  "targetName": "additionalContext"
                }
              ]
            },
            {
              "sourceName": "status",
              "targetName": "status"
            },
            {
              "sourceName": "localId",
              "targetName": "localId"
            }
          ]
        },
        {
          "sourceName": "Active_CUSTOM",
          "targetName": "BaseFields.IsActive",
          "customTransformer": "com.sap.ariba.erpintegration.service.cap.transform.common.MDIToMdcsActiveFieldTransformer"
        },
        {
          "sourceName": "DeleteId_CUSTOM",
          "targetName": "id",
          "customTransformer": "com.sap.ariba.erpintegration.service.cap.transform.common.MDIToMdcsDeleteIdTransformer"
        },
        {
          "sourceName": "SenderBusinessSystemId_CUSTOM",
          "targetName": "SenderBusinessSystemId",
          "customTransformer": "com.sap.ariba.erpintegration.service.cap.transform.businesspartner.BusinessSystemIdTransformer"
        }
      ]
    }
  ]
}
]
