[
  {
    "sourceType": "mdi",
    "targetType": "mdni",
    "entityMappings": [
      {
        "entityName": "CurrencyConversionRate",
        "fieldMappings": [
          {
            "sourceName": "instance",
            "targetName": "SKIP_LEVEL",
            "childMappings": [
              {
                "sourceName": "fromCurrency",
                "targetName": "SKIP_LEVEL",
                "childMappings": [
                  {
                    "sourceName": "code",
                    "targetName": "FromCurrencyCode"
                  }
                ]
              },
              {
                "sourceName": "toCurrency",
                "targetName": "SKIP_LEVEL",
                "childMappings": [
                  {
                    "sourceName": "code",
                    "targetName": "ToCurrencyCode"
                  }
                ]
              },
              {
                "sourceName": "exchangeRate",
                "targetName": "ConversionRate",
                "customTransformer": "com.sap.ariba.erpintegration.onemds.transform.exchangerate.MDItoMDNIExchangeRateValueTransformer"
              },
              {
                "sourceName": "effectiveDate",
                "targetName": "ConversionDate"
              },
              {
                "sourceName": "UniqueName_CUSTOM",
                "targetName": "UniqueName",
                "customTransformer": "com.sap.ariba.erpintegration.service.mds.transform.exchangerate.ExchangeRateUniqueNameTransformer"
              }
            ]
          },
          {
            "sourceName": "Active_CUSTOM",
            "targetName": "IsActive",
            "customTransformer": "com.sap.ariba.erpintegration.onemds.transform.common.MDIToMDNIActiveFieldTransformer"
          },
          {
            "sourceName": "ActionCode_CUSTOM",
            "targetName": "ActionCode",
            "customTransformer": "com.sap.ariba.erpintegration.onemds.transform.common.MDIToMDNIActionCodeTransformer"
          },
          {
            "sourceName": "TimeCreated_CUSTOM",
            "targetName": "TimeCreated",
            "customTransformer": "com.sap.ariba.erpintegration.onemds.transform.common.MDItoMDNIDefaultDateTransformer"
          },
          {
            "sourceName": "TimeUpdated_CUSTOM",
            "targetName": "TimeUpdated",
            "customTransformer": "com.sap.ariba.erpintegration.onemds.transform.common.MDItoMDNIDefaultDateTransformer"
          }
        ]
      }
    ]
  },
  {
    "sourceType": "mdni",
    "targetType": "mdcs",
    "entityMappings": [
      {
        "entityName": "CurrencyConversionRate",
        "fieldMappings": [
          {
            "sourceName": "FromCurrencyCode",
            "targetName": "FromCurrencyCode"
          },
          {
            "sourceName": "ToCurrencyCode",
            "targetName": "ToCurrencyCode"
          },
          {
            "sourceName": "ConversionDate",
            "targetName": "ConversionDate"
          },
          {
            "sourceName": "TypeCode",
            "targetName": "TypeCode"
          },
          {
            "sourceName": "SystemId_CUSTOM",
            "targetName": "SystemId",
            "customTransformer": "com.sap.ariba.erpintegration.mdi.common.transform.transformer.SystemIDTransformer"
          },
          {
            "sourceName": "SenderBusinessSystemId",
            "targetName": "SenderBusinessSystemId"
          },
          {
            "sourceName": "TimeCreated",
            "targetName": "Created",
            "customTransformer": "com.sap.ariba.erpintegration.service.mds.transform.common.MDNIDateTransformer"
          },
          {
            "sourceName": "TimeUpdated",
            "targetName": "Updated",
            "customTransformer": "com.sap.ariba.erpintegration.service.mds.transform.common.MDNIDateTransformer"
          },
          {
            "sourceName": "ActionCode",
            "targetName": "BaseFields.IsActive",
            "customTransformer": "com.sap.ariba.erpintegration.service.cap.transform.common.IsActiveTransformer"
          },
          {
            "sourceName": "ConversionRate",
            "targetName": "ConversionRate",
            "customTransformer": "com.sap.ariba.erpintegration.service.cap.transform.common.DoubleValueTransformer"
          }
        ]
      }
    ]
  },
  {
    "sourceType": "mdni",
    "targetType": "mds",
    "entityMappings": [
      {
        "entityName": "CurrencyConversionRate",
        "fieldMappings": [
          {
            "sourceName": "FromCurrencyCode",
            "targetName": "CurrencyConversionRateKey.FromCurrency"
          },
          {
            "sourceName": "ToCurrencyCode",
            "targetName": "CurrencyConversionRateKey.ToCurrency"
          },
          {
            "sourceName": "PartitionNumber_CUSTOM",
            "targetName": "CurrencyConversionRateKey.PartitionNumber",
            "customTransformer": "com.sap.ariba.erpintegration.service.mds.transform.common.MDNIToMDSPartitionNumberTransformer"
          },
          {
            "sourceName": "SystemId_CUSTOM",
            "targetName": "CurrencyConversionRateKey.SystemId",
            "customTransformer": "com.sap.ariba.erpintegration.mdi.common.transform.transformer.SystemIDTransformer"
          },
          {
            "sourceName": "ConversionDate",
            "targetName": "CurrencyConversionRateKey.DateEpoch",
            "customTransformer": "com.sap.ariba.erpintegration.service.mds.transform.common.MDNIEpochDateTransformer"
          },
          {
            "sourceName": "TimeCreated",
            "targetName": "BaseFields.TimeCreated",
            "customTransformer": "com.sap.ariba.erpintegration.service.mds.transform.common.MDNIDateTransformer"
          },
          {
            "sourceName": "TimeUpdated",
            "targetName": "BaseFields.TimeUpdated",
            "customTransformer": "com.sap.ariba.erpintegration.service.mds.transform.common.MDNIDateTransformer"
          },
          {
            "sourceName": "IsActive",
            "targetName": "BaseFields.IsActive"
          }
        ]
      }
    ]
  },
  {
    "sourceType": "mdi",
    "targetType": "mdcs_mdni",
    "entityMappings": [
      {
        "entityName": "CurrencyConversionRate",
        "fieldMappings": [
          {
            "sourceName": "instance",
            "targetName": "instance",
            "customTransformer": "com.sap.ariba.erpintegration.mdi.common.transform.transformer.SimpleNodeTranformer"
          },
          {
            "sourceName": "localIds",
            "targetName": "localIds",
            "customTransformer": "com.sap.ariba.erpintegration.mdi.common.transform.transformer.SimpleNodeTranformer"
          },
          {
            "sourceName": "event",
            "targetName": "event",
            "customTransformer": "com.sap.ariba.erpintegration.mdi.common.transform.transformer.SimpleNodeTranformer"
          },
          {
            "sourceName": "id",
            "targetName": "id",
            "customTransformer": "com.sap.ariba.erpintegration.mdi.common.transform.transformer.SimpleNodeTranformer"
          }
        ]
      }
    ]
  },
  {
    "sourceType": "mdni",
    "targetType": "mdcs_odm",
    "entityMappings": [
      {
        "entityName": "CurrencyConversionRate",
        "fieldMappings": [
          {
            "sourceName": "instance",
            "targetName": "SKIP_LEVEL",
            "childMappings": [
              {
                "sourceName": "id",
                "targetName": "id"
              },
              {
                "sourceName": "displayId",
                "targetName": "displayId"
              },
              {
                "sourceName": "fromRatio",
                "targetName": "fromRatio",
                "customTransformer": "com.sap.ariba.erpintegration.service.cap.transform.common.BigDecimalValueTransformer"
              },
              {
                "sourceName": "toRatio",
                "targetName": "toRatio",
                "customTransformer": "com.sap.ariba.erpintegration.service.cap.transform.common.BigDecimalValueTransformer"
              },
              {
                "sourceName": "isDirectRate",
                "targetName": "isDirectRate"
              },
              {
                "sourceName": "exchangeRate",
                "targetName": "exchangeRate",
                "customTransformer": "com.sap.ariba.erpintegration.service.cap.transform.common.BigDecimalValueTransformer"
              },
              {
                "sourceName": "exchangeRateType",
                "targetName": "SKIP_LEVEL",
                "isObject": true,
                "childMappings": [
                  {
                    "sourceName": "code",
                    "targetName": "exchangeRateType_code"
                  }
                ]
              },
              {
                "sourceName": "fromCurrency",
                "targetName": "SKIP_LEVEL",
                "isObject": true,
                "childMappings": [
                  {
                    "sourceName": "code",
                    "targetName": "fromCurrency_code"
                  }
                ]
              },
              {
                "sourceName": "toCurrency",
                "targetName": "SKIP_LEVEL",
                "isObject": true,
                "childMappings": [
                  {
                    "sourceName": "code",
                    "targetName": "toCurrency_code"
                  }
                ]
              },
              {
                "sourceName": "effectiveDate",
                "targetName": "effectiveDate"
              },
              {
                "sourceName": "effectiveTime",
                "targetName": "effectiveTime"
              },
              {
                "sourceName": "SystemId_CUSTOM",
                "targetName": "SystemId",
                "customTransformer": "com.sap.ariba.erpintegration.mdi.common.transform.transformer.SystemIDTransformer"
              }
            ]
          },
          {
            "sourceName": "DeleteId_CUSTOM",
            "targetName": "id",
            "customTransformer": "com.sap.ariba.erpintegration.service.cap.transform.common.MDIToMdcsDeleteIdTransformer"
          },
          {
            "sourceName": "Active_CUSTOM",
            "targetName": "BaseFields.IsActive",
            "customTransformer": "com.sap.ariba.erpintegration.service.cap.transform.common.MDIToMdcsActiveFieldTransformer"
          },
          {
            "sourceName": "SenderBusinessSystemId_CUSTOM",
            "targetName": "SenderBusinessSystemId",
            "customTransformer": "com.sap.ariba.erpintegration.service.cap.transform.businesspartner.BusinessSystemIdTransformer"
          }
        ]
      }
    ]
  }
]
