[
  {
    "sourceType": "mdni",
    "targetType": "mdcs",
    "entityMappings": [
      {
        "entityName": "Currency",
        "fieldMappings": [
          {
            "sourceName": "Code",
            "targetName": "Code"
          },
          {
            "sourceName": "SystemId_CUSTOM",
            "targetName": "SystemId",
            "customTransformer": "com.sap.ariba.erpintegration.mdi.common.transform.transformer.SystemIDTransformer"
          },
          {
            "sourceName": "SenderBusinessSystemId",
            "targetName": "SenderBusinessSystemId"
          },
          {
            "sourceName": "TimeCreated",
            "targetName": "Created",
            "customTransformer": "com.sap.ariba.erpintegration.service.mds.transform.common.MDNIDateTransformer"
          },
          {
            "sourceName": "TimeUpdated",
            "targetName": "Updated",
            "customTransformer": "com.sap.ariba.erpintegration.service.mds.transform.common.MDNIDateTransformer"
          },
          {
            "sourceName": "ActionCode",
            "targetName": "BaseFields.IsActive",
            "customTransformer" : "com.sap.ariba.erpintegration.service.cap.transform.common.IsActiveTransformer"
          },
          {
            "sourceName": "ISOCurrencyCode",
            "targetName": "ISOCurrencyCode"
          },
          {
            "sourceName": "NumberOfDecimalPlaces",
            "targetName": "NumberOfDecimalPlaces"
          },
          {
            "sourceName": "LongDescription_ShortDescription_Description",
            "targetName": "texts",
            "customTransformer" : "com.sap.ariba.erpintegration.service.cap.transform.common.LocalizedMergeTransformer:LocalizedMergeTransformer"
          },
          {
            "sourceName": "Description",
            "targetName": "texts",
            "isArray": true,
            "customTransformer": "com.sap.ariba.erpintegration.service.cap.transform.common.LocalizedTransformer",
            "childMappings": [
              {
                "sourceName": "languageCode",
                "targetName": "locale",
                "customTransformer": "com.sap.ariba.erpintegration.service.mds.transform.common.LowerCaseTextTransformer"
              },
              {
                "sourceName": "LongDescription",
                "targetName": "LongDescription"
              },
              {
                "sourceName": "ShortDescription",
                "targetName": "ShortDescription"
              }
            ]
          },
          {
            "sourceName": "Description_LongDescription_CUSTOM",
            "targetName": "LongDescription",
            "customTransformer": "com.sap.ariba.erpintegration.service.cap.transform.common.DefaultLocaleValueTransformer"
          },
          {
            "sourceName": "Description_ShortDescription_CUSTOM",
            "targetName": "ShortDescription",
            "customTransformer": "com.sap.ariba.erpintegration.service.cap.transform.common.DefaultLocaleValueTransformer"
          }
        ]
      }
    ]
  }
]
