[
  {
    "sourceType": "mdi",
    "targetType": "mdni",
    "entityMappings": [
      {
        "entityName": "GeneralLedger",
        "fieldMappings": [
          {
            "sourceName": "instance",
            "targetName": "SKIP_LEVEL",
            "childMappings": [
              {
                "sourceName": "displayId_CUSTOM",
                "targetName": "GLAccount.GLAccountKey.GLAccount",
                "customTransformer": "com.sap.ariba.erpintegration.mdi.mds.resource.transform.transformer.ContextIdTransformer"
              },
              {
                "sourceName": "companyCode",
                "targetName": "SKIP_LEVEL",
                "childMappings": [
                  {
                    "sourceName": "id",
                    "targetName": "GLAccount.GLAccountKey.CompanyCode",
                    "customTransformer": "com.sap.ariba.erpintegration.mdi.mds.resource.transform.transformer.ContextIdTransformer"
                  }
                ]
              },
              {
                "sourceName": "name",
                "targetName": "GLAccount.GLAccountName",
                "customTransformer": "com.sap.ariba.erpintegration.service.mds.transform.common.OneToManyAssociationTransformer",
                "childMappings": [
                  {
                    "sourceName": "lang",
                    "targetName": "languageCode",
                    "customTransformer": "com.sap.ariba.erpintegration.onemds.transform.LangNodeTransformer"
                  },
                  {
                    "sourceName": "content",
                    "targetName": "content"
                  }
                ]
              },
              {
                "sourceName": "postingWithTaxIsMandatory",
                "targetName": "GLAccount.GLAccountTaxPosting.PostingWithTaxIsMandatory"
              },
              {
                "sourceName": "postingInputTaxIsAllowed",
                "targetName": "GLAccount.GLAccountTaxPosting.PostingInputTaxIsAllowed"
              },
              {
                "sourceName": "postingOutputTaxIsAllowed",
                "targetName": "GLAccount.GLAccountTaxPosting.PostingOutputTaxIsAllowed"
              }
            ]
          },
          {
            "sourceName": "IsRelevantForProcurementIndicator_CUSTOM",
            "targetName": "GLAccount.IsRelevantForProcurementIndicator",
            "customTransformer": "com.sap.ariba.erpintegration.onemds.transform.generalledger.IsGLAccountRelevantTransformer"
          },
          {
            "sourceName": "Active_CUSTOM",
            "targetName": "IsActive",
            "customTransformer": "com.sap.ariba.erpintegration.onemds.transform.common.MDIToMDNIActiveFieldTransformer"
          },
          {
            "sourceName": "ActionCode_CUSTOM",
            "targetName": "ActionCode",
            "customTransformer": "com.sap.ariba.erpintegration.onemds.transform.common.MDIToMDNIActionCodeTransformer"
          },
          {
            "sourceName": "TimeCreated_CUSTOM",
            "targetName": "TimeCreated",
            "customTransformer": "com.sap.ariba.erpintegration.onemds.transform.common.MDItoMDNIDefaultDateTransformer"
          },
          {
            "sourceName": "TimeUpdated_CUSTOM",
            "targetName": "TimeUpdated",
            "customTransformer": "com.sap.ariba.erpintegration.onemds.transform.common.MDItoMDNIDefaultDateTransformer"
          },
          {
            "sourceName": "SenderBusinessSystemId_CUSTOM",
            "targetName": "SenderBusinessSystemId",
            "customTransformer": "com.sap.ariba.erpintegration.onemds.transform.common.MDItoMDNISenderBusinessSystemIDTransformer"
          }
        ]
      }
    ]
  },
  {
    "sourceType": "mdni",
    "targetType": "mds",
    "entityMappings": [
      {
        "entityName": "GeneralLedger",
        "fieldMappings": [
          {
            "sourceName": "GLAccount",
            "targetName": "SKIP_LEVEL",
            "isObject" : true,
            "childMappings": [
              {
                "sourceName": "GLAccountKey",
                "targetName": "GeneralLedgerKey",
                "isObject" : true,
                "childMappings": [
                  {
                    "sourceName": "GLAccount",
                    "targetName": "UniqueName"
                  },
                  {
                    "sourceName": "CompanyCode",
                    "targetName": "CompanyCode"
                  }
                ]
              },
              {
                "sourceName": "GLAccountName",
                "targetName": "GeneralLedgerLangAssociation",
                "customTransformer": "com.sap.ariba.erpintegration.service.mds.transform.common.OneToManyAssociationTransformer",
                "childMappings": [
                  {
                    "sourceName": "languageCode",
                    "targetName": "LangKey.Lang",
                    "customTransformer": "com.sap.ariba.erpintegration.service.mds.transform.common.LowerCaseTextTransformer"
                  },
                  {
                    "sourceName": "content",
                    "targetName": "GeneralLedgerDescription"
                  }
                ]
              },
              {
                "sourceName": "FieldStatusGroup",
                "targetName": "SAP.FieldStatusGroup"
              }
            ]
          },
          {
            "sourceName": "SystemId_CUSTOM",
            "targetName": "GeneralLedgerKey.SystemId",
            "customTransformer": "com.sap.ariba.erpintegration.mdi.common.transform.transformer.SystemIDTransformer"
          },
          {
            "sourceName": "PartitionNumber_CUSTOM",
            "targetName": "GeneralLedgerKey.PartitionNumber",
            "customTransformer": "com.sap.ariba.erpintegration.service.mds.transform.common.MDNIToMDSPartitionNumberTransformer"
          },
          {
            "sourceName": "TimeCreated",
            "targetName": "BaseFields.TimeCreated",
            "customTransformer": "com.sap.ariba.erpintegration.service.mds.transform.common.MDNIDateTransformer"
          },
          {
            "sourceName": "TimeUpdated",
            "targetName": "BaseFields.TimeUpdated",
            "customTransformer": "com.sap.ariba.erpintegration.service.mds.transform.common.MDNIDateTransformer"
          },
          {
            "sourceName": "IsActive",
            "targetName": "BaseFields.IsActive"
          },
          {
            "sourceName": "Description_CUSTOM",
            "targetName": "GeneralLedgerDescription_dl",
            "customTransformer": "com.sap.ariba.erpintegration.service.mds.transform.generalledger.GeneralLedgerDefaultLocaleDescriptionTransformer"
          }
        ]
      }
    ]
  },
  {
    "sourceType": "mdni",
    "targetType": "mdcs",
    "entityMappings": [
      {
        "entityName": "GeneralLedger",
        "fieldMappings": [
          {
            "sourceName": "GLAccount",
            "targetName": "SKIP_LEVEL",
            "childMappings": [
              {
                "sourceName": "GLAccountKey",
                "targetName": "SKIP_LEVEL",
                "isObject" : true,
                "childMappings": [
                  {
                    "sourceName": "GLAccount",
                    "targetName": "GLAccount"
                  },
                  {
                    "sourceName": "CompanyCode",
                    "targetName": "CompanyCode"
                  }
                ]
              },
              {
                "sourceName": "GLAccountName",
                "targetName": "texts",
                "customTransformer": "com.sap.ariba.erpintegration.service.cap.transform.common.LocalizedTransformer",
                "childMappings": [
                  {
                    "sourceName": "languageCode",
                    "targetName": "locale",
                    "customTransformer": "com.sap.ariba.erpintegration.service.mds.transform.common.LowerCaseTextTransformer"
                  },
                  {
                    "sourceName": "content",
                    "targetName": "GLAccountName"
                  }
                ]
              },
              {
                "sourceName": "GLAccountName_content_CUSTOM",
                "targetName": "GLAccountName",
                "customTransformer": "com.sap.ariba.erpintegration.service.cap.transform.common.DefaultLocaleValueTransformer"
              },
              {
                "sourceName": "IsRelevantForProcurementIndicator",
                "targetName": "IsRelevantForProcurementIndicator"
              },
              {
                "sourceName": "FieldStatusGroup",
                "targetName": "FieldStatusGroup"
              },
              {
                "sourceName": "GLAccountTaxPosting",
                "targetName": "GLAccountTaxPostingSubEntityAssociation",
                "isArray": true,
                "customTransformer": "com.sap.ariba.erpintegration.service.mds.transform.common.OneToManyAssociationTransformer",
                "childMappings": [
                  {
                    "sourceName": "PostingWithTaxIsMandatory",
                    "targetName": "PostingWithTaxIsMandatory"
                  },
                  {
                    "sourceName": "PostingInputTaxIsAllowed",
                    "targetName": "PostingInputTaxIsAllowed"
                  },
                  {
                    "sourceName": "PostingOutputTaxIsAllowed",
                    "targetName": "PostingOutputTaxIsAllowed"
                  }
                ]
              },
              {
                "sourceName": "IsRelevantForProcurementIndicator_CUSTOM",
                "targetName": "BaseFields.IsActive",
                "customTransformer" : "com.sap.ariba.erpintegration.service.cap.transform.generalledger.GeneralLedgerIsActiveTransformer"
              }
            ]
          },
          {
            "sourceName": "SenderBusinessSystemId",
            "targetName": "SenderBusinessSystemId"
          },
          {
            "sourceName": "SystemId_CUSTOM",
            "targetName": "SystemId",
            "customTransformer": "com.sap.ariba.erpintegration.mdi.common.transform.transformer.SystemIDTransformer"
          },
          {
            "sourceName": "TimeCreated",
            "targetName": "Created",
            "customTransformer": "com.sap.ariba.erpintegration.service.mds.transform.common.MDNIDateTransformer"
          },
          {
            "sourceName": "TimeUpdated",
            "targetName": "Updated",
            "customTransformer": "com.sap.ariba.erpintegration.service.mds.transform.common.MDNIDateTransformer"
          }
        ]
      }
    ]
  }
]
