[
  {
    "sourceType": "scim",
    "targetType": "mds",
    "entityMappings": [
      {
        "entityName": "Group",
        "fieldMappings": [
          {
            "sourceName": "displayName",
            "targetName": "GroupKey.UniqueName"
          },
          {
            "sourceName": "created",
            "targetName": "BaseFields.TimeCreated"
          },
          {
            "sourceName": "lastModified",
            "targetName": "BaseFields.TimeUpdated"
          },
          {
            "sourceName": "adapterSource_CUSTOM",
            "targetName": "BaseFields.AdapterSource",
            "defaultValue": "External",
            "customTransformer": "com.sap.ariba.erpintegration.mdi.common.transform.transformer.AdapterSourceTransformer"
          },
          {
            "sourceName": "version",
            "targetName": "BaseFields.MdsVersion"
          },
          {
            "sourceName": "SystemId_CUSTOM",
            "targetName": "GroupKey.SystemId",
            "dependsOn": "displayName",
            "customTransformer": "com.sap.ariba.erpintegration.mdi.common.transform.transformer.SystemIDTransformer"
          },
          {
            "sourceName": "PartitionNumber_CUSTOM",
            "targetName": "GroupKey.PartitionNumber",
            "dependsOn": "displayName",
            "customTransformer": "com.sap.ariba.erpintegration.mdi.mds.resource.transform.transformer.PartitionNumberTransformer"
          },
          {
            "sourceName": "active",
            "targetName": "BaseFields.IsActive"
          },
          {
            "sourceName": "displayName_CUSTOM",
            "targetName": "Name_dl",
            "customTransformer": "com.sap.ariba.erpintegration.mdi.scim.resource.transform.transformer.GroupDisplayNameTransformer"
          },
          {
            "sourceName": "urn:sap:cloud:scim:schemas:extension:custom:2.0:profile:Group",
            "targetName": "SKIP_LEVEL",
            "isObject": true,
            "childMappings": [
              {
                "sourceName": "alternativeDisplayNames",
                "targetName": "GroupLangAssociation",
                "isArray": true,
                "childMappings": [
                  {
                    "sourceName": "displayName",
                    "targetName": "Name"
                  },
                  {
                    "sourceName": "language",
                    "targetName": "LangKey.Lang"
                  }
                ]
              }
            ]
          },
          {
            "sourceName": "displayName_Name_CUSTOM",
            "targetName": "GroupLangAssociation",
            "customTransformer": "com.sap.ariba.erpintegration.mdi.mds.resource.transform.transformer.DefaultLangTransformer"
          },
          {
            "sourceName": "rolesType_CUSTOM",
            "targetName": "PermissionsMapAssociation",
            "childMappings": [
              {
                "sourceName": "type_CUSTOM",
                "targetName": "PermissionKey.UniqueName"
              }
            ]
          },
          {
            "sourceName": "members",
            "targetName": "UsersMapAssociation",
            "customTransformer": "com.sap.ariba.erpintegration.mdi.scim.resource.transform.transformer.UsersMapAssociationTransformer",
            "childMappings": [
              {
                "sourceName": "value",
                "targetName": "SharedUserKey.UniqueName"
              },
              {
                "sourceName": "PasswordAdapter_CUSTOM",
                "targetName": "SharedUserKey.PasswordAdapter",
                "defaultValue": "PasswordAdapter1",
                "customTransformer": "com.sap.ariba.erpintegration.mdi.common.transform.transformer.DefaultStringValueTransformer"
              },
              {
                "sourceName": "SystemId_CUSTOM",
                "targetName": "SharedUserKey.SystemId",
                "customTransformer": "com.sap.ariba.erpintegration.mdi.common.transform.transformer.SystemIDTransformer"
              },
              {
                "sourceName": "PartitionNumber_CUSTOM",
                "targetName": "SharedUserKey.PartitionNumber",
                "customTransformer": "com.sap.ariba.erpintegration.mdi.mds.resource.transform.transformer.PartitionNumberTransformer"
              }
            ]
          },
          {
            "sourceName": "members_CUSTOM",
            "targetName": "ChildGroupsMapAssociation",
            "customTransformer": "com.sap.ariba.erpintegration.mdi.scim.resource.transform.transformer.ChildGroupMapAssociationTransformer",
            "childMappings": [
              {
                "sourceName": "value",
                "targetName": "ChildGroupKey.UniqueName"
              },
              {
                "sourceName": "SystemId_CUSTOM",
                "targetName": "ChildGroupKey.SystemId",
                "customTransformer": "com.sap.ariba.erpintegration.mdi.common.transform.transformer.SystemIDTransformer"
              },
              {
                "sourceName": "PartitionNumber_CUSTOM",
                "targetName": "ChildGroupKey.PartitionNumber",
                "customTransformer": "com.sap.ariba.erpintegration.mdi.mds.resource.transform.transformer.PartitionNumberTransformer"
              }
            ]
          }
        ]
      }
    ]
  },
  {
    "sourceType": "mds",
    "targetType": "mdni",
    "entityMappings": [
      {
        "entityName": "Group",
        "fieldMappings": [
          {
            "sourceName": "GroupKey",
            "targetName": "SKIP_LEVEL",
            "isObject": true,
            "childMappings": [
              {
                "sourceName": "UniqueName",
                "targetName": "UniqueName"
              }
            ]
          },
          {
            "sourceName": "BaseFields",
            "targetName": "SKIP_LEVEL",
            "isObject": true,
            "childMappings": [
              {
                "sourceName": "IsActive",
                "targetName": "IsActive"
              }
            ]
          },
          {
            "sourceName": "GroupLangAssociation",
            "targetName": "Name",
            "isArray": true,
            "childMappings": [
              {
                "sourceName": "LangKey",
                "targetName": "SKIP_LEVEL",
                "isObject": true,
                "childMappings": [
                  {
                    "sourceName": "Lang",
                    "targetName": "languageCode"
                  }
                ]
              },
              {
                "sourceName": "Name",
                "targetName": "content"
              }
            ]
          },
          {
            "sourceName": "UsersMapAssociation",
            "targetName": "Users",
            "isArray": true,
            "childMappings": [
              {
                "sourceName": "SharedUserKey",
                "targetName": "SKIP_LEVEL",
                "isObject": true,
                "childMappings": [
                  {
                    "sourceName": "UniqueName",
                    "targetName": "UniqueName"
                  },
                  {
                    "sourceName": "PasswordAdapter",
                    "targetName": "PasswordAdapter"
                  }
                ]
              }
            ]
          },
          {
            "sourceName": "ChildGroupsMapAssociation",
            "targetName": "ChildGroups",
            "isArray": true,
            "childMappings": [
              {
                "sourceName": "ChildGroupKey",
                "targetName": "SKIP_LEVEL",
                "isObject": true,
                "childMappings": [
                  {
                    "sourceName": "UniqueName",
                    "targetName": "UniqueName"
                  }
                ]
              }
            ]
          },
          {
            "sourceName": "scim_CUSTOM",
            "targetName": "$scim",
            "defaultValue": "true",
            "dependsOn": "GroupKey",
            "customTransformer": "com.sap.ariba.erpintegration.mdi.common.transform.transformer.DefaultStringValueTransformer"
          },
          {
            "sourceName": "adapterSource_CUSTOM",
            "targetName": "adapterSource",
            "defaultValue": "External",
            "customTransformer": "com.sap.ariba.erpintegration.mdi.common.transform.transformer.AdapterSourceTransformer"
          }
        ]
      }
    ]
  },
  {
    "sourceType": "mds",
    "targetType": "scim",
    "entityMappings": [
      {
        "entityName": "Group",
        "fieldMappings": [
          {
            "sourceName": "GroupKey.UniqueName",
            "targetName": "displayName"
          },
          {
            "sourceName": "BaseFields.TimeCreated",
            "targetName": "created"
          },
          {
            "sourceName": "BaseFields.TimeUpdated",
            "targetName": "lastModified"
          },
          {
            "sourceName": "BaseFields.MdsVersion",
            "targetName": "version"
          },
          {
            "sourceName": "GroupMembers_CUSTOM",
            "targetName": "members",
            "customTransformer": "com.sap.ariba.erpintegration.mdi.scim.resource.transform.transformer.GroupMembersTransformer"
          },
          {
            "sourceName": "GroupType_CUSTOM",
            "targetName": "urn:ietf:params:scim:schemas:extension:sap:2##0:Group.type",
            "customTransformer": "com.sap.ariba.erpintegration.mdi.scim.resource.transform.transformer.GroupTypeTransformer"
          },
          {
            "sourceName": "GroupSupportedOperations_CUSTOM",
            "targetName": "urn:ietf:params:scim:schemas:extension:sap:2##0:Group.supportedOperations",
            "customTransformer": "com.sap.ariba.erpintegration.mdi.scim.resource.transform.transformer.GroupSupportedOperationTransformer"
          },
          {
            "sourceName": "GroupLangAssociation",
            "targetName": "urn:sap:cloud:scim:schemas:extension:custom:2##0:profile:Group.alternativeDisplayNames",
            "childMappings": [
              {
                 "sourceName": "LangKey.Lang",
                 "targetName": "language"
              },
              {
                "sourceName": "Name",
                "targetName": "displayName"
              }
            ]
          }
        ]
      }
    ]
  },
  {
    "sourceType": "mdni",
    "targetType": "mdcs",
    "entityMappings": [
      {
        "entityName": "Group",
        "fieldMappings": [
          {
            "sourceName": "UniqueName",
            "targetName": "GroupKey.UniqueName"
          },
          {
            "sourceName": "SystemId_CUSTOM",
            "targetName": "GroupKey.SystemId",
            "customTransformer": "com.sap.ariba.erpintegration.mdi.common.transform.transformer.SystemIDTransformer"
          },
          {
            "sourceName": "PartitionNumber_CUSTOM",
            "targetName": "GroupKey.PartitionNumber",
            "customTransformer": "com.sap.ariba.erpintegration.service.mds.transform.common.MDNIToMDSPartitionNumberTransformer"
          },
          {
            "sourceName": "SenderBusinessSystemId",
            "targetName": "GroupKey.SenderBusinessSystemId"
          },
          {
            "sourceName": "TimeCreated",
            "targetName": "BaseFields.TimeCreated",
            "customTransformer": "com.sap.ariba.erpintegration.service.mds.transform.common.MDNIDateTransformer"
          },
          {
            "sourceName": "TimeUpdated",
            "targetName": "BaseFields.TimeUpdated",
            "customTransformer": "com.sap.ariba.erpintegration.service.mds.transform.common.MDNIDateTransformer"
          },
          {
            "sourceName": "IsActive",
            "targetName": "BaseFields.IsActive"
          },
          {
            "sourceName": "Name_Name_CUSTOM",
            "targetName": "GroupLangAssociation",
            "customTransformer": "com.sap.ariba.erpintegration.mdi.mds.resource.transform.transformer.DefaultLangArrayTransformer"
          },
          {
            "sourceName": "Name",
            "targetName": "Name_dl"
          },
          {
            "sourceName": "HideUsersInApprovalGraph",
            "targetName": "HideUsersInApprovalGraph"
          },
          {
            "sourceName": "RequestResponsibility",
            "targetName": "RequestResponsibility"
          }
        ]
      }
    ]
  }
]
