[
  {
    "sourceType": "mdni",
    "targetType": "mds",
    "entityMappings": [
      {
        "entityName": "IncoTerms",
        "fieldMappings": [
          {
            "sourceName": "Code",
            "targetName": "IncoTermsKey.UniqueName"
          },
          {
            "sourceName": "SystemId_CUSTOM",
            "targetName": "IncoTermsKey.SystemId",
            "customTransformer": "com.sap.ariba.erpintegration.mdi.common.transform.transformer.SystemIDTransformer"
          },
          {
            "sourceName": "PartitionNumber_CUSTOM",
            "targetName": "IncoTermsKey.PartitionNumber",
            "customTransformer": "com.sap.ariba.erpintegration.service.mds.transform.common.MDNIToMDSPartitionNumberTransformer"
          },
          {
            "sourceName": "SenderBusinessSystemId",
            "targetName": "IncoTermsKey.SenderBusinessSystemId"
          },
          {
            "sourceName": "TimeCreated",
            "targetName": "BaseFields.TimeCreated",
            "customTransformer": "com.sap.ariba.erpintegration.service.mds.transform.common.MDNIDateTransformer"
          },
          {
            "sourceName": "TimeUpdated",
            "targetName": "BaseFields.TimeUpdated",
            "customTransformer": "com.sap.ariba.erpintegration.service.mds.transform.common.MDNIDateTransformer"
          },
          {
            "sourceName": "IsActive",
            "targetName": "BaseFields.IsActive"
          },
          {
            "sourceName": "LocationMandatoryIndicator",
            "targetName": "IsLocationRequired"
          },
          {
            "sourceName": "Description",
            "targetName": "IncoTermsLangAssociation",
            "isArray": true,
            "customTransformer": "com.sap.ariba.erpintegration.service.mds.transform.common.OneToManyAssociationTransformer",
            "childMappings": [
              {
                "sourceName": "languageCode",
                "targetName": "LangKey.Lang",
                "customTransformer": "com.sap.ariba.erpintegration.service.mds.transform.common.LowerCaseTextTransformer"
              },
              {
                "sourceName": "content",
                "targetName": "Name"
              }
            ]
          },
          {
            "sourceName": "Description_CUSTOM",
            "targetName": "Name_dl",
            "customTransformer": "com.sap.ariba.erpintegration.service.mds.transform.common.DefaultLocaleDescriptionTransformer"
          }
        ]
      }
    ]
  },
  {
    "sourceType": "mdni",
    "targetType": "mdcs",
    "entityMappings": [
      {
        "entityName": "IncoTerms",
        "fieldMappings": [
          {
            "sourceName": "Code",
            "targetName": "Code"
          },
          {
            "sourceName": "SystemId_CUSTOM",
            "targetName": "SystemId",
            "customTransformer": "com.sap.ariba.erpintegration.mdi.common.transform.transformer.SystemIDTransformer"
          },
          {
            "sourceName": "SenderBusinessSystemId",
            "targetName": "SenderBusinessSystemId"
          },
          {
            "sourceName": "TimeCreated",
            "targetName": "Created",
            "customTransformer": "com.sap.ariba.erpintegration.service.mds.transform.common.MDNIDateTransformer"
          },
          {
            "sourceName": "TimeUpdated",
            "targetName": "Updated",
            "customTransformer": "com.sap.ariba.erpintegration.service.mds.transform.common.MDNIDateTransformer"
          },
          {
            "sourceName": "ActionCode",
            "targetName": "BaseFields.IsActive",
            "customTransformer" : "com.sap.ariba.erpintegration.service.cap.transform.common.IsActiveTransformer"
          },
          {
            "sourceName": "LocationMandatoryIndicator",
            "targetName": "LocationMandatoryIndicator"
          },
          {
            "sourceName": "Description",
            "targetName": "texts",
            "isArray": true,
            "customTransformer": "com.sap.ariba.erpintegration.service.cap.transform.common.LocalizedTransformer",
            "childMappings": [
              {
                "sourceName": "languageCode",
                "targetName": "locale",
                "customTransformer": "com.sap.ariba.erpintegration.service.mds.transform.common.LowerCaseTextTransformer"
              },
              {
                "sourceName": "content",
                "targetName": "Description"
              }
            ]
          },
          {
            "sourceName": "Description_content_CUSTOM",
            "targetName": "Description",
            "customTransformer": "com.sap.ariba.erpintegration.service.cap.transform.common.DefaultLocaleValueTransformer"
          }
        ]
      }
    ]
  }
]
