[
  {
    "sourceType": "mdni",
    "targetType": "mdcs",
    "entityMappings": [
      {
        "entityName": "InternalOrder",
        "fieldMappings": [
          {
            "sourceName": "InternalOrder",
            "targetName": "SKIP_LEVEL",
            "isObject" : true,
            "childMappings": [
              {
                "sourceName": "InternalOrderKey",
                "targetName": "SKIP_LEVEL",
                "childMappings": [
                  {
                    "sourceName": "CompanyCode",
                    "targetName": "CompanyCode"
                  },
                  {
                    "sourceName": "InternalOrder",
                    "targetName": "InternalOrder"
                  }
                ]
              },
              {
                "sourceName": "InternalOrderName",
                "targetName": "texts",
                "isArray": true,
                "customTransformer": "com.sap.ariba.erpintegration.service.cap.transform.common.LocalizedTransformer",
                "childMappings": [
                  {
                    "sourceName": "languageCode",
                    "targetName": "locale",
                    "customTransformer": "com.sap.ariba.erpintegration.service.mds.transform.common.LowerCaseTextTransformer"
                  },
                  {
                    "sourceName": "content",
                    "targetName": "InternalOrderName"
                  }
                ]
              },
              {
                "sourceName": "InternalOrderName_content_CUSTOM",
                "targetName": "InternalOrderName",
                "customTransformer": "com.sap.ariba.erpintegration.service.cap.transform.common.DefaultLocaleValueTransformer"
              }
              ]
          },
          {
            "sourceName": "SenderBusinessSystemId",
            "targetName": "SenderBusinessSystemId"
          },
          {
            "sourceName": "SystemId_CUSTOM",
            "targetName": "SystemId",
            "customTransformer": "com.sap.ariba.erpintegration.mdi.common.transform.transformer.SystemIDTransformer"
          },
          {
            "sourceName": "TimeCreated",
            "targetName": "Created",
            "customTransformer": "com.sap.ariba.erpintegration.service.mds.transform.common.MDNIDateTransformer"
          },
          {
            "sourceName": "TimeUpdated",
            "targetName": "Updated",
            "customTransformer": "com.sap.ariba.erpintegration.service.mds.transform.common.MDNIDateTransformer"
          },
          {
            "sourceName": "ActionCode",
            "targetName": "BaseFields.IsActive",
            "customTransformer" : "com.sap.ariba.erpintegration.service.cap.transform.common.IsActiveTransformer"
          }
        ]
      }
    ]
  }
]
