[
    {
    "sourceType": "mdni",
    "targetType": "mds",
    "entityMappings": [
      {
        "entityName": "ItemMaster",
        "fieldMappings": [
          {
            "sourceName": "SystemId_CUSTOM",
            "targetName": "ItemMasterKey.SystemId",
            "customTransformer": "com.sap.ariba.erpintegration.mdi.common.transform.transformer.SystemIDTransformer"
          },
          {
            "sourceName": "PartitionNumber_CUSTOM",
            "targetName": "ItemMasterKey.PartitionNumber",
            "customTransformer": "com.sap.ariba.erpintegration.service.mds.transform.common.MDNIToMDSPartitionNumberTransformer"
          },
          {
            "sourceName": "SenderBusinessSystemId_CUSTOM",
            "targetName": "ItemMasterKey.SenderBusinessSystemId",
            "customTransformer": "com.sap.ariba.erpintegration.service.mds.transform.itemmaster.ItemMasterSenderBusinessSystemIdTransformer"
          },
          {
            "sourceName": "TimeCreated",
            "targetName": "BaseFields.TimeCreated",
            "customTransformer": "com.sap.ariba.erpintegration.service.mds.transform.common.MDNIDateTransformer"
          },
          {
            "sourceName": "TimeUpdated",
            "targetName": "BaseFields.TimeUpdated",
            "customTransformer": "com.sap.ariba.erpintegration.service.mds.transform.common.MDNIDateTransformer"
          },
          {
            "sourceName": "IsActive",
            "targetName": "BaseFields.IsActive"
          },
          {
            "sourceName": "Product",
            "targetName": "SKIP_LEVEL",
            "isObject": true,
            "childMappings": [
              {
                "sourceName": "ProductInternalID",
                "targetName": "ItemMasterKey.ProductInternalID"
              },
              {
                "sourceName": "BaseMeasureUnitCode",
                "targetName": "BaseMeasureUnitCode"
              },
              {
                "sourceName": "ProductGroupInternalID",
                "targetName": "ProductGroupInternalID"
              },
              {
                "sourceName": "ProductTypeCode",
                "targetName": "ProductTypeCode"
              },
              {
                "sourceName": "Description",
                "targetName": "ItemMasterLangAssociation",
                "isArray": true,
                "customTransformer": "com.sap.ariba.erpintegration.service.mds.transform.common.OneToManyAssociationTransformer",
                "childMappings": [
                  {
                    "sourceName": "Description",
                    "targetName": "SKIP_LEVEL",
                    "isObject": true,
                    "childMappings": [
                      {
                        "sourceName": "languageCode",
                        "targetName": "LangKey.Lang",
                        "customTransformer": "com.sap.ariba.erpintegration.service.mds.transform.common.LowerCaseTextTransformer"
                      },
                      {
                        "sourceName": "content",
                        "targetName": "Description"
                      }
                    ]
                  }
                ]
              },
              {
                "sourceName": "PlantIndependentProcurementSpecification",
                "targetName": "OrderUnit",
                "customTransformer": "com.sap.ariba.erpintegration.service.mds.transform.itemmaster.OrderUnitTransformer"
              },
              {
                "sourceName": "Plant_CUSTOM",
                "targetName": "PlantMapAssociation",
                "customTransformer": "com.sap.ariba.erpintegration.service.mds.transform.itemmaster.ItemMasterPlantTransformer"
              }
            ]
          },
          {
            "sourceName": "Description_CUSTOM",
            "targetName": "Description_dl",
            "customTransformer": "com.sap.ariba.erpintegration.service.mds.transform.itemmaster.ItemMasterDefaultLocaleDescriptionTransformer"
          }
        ]
      }
    ]
  },
  {
    "sourceType": "mdni",
    "targetType": "mdcs",
    "entityMappings": [
      {
        "entityName": "ItemMaster",
        "fieldMappings": [
          {
            "sourceName": "SystemId_CUSTOM",
            "targetName": "SystemId",
            "customTransformer": "com.sap.ariba.erpintegration.mdi.common.transform.transformer.SystemIDTransformer"
          },
          {
            "sourceName": "SenderBusinessSystemId",
            "targetName": "SenderBusinessSystemId"
          },
          {
            "sourceName": "TimeCreated",
            "targetName": "Created",
            "customTransformer": "com.sap.ariba.erpintegration.service.mds.transform.common.MDNIDateTransformer"
          },
          {
            "sourceName": "TimeUpdated",
            "targetName": "Updated",
            "customTransformer": "com.sap.ariba.erpintegration.service.mds.transform.common.MDNIDateTransformer"
          },
          {
            "sourceName": "Product",
            "targetName": "SKIP_LEVEL",
            "isObject": true,
            "childMappings": [
              {
                "sourceName": "ActionCode",
                "targetName": "BaseFields.IsActive",
                "customTransformer": "com.sap.ariba.erpintegration.service.cap.transform.common.IsActiveTransformer"
              },
              {
                "sourceName": "ProductInternalID",
                "targetName": "ProductInternalID"
              },
              {
                "sourceName": "BaseMeasureUnitCode",
                "targetName": "BaseMeasureUnitCode"
              },
              {
                "sourceName": "ProductGroupInternalID",
                "targetName": "ProductGroupInternalID"
              },
              {
                "sourceName": "ProductTypeCode",
                "targetName": "ProductTypeCode"
              },
              {
                "sourceName": "PlantIndependentProcurementSpecification",
                "targetName": "PlantIndependentProcurementSpecification",
                "customTransformer": "com.sap.ariba.erpintegration.service.mds.transform.itemmaster.OrderUnitTransformer"
              },
              {
                "sourceName": "Plant",
                "targetName": "PlantMapAssociation",
                "customTransformer": "com.sap.ariba.erpintegration.service.mds.transform.common.OneToManyAssociationTransformer",
                "childMappings": [
                  {
                    "sourceName": "PlantID",
                    "targetName": "PlantID"
                  }
                ]
              },
              {
                "sourceName": "Description",
                "targetName": "texts",
                "isArray": true,
                "customTransformer": "com.sap.ariba.erpintegration.service.mds.transform.common.OneToManyAssociationTransformer",
                "childMappings": [
                  {
                    "sourceName": "Description",
                    "targetName": "SKIP_LEVEL",
                    "isObject": true,
                    "childMappings": [
                      {
                        "sourceName": "languageCode",
                        "targetName": "locale",
                        "customTransformer": "com.sap.ariba.erpintegration.service.mds.transform.common.LowerCaseTextTransformer"
                      },
                      {
                        "sourceName": "content",
                        "targetName": "Description"
                      }
                    ]
                  }
                ]
              }
            ]
          },
          {
            "sourceName": "Description_CUSTOM",
            "targetName": "Description",
            "customTransformer": "com.sap.ariba.erpintegration.service.mds.transform.itemmaster.ItemMasterDefaultLocaleDescriptionTransformer"
          }
        ]
      }
    ]
  },
  {
  "sourceType": "mdi",
  "targetType": "mdni",
  "entityMappings": [
    {
      "entityName": "ItemMaster",
      "fieldMappings": [
        {
          "sourceName": "instance",
          "targetName": "SKIP_LEVEL",
          "childMappings": [
            {
              "sourceName": "Product_CUSTOM",
              "targetName": "Product",
              "childMappings": [
                {
                  "sourceName": "displayId_CUSTOM",
                  "targetName": "ProductInternalID",
                  "customTransformer": "com.sap.ariba.erpintegration.mdi.mds.resource.transform.transformer.ContextIdTransformer"
                },
                {
                  "sourceName": "type",
                  "targetName": "SKIP_LEVEL",
                  "childMappings": [
                    {
                      "sourceName": "code",
                      "targetName": "ProductTypeCode"
                    }
                  ]
                },
                {
                  "sourceName": "productGroup",
                  "targetName": "SKIP_LEVEL",
                  "childMappings": [
                    {
                      "sourceName": "id",
                      "targetName": "ProductGroupInternalID"
                    }
                  ]
                },
                {
                  "sourceName": "baseUnitOfMeasure",
                  "targetName": "SKIP_LEVEL",
                  "childMappings": [
                    {
                      "sourceName": "code",
                      "targetName": "BaseMeasureUnitCode"
                    }
                  ]
                },
                {
                  "sourceName": "SourceBusinessSystemID_CUSTOM",
                  "targetName": "SourceBusinessSystemID",
                  "customTransformer": "com.sap.ariba.erpintegration.onemds.transform.common.MDItoMDNISourcingBusinessSystemIDTransformer"
                },
                {
                  "sourceName": "plants",
                  "targetName": "Plant",
                  "isArray": true,
                  "customTransformer": "com.sap.ariba.erpintegration.service.mds.transform.common.OneToManyAssociationTransformer",
                  "childMappings": [
                    {
                      "sourceName": "plant",
                      "targetName": "SKIP_LEVEL",
                      "childMappings": [
                        {
                          "sourceName": "id",
                          "targetName": "PlantID"
                        }
                      ]
                    }
                  ]
                },
                {
                  "sourceName": "name",
                  "targetName": "Description",
                  "isArray": true,
                  "customTransformer": "com.sap.ariba.erpintegration.service.mds.transform.common.OneToManyAssociationTransformer",
                  "childMappings": [
                    {
                      "sourceName": "Description_CUSTOM",
                      "targetName": "Description",
                      "isObject": true,
                      "childMappings": [
                        {
                          "sourceName": "lang",
                          "targetName": "languageCode",
                          "customTransformer" : "com.sap.ariba.erpintegration.onemds.transform.LangNodeTransformer"
                        },
                        {
                          "sourceName": "content",
                          "targetName": "content"
                        }
                      ]
                    }
                  ]
                },
                {
                  "sourceName": "procurementAspect",
                  "targetName": "SKIP_LEVEL",
                  "childMappings": [
                    {
                      "sourceName": "orderUnit",
                      "targetName": "PlantIndependentProcurementSpecification",
                      "childMappings": [
                        {
                          "sourceName": "code",
                          "targetName": "OrderMeasureUnitCode"
                        }
                      ]
                    }
                  ]
                }
              ]
            }
          ]
        },
        {
          "sourceName": "Active_CUSTOM",
          "targetName": "IsActive",
          "customTransformer": "com.sap.ariba.erpintegration.onemds.transform.common.MDIToMDNIActiveFieldTransformer"
        },
        {
          "sourceName": "ActionCode_CUSTOM",
          "targetName": "ActionCode",
          "customTransformer": "com.sap.ariba.erpintegration.onemds.transform.common.MDIToMDNIActionCodeTransformer"
        },
        {
          "sourceName": "TimeCreated_CUSTOM",
          "targetName": "TimeCreated",
          "customTransformer": "com.sap.ariba.erpintegration.onemds.transform.common.MDItoMDNIDefaultDateTransformer"
        },
        {
          "sourceName": "TimeUpdated_CUSTOM",
          "targetName": "TimeUpdated",
          "customTransformer": "com.sap.ariba.erpintegration.onemds.transform.common.MDItoMDNIDefaultDateTransformer"
        },
        {
          "sourceName": "SenderBusinessSystemId_CUSTOM",
          "targetName": "SenderBusinessSystemId",
          "customTransformer": "com.sap.ariba.erpintegration.onemds.transform.common.MDItoMDNISenderBusinessSystemIDTransformer"
        }
      ]
    }
  ]
},
  {
    "sourceType": "mdi",
    "targetType": "mdcs_mdni",
    "entityMappings": [
      {
        "entityName": "ItemMaster",
        "fieldMappings": [
          {
            "sourceName": "instance",
            "targetName": "instance",
            "customTransformer": "com.sap.ariba.erpintegration.mdi.common.transform.transformer.SimpleNodeTranformer"
          },
          {
            "sourceName": "localIds",
            "targetName": "localIds",
            "customTransformer": "com.sap.ariba.erpintegration.mdi.common.transform.transformer.SimpleNodeTranformer"
          },
          {
            "sourceName": "event",
            "targetName": "event",
            "customTransformer": "com.sap.ariba.erpintegration.mdi.common.transform.transformer.SimpleNodeTranformer"
          },
          {
            "sourceName": "id",
            "targetName": "id",
            "customTransformer": "com.sap.ariba.erpintegration.mdi.common.transform.transformer.SimpleNodeTranformer"
          }
        ]
      }
    ]
  },
  {
    "sourceType": "mdni",
    "targetType": "mdcs_odm",
    "entityMappings": [
      {
        "entityName": "ItemMaster",
        "fieldMappings": [
          {
            "sourceName": "instance",
            "targetName": "SKIP_LEVEL",
            "childMappings": [
              {
                "sourceName": "id",
                "targetName": "id"
              },
              {
                "sourceName": "SystemId_CUSTOM",
                "targetName": "SystemId",
                "customTransformer": "com.sap.ariba.erpintegration.mdi.common.transform.transformer.SystemIDTransformer"
              },
              {
                "sourceName": "displayId",
                "targetName": "displayId"
              },
              {
                "sourceName": "name_content_CUSTOM",
                "targetName": "name",
                "customTransformer": "com.sap.ariba.erpintegration.service.cap.transform.common.MdcsDefaultLocaleValueTransformer"
              },
              {
                "sourceName": "type",
                "targetName": "SKIP_LEVEL",
                "isObject": true,
                "childMappings": [
                  {
                    "sourceName": "code",
                    "targetName": "type_code"
                  }
                ]
              },
              {
                "sourceName": "baseUnitOfMeasure",
                "targetName": "SKIP_LEVEL",
                "isObject": true,
                "childMappings": [
                  {
                    "sourceName": "code",
                    "targetName": "baseUnitOfMeasure_code"
                  }
                ]
              },
              {
                "sourceName": "productGroup",
                "targetName": "SKIP_LEVEL",
                "childMappings": [
                  {
                    "sourceName": "id",
                    "targetName": "productGroup_id"
                  }
                ]
              },
              {
                "sourceName": "plants",
                "targetName": "plants",
                "customTransformer": "com.sap.ariba.erpintegration.service.mds.transform.common.OneToManyAssociationTransformer",
                "childMappings": [
                  {
                    "sourceName": "plant",
                    "targetName": "SKIP_LEVEL",
                    "isObject": true,
                    "childMappings": [
                      {
                        "sourceName": "id",
                        "targetName": "plant_id"
                      }
                    ]
                  }
                ]
              },
              {
                "sourceName": "procurementAspect",
                "targetName": "procurementAspect",
                "customTransformer": "com.sap.ariba.erpintegration.service.mds.transform.common.OneToManyAssociationTransformer",
                "childMappings": [
                  {
                    "sourceName": "orderUnit",
                    "targetName": "SKIP_LEVEL",
                    "isObject": true,
                    "childMappings": [
                      {
                        "sourceName": "code",
                        "targetName": "orderUnit_code"
                      }
                    ]
                  }
                ]
              }
            ]
          },
          {
            "sourceName": "localIds",
            "targetName": "localIdMappings",
            "customTransformer": "com.sap.ariba.erpintegration.service.mds.transform.common.OneToManyAssociationTransformer",
            "childMappings": [
              {
                "sourceName": "context",
                "targetName": "SKIP_LEVEL",
                "isObject": true,
                "childMappings": [
                  {
                    "sourceName": "application",
                    "targetName": "application"
                  },
                  {
                    "sourceName": "tenant",
                    "targetName": "tenant"
                  },
                  {
                    "sourceName": "type",
                    "targetName": "type"
                  },
                  {
                    "sourceName": "additionalContext",
                    "targetName": "additionalContext"
                  }
                ]
              },
              {
                "sourceName": "status",
                "targetName": "status"
              },
              {
                "sourceName": "localId",
                "targetName": "localId"
              }
            ]
          },
          {
            "sourceName": "Active_CUSTOM",
            "targetName": "BaseFields.IsActive",
            "customTransformer": "com.sap.ariba.erpintegration.service.cap.transform.common.MDIToMdcsActiveFieldTransformer"
          },
          {
            "sourceName": "DeleteId_CUSTOM",
            "targetName": "id",
            "customTransformer": "com.sap.ariba.erpintegration.service.cap.transform.common.MDIToMdcsDeleteIdTransformer"
          },
          {
            "sourceName": "SenderBusinessSystemId_CUSTOM",
            "targetName": "SenderBusinessSystemId",
            "customTransformer": "com.sap.ariba.erpintegration.service.cap.transform.businesspartner.BusinessSystemIdTransformer"
          }
        ]
      }
    ]
  }
]
