[
  {
    "sourceType": "mdi",
    "targetType": "mdni",
    "entityMappings": [
      {
        "entityName": "PartitionedCommodityCode",
        "fieldMappings": [
          {
            "sourceName": "instance",
            "targetName": "SKIP_LEVEL",
            "childMappings": [
              {
                "sourceName": "displayId_CUSTOM",
                "targetName": "Code",
                "customTransformer": "com.sap.ariba.erpintegration.mdi.mds.resource.transform.transformer.ContextIdTransformer"
              },
              {
                "sourceName": "description",
                "targetName": "Description",
                "isArray": true,
                "customTransformer": "com.sap.ariba.erpintegration.service.mds.transform.common.OneToManyAssociationTransformer",
                "childMappings": [
                  {
                    "sourceName": "lang",
                    "targetName": "languageCode",
                    "customTransformer": "com.sap.ariba.erpintegration.onemds.transform.LangNodeTransformer"
                  },
                  {
                    "sourceName": "content",
                    "targetName": "content"
                  }
                ]
              }
            ]
          },
          {
            "sourceName": "Active_CUSTOM",
            "targetName": "IsActive",
            "customTransformer": "com.sap.ariba.erpintegration.onemds.transform.common.MDIToMDNIActiveFieldTransformer"
          },
          {
            "sourceName": "ActionCode_CUSTOM",
            "targetName": "ActionCode",
            "customTransformer": "com.sap.ariba.erpintegration.onemds.transform.common.MDIToMDNIActionCodeTransformer"
          },
          {
            "sourceName": "TimeCreated_CUSTOM",
            "targetName": "TimeCreated",
            "customTransformer": "com.sap.ariba.erpintegration.onemds.transform.common.MDItoMDNIDefaultDateTransformer"
          },
          {
            "sourceName": "TimeUpdated_CUSTOM",
            "targetName": "TimeUpdated",
            "customTransformer": "com.sap.ariba.erpintegration.onemds.transform.common.MDItoMDNIDefaultDateTransformer"
          },
          {
            "sourceName": "SenderBusinessSystemId_CUSTOM",
            "targetName": "SenderBusinessSystemId",
            "customTransformer": "com.sap.ariba.erpintegration.onemds.transform.common.MDItoMDNISenderBusinessSystemIDTransformer"
          }
        ]
      }
    ]
  },
  {
    "sourceType": "mdni",
    "targetType": "mds",
    "entityMappings": [
      {
        "entityName": "PartitionedCommodityCode",
        "fieldMappings": [
          {
            "sourceName": "Code",
            "targetName": "PartitionedCommodityCodeKey.UniqueName"
          },
          {
            "sourceName": "SystemId_CUSTOM",
            "targetName": "PartitionedCommodityCodeKey.SystemId",
            "customTransformer": "com.sap.ariba.erpintegration.mdi.common.transform.transformer.SystemIDTransformer"
          },
          {
            "sourceName": "PartitionNumber_CUSTOM",
            "targetName": "PartitionedCommodityCodeKey.PartitionNumber",
            "customTransformer": "com.sap.ariba.erpintegration.service.mds.transform.common.MDNIToMDSPartitionNumberTransformer"
          },
          {
            "sourceName": "SenderBusinessSystemId",
            "targetName": "PartitionedCommodityCodeKey.SenderBusinessSystemId"
          },
          {
            "sourceName": "TimeCreated",
            "targetName": "BaseFields.TimeCreated",
            "customTransformer": "com.sap.ariba.erpintegration.service.mds.transform.common.MDNIDateTransformer"
          },
          {
            "sourceName": "TimeUpdated",
            "targetName": "BaseFields.TimeUpdated",
            "customTransformer": "com.sap.ariba.erpintegration.service.mds.transform.common.MDNIDateTransformer"
          },
          {
            "sourceName": "IsActive",
            "targetName": "BaseFields.IsActive"
          },
          {
            "sourceName": "Description",
            "targetName": "PartitionedCommodityCodeLangAssociation",
            "isArray": true,
            "customTransformer": "com.sap.ariba.erpintegration.service.mds.transform.common.OneToManyAssociationTransformer",
            "childMappings": [
              {
                "sourceName": "languageCode",
                "targetName": "LangKey.Lang",
                "customTransformer": "com.sap.ariba.erpintegration.service.mds.transform.common.LowerCaseTextTransformer"
              },
              {
                "sourceName": "content",
                "targetName": "Name"
              },
              {
                "sourceName": "Descr_CUSTOM",
                "targetName": "Description",
                "customTransformer": "com.sap.ariba.erpintegration.service.mds.transform.partitionedcommoditycode.DescriptionTransformer"
              }
            ]
          },
          {
            "sourceName": "Name_CUSTOM",
            "targetName": "Name_dl",
            "customTransformer": "com.sap.ariba.erpintegration.service.mds.transform.common.DefaultLocaleDescriptionTransformer"
          },
          {
            "sourceName": "Description_CUSTOM",
            "targetName": "Description_dl",
            "customTransformer": "com.sap.ariba.erpintegration.service.mds.transform.common.DefaultLocaleDescriptionTransformer"
          }
        ]
      }
    ]
  },
  {
    "sourceType": "mdni",
    "targetType": "mdcs",
    "entityMappings": [
      {
        "entityName": "PartitionedCommodityCode",
        "fieldMappings": [
          {
            "sourceName": "Code",
            "targetName": "Code"
          },
          {
            "sourceName": "SystemId_CUSTOM",
            "targetName": "SystemId",
            "customTransformer": "com.sap.ariba.erpintegration.mdi.common.transform.transformer.SystemIDTransformer"
          },
          {
            "sourceName": "SenderBusinessSystemId",
            "targetName": "SenderBusinessSystemId"
          },
          {
            "sourceName": "TimeCreated",
            "targetName": "Created",
            "customTransformer": "com.sap.ariba.erpintegration.service.mds.transform.common.MDNIDateTransformer"
          },
          {
            "sourceName": "TimeUpdated",
            "targetName": "Updated",
            "customTransformer": "com.sap.ariba.erpintegration.service.mds.transform.common.MDNIDateTransformer"
          },
          {
            "sourceName": "ActionCode",
            "targetName": "BaseFields.IsActive",
            "customTransformer" : "com.sap.ariba.erpintegration.service.cap.transform.common.IsActiveTransformer"
          },
          {
            "sourceName": "Description",
            "targetName": "texts",
            "isArray": true,
            "customTransformer": "com.sap.ariba.erpintegration.service.cap.transform.common.LocalizedTransformer",
            "childMappings": [
              {
                "sourceName": "languageCode",
                "targetName": "locale",
                "customTransformer": "com.sap.ariba.erpintegration.service.mds.transform.common.LowerCaseTextTransformer"
              },
              {
                "sourceName": "content",
                "targetName": "Description"
              }
            ]
          },
          {
            "sourceName": "Description_content_CUSTOM",
            "targetName": "Description",
            "customTransformer": "com.sap.ariba.erpintegration.service.cap.transform.common.DefaultLocaleValueTransformer"
          }
        ]
      }
    ]
  }
]
