[
	{
		"sourceType": "mdni",
		"targetType": "mds",
		"entityMappings": [
			{
				"entityName": "PaymentTerms",
				"fieldMappings": [
					{
						"sourceName": "UniqueName",
						"targetName": "PaymentTermsKey.UniqueName"
					},
					{
						"sourceName": "SystemId_CUSTOM",
						"targetName": "PaymentTermsKey.SystemId",
						"customTransformer": "com.sap.ariba.erpintegration.mdi.common.transform.transformer.SystemIDTransformer"
					},
					{
						"sourceName": "PartitionNumber_CUSTOM",
						"targetName": "PaymentTermsKey.PartitionNumber",
						"customTransformer": "com.sap.ariba.erpintegration.service.mds.transform.common.MDNIToMDSPartitionNumberTransformer"
					},
					{
						"sourceName": "SenderBusinessSystemId",
						"targetName": "PaymentTermsKey.SenderBusinessSystemId"
					},
					{
						"sourceName": "TimeCreated",
						"targetName": "BaseFields.TimeCreated",
						"customTransformer": "com.sap.ariba.erpintegration.service.mds.transform.common.MDNIDateTransformer"
					},
					{
						"sourceName": "TimeUpdated",
						"targetName": "BaseFields.TimeUpdated",
						"customTransformer": "com.sap.ariba.erpintegration.service.mds.transform.common.MDNIDateTransformer"
					},
					{
						"sourceName": "IsActive",
						"targetName": "BaseFields.IsActive"
					},
					{
						"sourceName": "Description",
						"targetName": "PaymentTermsLangAssociation",
						"isArray": true,
						"customTransformer": "com.sap.ariba.erpintegration.service.mds.transform.common.OneToManyAssociationTransformer",
						"childMappings": [
						{
						  "sourceName": "languageCode",
						  "targetName": "LangKey.Lang",
						  "customTransformer": "com.sap.ariba.erpintegration.service.mds.transform.common.LowerCaseTextTransformer"
						},
						{
						  "sourceName": "content",
						  "targetName": "Name"
						},
						{
						  "sourceName": "Descr_CUSTOM",
						  "targetName": "Description",
						  "customTransformer": "com.sap.ariba.erpintegration.service.mds.transform.paymentterms.PaymentTermsDescriptionTransformer"
						}
						]
				    },
					{
						"sourceName": "Description_CUSTOM",
						"targetName": "Description_dl",
						"customTransformer": "com.sap.ariba.erpintegration.service.mds.transform.common.DefaultLocaleDescriptionTransformer"
					},
					{
						"sourceName": "Name_CUSTOM",
						"targetName": "Name_dl",
						"customTransformer": "com.sap.ariba.erpintegration.service.mds.transform.common.DefaultLocaleDescriptionTransformer"
					},
					{
						"sourceName": "PaymentTermsSteps",
						"targetName": "PaymentTermsStepSetAssociation",
						"isArray": true,
						"childMappings": [
							{
								"sourceName": "PaymentTermTiersInfo",
								"targetName": "PaymentTermsTierKey",
								"isArray": true
							}
						]
					},
					{
						"sourceName": "PaymentTermTier_CUSTOM",
						"targetName": "PaymentTermsTierSetAssociation",
						"customTransformer": "com.sap.ariba.erpintegration.service.mds.transform.paymentterms.PaymentTermTiersTransformer",
						"childMappings": [
							{
								"sourceName": "Discount",
								"targetName": "DiscountPercent"
							},
							{
								"sourceName": "PayInDays",
								"targetName": "PayInDays"
							},
							{
								"sourceName": "PaymentTermsTierHash_CUSTOM",
								"targetName": "PaymentTermsTierKey.PaymentTermsTierHash",
								"customTransformer": "com.sap.ariba.erpintegration.service.mds.transform.paymentterms.PaymentTermsTierHashTransformer"
							}
						]
					}
				]
			}
		]
	},
	{
		"sourceType": "mdni",
		"targetType": "mdcs",
		"entityMappings": [
			{
				"entityName": "PaymentTerms",
				"fieldMappings": [
					{
						"sourceName": "Key",
						"targetName": "SKIP_LEVEL",
						"childMappings": [
							{
								"sourceName": "UniqueName",
								"targetName": "UniqueName"
							},
							{
								"sourceName": "DayLimit",
								"targetName": "DayLimit",
								"customTransformer": "com.sap.ariba.erpintegration.service.cap.transform.common.IntegerValueTransformer"
							}
						]
					},
					{
						"sourceName": "SystemId_CUSTOM",
						"targetName": "SystemId",
						"customTransformer": "com.sap.ariba.erpintegration.mdi.common.transform.transformer.SystemIDTransformer"
					},
					{
						"sourceName": "SenderBusinessSystemId",
						"targetName": "SenderBusinessSystemId"
					},
					{
						"sourceName": "TimeCreated",
						"targetName": "Created",
						"customTransformer": "com.sap.ariba.erpintegration.service.mds.transform.common.MDNIDateTransformer"
					},
					{
						"sourceName": "TimeUpdated",
						"targetName": "Updated",
						"customTransformer": "com.sap.ariba.erpintegration.service.mds.transform.common.MDNIDateTransformer"
					},
					{
						"sourceName": "ActionCode",
						"targetName": "BaseFields.IsActive",
						"customTransformer" : "com.sap.ariba.erpintegration.service.cap.transform.common.IsActiveTransformer"
					},
					{
						"sourceName": "Description",
						"targetName": "texts",
						"isArray": true,
						"customTransformer": "com.sap.ariba.erpintegration.service.cap.transform.common.LocalizedTransformer",
						"childMappings": [
							{
								"sourceName": "languageCode",
								"targetName": "locale",
								"customTransformer": "com.sap.ariba.erpintegration.service.mds.transform.common.LowerCaseTextTransformer"
							},
							{
								"sourceName": "Description",
								"targetName": "Description"
							},
							{
								"sourceName": "Explanation",
								"targetName": "Explanation"
							}
						]
					},
					{
						"sourceName": "Description_Description_CUSTOM",
						"targetName": "Description",
						"customTransformer": "com.sap.ariba.erpintegration.service.cap.transform.common.DefaultLocaleValueTransformer"
					},
					{
						"sourceName": "Description_Explanation_CUSTOM",
						"targetName": "Explanation",
						"customTransformer": "com.sap.ariba.erpintegration.service.cap.transform.common.DefaultLocaleValueTransformer"
					},
					{
						"sourceName": "Item",
						"targetName": "ItemSetAssociation",
						"customTransformer": "com.sap.ariba.erpintegration.service.mds.transform.common.OneToManyAssociationTransformer",
						"childMappings": [
							{
								"sourceName": "ID",
								"targetName": "ID",
								"customTransformer": "com.sap.ariba.erpintegration.service.cap.transform.common.IntegerValueTransformer"
							},
							{
								"sourceName": "Discount",
								"targetName": "Discount",
								"customTransformer": "com.sap.ariba.erpintegration.service.cap.transform.common.DoubleValueTransformer"
							},
							{
								"sourceName": "PayInDays",
								"targetName": "PayInDays",
								"customTransformer": "com.sap.ariba.erpintegration.service.cap.transform.common.IntegerValueTransformer"
							},
							{
								"sourceName": "FixedDay",
								"targetName": "FixedDay",
								"customTransformer": "com.sap.ariba.erpintegration.service.cap.transform.common.IntegerValueTransformer"
							},
							{
								"sourceName": "AdditionalMonth",
								"targetName": "AdditionalMonth",
								"customTransformer": "com.sap.ariba.erpintegration.service.cap.transform.common.IntegerValueTransformer"
							},
							{
								"sourceName": "DiscountType",
								"targetName": "DiscountType"
							},
							{
								"sourceName": "Explanation",
								"targetName": "texts",
								"isArray": true,
								"customTransformer": "com.sap.ariba.erpintegration.service.cap.transform.common.LocalizedTransformer",
								"childMappings": [
									{
										"sourceName": "languageCode",
										"targetName": "locale",
										"customTransformer": "com.sap.ariba.erpintegration.service.mds.transform.common.LowerCaseTextTransformer"
									},
									{
										"sourceName": "content",
										"targetName": "Explanation"
									}
								]
							},
							{
								"sourceName": "Explanation_content_CUSTOM",
								"targetName": "Explanation",
								"customTransformer": "com.sap.ariba.erpintegration.service.cap.transform.common.DefaultLocaleValueTransformer"
							}
						]
					}
				]
			}
		]
	}
]
