[
  {
    "sourceType": "mdi",
    "targetType": "mdcs_mdni",
    "entityMappings": [
      {
        "entityName": "ProductGroup",
        "fieldMappings": [
          {
            "sourceName": "instance",
            "targetName": "instance",
            "customTransformer": "com.sap.ariba.erpintegration.mdi.common.transform.transformer.SimpleNodeTranformer"
          },
          {
            "sourceName": "localIds",
            "targetName": "localIds",
            "customTransformer": "com.sap.ariba.erpintegration.mdi.common.transform.transformer.SimpleNodeTranformer"
          },
          {
            "sourceName": "event",
            "targetName": "event",
            "customTransformer": "com.sap.ariba.erpintegration.mdi.common.transform.transformer.SimpleNodeTranformer"
          },
          {
            "sourceName": "id",
            "targetName": "id",
            "customTransformer": "com.sap.ariba.erpintegration.mdi.common.transform.transformer.SimpleNodeTranformer"
          }
        ]
      }
    ]
  },
  {
    "sourceType": "mdni",
    "targetType": "mdcs_odm",
    "entityMappings": [
      {
        "entityName": "ProductGroup",
        "fieldMappings": [
          {
            "sourceName": "instance",
            "targetName": "SKIP_LEVEL",
            "childMappings": [
              {
                "sourceName": "id",
                "targetName": "id"
              },
              {
                "sourceName": "displayId",
                "targetName": "displayId"
              },
              {
                "sourceName": "name_content_CUSTOM",
                "targetName": "name",
                "customTransformer": "com.sap.ariba.erpintegration.service.cap.transform.common.MdcsDefaultLocaleValueTransformer"
              },
              {
                "sourceName": "description_content_CUSTOM",
                "targetName": "description",
                "customTransformer": "com.sap.ariba.erpintegration.service.cap.transform.common.MdcsDefaultLocaleValueTransformer"
              },
              {
                "sourceName": "texts_CUSTOM",
                "targetName": "texts",
                "customTransformer": "com.sap.ariba.erpintegration.service.cap.transform.common.MdcsLocalizedNameAndDescriptionTransformer",
                "childMappings": [
                  {
                    "sourceName": "lang",
                    "targetName": "locale",
                    "customTransformer": "com.sap.ariba.erpintegration.service.mds.transform.common.LowerCaseTextTransformer"
                  },
                  {
                    "sourceName": "content",
                    "targetName": "description"
                  }
                ]
              },
              {
                "sourceName": "defaultValuationClass",
                "targetName": "SKIP_LEVEL",
                "isObject": true,
                "childMappings": [
                  {
                    "sourceName": "code",
                    "targetName": "defaultValuationClass_code"
                  }
                ]
              },
              {
                "sourceName": "purchasingAcknowledgmentProfile",
                "targetName": "SKIP_LEVEL",
                "isObject": true,
                "childMappings": [
                  {
                    "sourceName": "code",
                    "targetName": "purchasingAcknowledgmentProfile_code"
                  }
                ]
              }
            ]
          },
          {
            "sourceName": "localIds",
            "targetName": "localIdMappings",
            "customTransformer": "com.sap.ariba.erpintegration.service.mds.transform.common.OneToManyAssociationTransformer",
            "childMappings": [
              {
                "sourceName": "context",
                "targetName": "SKIP_LEVEL",
                "isObject": true,
                "childMappings": [
                  {
                    "sourceName": "application",
                    "targetName": "application"
                  },
                  {
                    "sourceName": "tenant",
                    "targetName": "tenant"
                  },
                  {
                    "sourceName": "type",
                    "targetName": "type"
                  },
                  {
                    "sourceName": "additionalContext",
                    "targetName": "additionalContext"
                  }
                ]
              },
              {
                "sourceName": "status",
                "targetName": "status"
              },
              {
                "sourceName": "localId",
                "targetName": "localId"
              }
            ]
          },
          {
            "sourceName": "Active_CUSTOM",
            "targetName": "BaseFields.IsActive",
            "customTransformer": "com.sap.ariba.erpintegration.service.cap.transform.common.MDIToMdcsActiveFieldTransformer"
          },
          {
            "sourceName": "DeleteId_CUSTOM",
            "targetName": "id",
            "customTransformer": "com.sap.ariba.erpintegration.service.cap.transform.common.MDIToMdcsDeleteIdTransformer"
          },
          {
            "sourceName": "SystemId_CUSTOM",
            "targetName": "SystemId",
            "customTransformer": "com.sap.ariba.erpintegration.mdi.common.transform.transformer.SystemIDTransformer"
          },
          {
            "sourceName": "SenderBusinessSystemId_CUSTOM",
            "targetName": "SenderBusinessSystemId",
            "customTransformer": "com.sap.ariba.erpintegration.service.cap.transform.businesspartner.BusinessSystemIdTransformer"
          }
        ]
      }
    ]
  }
]
