[
  {
    "sourceType": "mdi",
    "targetType": "mdcs_mdni",
    "entityMappings": [
      {
        "entityName": "ProjectControllingObject",
        "fieldMappings": [
          {
            "sourceName": "instance",
            "targetName": "instance",
            "customTransformer": "com.sap.ariba.erpintegration.mdi.common.transform.transformer.SimpleNodeTranformer"
          },
          {
            "sourceName": "localIds",
            "targetName": "localIds",
            "customTransformer": "com.sap.ariba.erpintegration.mdi.common.transform.transformer.SimpleNodeTranformer"
          },
          {
            "sourceName": "event",
            "targetName": "event",
            "customTransformer": "com.sap.ariba.erpintegration.mdi.common.transform.transformer.SimpleNodeTranformer"
          },
          {
            "sourceName": "id",
            "targetName": "id",
            "customTransformer": "com.sap.ariba.erpintegration.mdi.common.transform.transformer.SimpleNodeTranformer"
          }
        ]
      }
    ]
  },
  {
    "sourceType": "mdni",
    "targetType": "mdcs_odm",
    "entityMappings": [
      {
        "entityName": "ProjectControllingObject",
        "fieldMappings": [
          {
            "sourceName": "instance",
            "targetName": "SKIP_LEVEL",
            "childMappings": [
              {
                "sourceName": "id",
                "targetName": "id"
              },
              {
                "sourceName": "displayId",
                "targetName": "displayId"
              },
              {
                "sourceName": "SystemId_CUSTOM",
                "targetName": "SystemId",
                "customTransformer": "com.sap.ariba.erpintegration.mdi.common.transform.transformer.SystemIDTransformer"
              },
              {
                "sourceName": "idFromSourceSystem",
                "targetName": "SKIP_LEVEL",
                "isObject": true,
                "childMappings": [
                  {
                    "sourceName": "logicalSystem",
                    "targetName": "idFromSourceSystem_logicalSystem"
                  },
                  {
                    "sourceName": "sourceId",
                    "targetName": "idFromSourceSystem_sourceId"
                  },
                  {
                    "sourceName": "objectType",
                    "targetName": "SKIP_LEVEL",
                    "isObject": true,
                    "childMappings": [
                      {
                        "sourceName": "code",
                        "targetName": "idFromSourceSystem_objectType_code"
                      }
                    ]
                  }
                ]
              },
              {
                "sourceName": "idFromSourceSystem_CUSTOM",
                "targetName": "SenderBusinessSystemId",
                 "customTransformer": "com.sap.ariba.erpintegration.service.cap.transform.projectcontrollingobject.ProjectControllingObjectSenderBusinessSystemIdTransformer"
              },
              {
                "sourceName": "companyCode",
                "targetName": "SKIP_LEVEL",
                "childMappings": [
                  {
                    "sourceName": "displayId",
                    "targetName": "companyCode_displayId"
                  }
                ]
              },
              {
                "sourceName": "isStatistical",
                "targetName": "isStatistical"
              },
              {
                "sourceName": "taxJurisdiction",
                "targetName": "SKIP_LEVEL",
                "childMappings": [
                  {
                    "sourceName": "code",
                    "targetName": "taxJurisdiction_code"
                  }
                ]
              },
              {
                "sourceName": "name",
                "targetName": "texts",
                "customTransformer": "com.sap.ariba.erpintegration.service.cap.transform.common.LocalizedTransformer",
                "childMappings": [
                  {
                    "sourceName": "lang",
                    "targetName": "locale",
                    "customTransformer": "com.sap.ariba.erpintegration.service.mds.transform.common.LowerCaseTextTransformer"
                  },
                  {
                    "sourceName": "content",
                    "targetName": "name"
                  }
                ]
              },
              {
                "sourceName": "name_content_CUSTOM",
                "targetName": "name",
                "customTransformer": "com.sap.ariba.erpintegration.service.cap.transform.common.MdcsDefaultLocaleValueTransformer"
              },
              {
                "sourceName": "projectBusinessActions",
                "targetName": "projectBusinessActions",
                "customTransformer": "com.sap.ariba.erpintegration.onemds.transform.common.MDIClobTransformer"
              }
            ]
          },
          {
            "sourceName": "localIds",
            "targetName": "localIdMappings",
            "customTransformer": "com.sap.ariba.erpintegration.service.mds.transform.common.OneToManyAssociationTransformer",
            "childMappings": [
              {
                "sourceName": "context",
                "targetName": "SKIP_LEVEL",
                "isObject": true,
                "childMappings": [
                  {
                    "sourceName": "application",
                    "targetName": "application"
                  },
                  {
                    "sourceName": "tenant",
                    "targetName": "tenant"
                  },
                  {
                    "sourceName": "type",
                    "targetName": "type"
                  },
                  {
                    "sourceName": "additionalContext",
                    "targetName": "additionalContext"
                  }
                ]
              },
              {
                "sourceName": "status",
                "targetName": "status"
              },
              {
                "sourceName": "localId",
                "targetName": "localId"
              }
            ]
          },
          {
            "sourceName": "Active_CUSTOM",
            "targetName": "BaseFields.IsActive",
            "customTransformer": "com.sap.ariba.erpintegration.service.cap.transform.common.MDIToMdcsActiveFieldTransformer"
          },
          {
            "sourceName": "DeleteId_CUSTOM",
            "targetName": "id",
            "customTransformer": "com.sap.ariba.erpintegration.service.cap.transform.common.MDIToMdcsDeleteIdTransformer"
          }
        ]
      }
    ]
  }
]