[
  {
    "sourceType": "mdi",
    "targetType": "mdni",
    "entityMappings": [
      {
        "entityName": "PurchaseOrg",
        "fieldMappings": [
          {
            "sourceName": "instance",
            "targetName": "SKIP_LEVEL",
            "childMappings": [
              {
                "sourceName": "displayId_CUSTOM",
                "targetName": "PurchasingOrgID",
                "customTransformer": "com.sap.ariba.erpintegration.mdi.mds.resource.transform.transformer.ContextIdTransformer"
              },
              {
                "sourceName": "name",
                "targetName": "PurchasingOrgName"
              },
              {
                "sourceName": "companyCode",
                "targetName": "SKIP_LEVEL",
                "childMappings": [
                  {
                    "sourceName": "id",
                    "targetName": "CompanyCode",
                    "customTransformer": "com.sap.ariba.erpintegration.mdi.mds.resource.transform.transformer.ContextIdTransformer"
                  }
                ]
              }
            ]
          },
          {
            "sourceName": "Active_CUSTOM",
            "targetName": "IsActive",
            "customTransformer": "com.sap.ariba.erpintegration.onemds.transform.common.MDIToMDNIActiveFieldTransformer"
          },
          {
            "sourceName": "ActionCode_CUSTOM",
            "targetName": "ActionCode",
            "customTransformer": "com.sap.ariba.erpintegration.onemds.transform.common.MDIToMDNIActionCodeTransformer"
          },
          {
            "sourceName": "TimeCreated_CUSTOM",
            "targetName": "TimeCreated",
            "customTransformer": "com.sap.ariba.erpintegration.onemds.transform.common.MDItoMDNIDefaultDateTransformer"
          },
          {
            "sourceName": "TimeUpdated_CUSTOM",
            "targetName": "TimeUpdated",
            "customTransformer": "com.sap.ariba.erpintegration.onemds.transform.common.MDItoMDNIDefaultDateTransformer"
          },
          {
            "sourceName": "SenderBusinessSystemId_CUSTOM",
            "targetName": "SenderBusinessSystemId",
            "customTransformer": "com.sap.ariba.erpintegration.onemds.transform.common.MDItoMDNISenderBusinessSystemIDTransformer"
          }
        ]
      }
    ]
  },
  {
    "sourceType": "mdni",
    "targetType": "mds",
    "entityMappings": [
      {
        "entityName": "PurchaseOrg",
        "fieldMappings": [
          {
            "sourceName": "PurchasingOrgID",
            "targetName": "PurchaseOrgKey.UniqueName"
          },
          {
            "sourceName": "SystemId_CUSTOM",
            "targetName": "PurchaseOrgKey.SystemId",
            "customTransformer": "com.sap.ariba.erpintegration.mdi.common.transform.transformer.SystemIDTransformer"
          },
          {
            "sourceName": "PartitionNumber_CUSTOM",
            "targetName": "PurchaseOrgKey.PartitionNumber",
            "customTransformer": "com.sap.ariba.erpintegration.service.mds.transform.common.MDNIToMDSPartitionNumberTransformer"
          },
          {
            "sourceName": "SenderBusinessSystemId",
            "targetName": "PurchaseOrgKey.SenderBusinessSystemId"
          },
          {
            "sourceName": "TimeCreated",
            "targetName": "BaseFields.TimeCreated",
            "customTransformer": "com.sap.ariba.erpintegration.service.mds.transform.common.MDNIDateTransformer"
          },
          {
            "sourceName": "TimeUpdated",
            "targetName": "BaseFields.TimeUpdated",
            "customTransformer": "com.sap.ariba.erpintegration.service.mds.transform.common.MDNIDateTransformer"
          },
          {
            "sourceName": "IsActive",
            "targetName": "BaseFields.IsActive"
          },
          {
            "sourceName": "PurchasingOrgName",
            "targetName": "SAP.Name"
          },
          {
            "sourceName": "CompanyCode",
            "targetName": "SAP.CompanyCodeKey.UniqueName"
          },
          {
            "sourceName": "CompanyCode_PartitionNumber_CUSTOM",
            "targetName": "SAP.CompanyCodeKey.PartitionNumber",
            "customTransformer": "com.sap.ariba.erpintegration.service.mds.transform.common.MDNIToMDSPartitionNumberTransformer"
          },
          {
            "sourceName": "CompanyCode_SystemId_CUSTOM",
            "targetName": "SAP.CompanyCodeKey.SystemId",
            "customTransformer": "com.sap.ariba.erpintegration.mdi.common.transform.transformer.SystemIDTransformer"
          },
          {
            "sourceName": "CompanyCode_SenderBusinessSystemId_CUSTOM",
            "targetName": "SAP.CompanyCodeKey.SenderBusinessSystemId",
            "customTransformer": "com.sap.ariba.erpintegration.service.mds.transform.common.SenderBusinessSystemIDTransformer"
          }
        ]
      }
    ]
  },
  {
    "sourceType": "mdni",
    "targetType": "mdcs",
    "entityMappings": [
      {
        "entityName": "PurchaseOrg",
        "fieldMappings": [
          {
            "sourceName": "PurchasingOrgID",
            "targetName": "PurchasingOrgID"
          },
          {
            "sourceName": "CompanyCode",
            "targetName": "CompanyCode"
          },
          {
            "sourceName": "SystemId_CUSTOM",
            "targetName": "SystemId",
            "customTransformer": "com.sap.ariba.erpintegration.mdi.common.transform.transformer.SystemIDTransformer"
          },
          {
            "sourceName": "SenderBusinessSystemId",
            "targetName": "SenderBusinessSystemId"
          },
          {
            "sourceName": "TimeCreated",
            "targetName": "Created",
            "customTransformer": "com.sap.ariba.erpintegration.service.mds.transform.common.MDNIDateTransformer"
          },
          {
            "sourceName": "TimeUpdated",
            "targetName": "Updated",
            "customTransformer": "com.sap.ariba.erpintegration.service.mds.transform.common.MDNIDateTransformer"
          },
          {
            "sourceName": "ActionCode",
            "targetName": "BaseFields.IsActive",
            "customTransformer" : "com.sap.ariba.erpintegration.service.cap.transform.common.IsActiveTransformer"
          },
          {
            "sourceName": "PurchasingOrgName",
            "targetName": "PurchasingOrgName"
          }
        ]
      }
    ]
  }
]
