[
  {
    "sourceType": "mdi",
    "targetType": "mdni",
    "entityMappings": [
      {
        "entityName": "PurchaseGroup",
        "fieldMappings": [
          {
            "sourceName": "instance",
            "targetName": "SKIP_LEVEL",
            "childMappings": [
              {
                "sourceName": "displayId_CUSTOM",
                "targetName": "PurchasingGroupID",
                "customTransformer": "com.sap.ariba.erpintegration.mdi.mds.resource.transform.transformer.ContextIdTransformer"
              },
              {
                "sourceName": "description",
                "targetName": "PurchasingGroupName"
              }
            ]
          },
          {
            "sourceName": "Active_CUSTOM",
            "targetName": "IsActive",
            "customTransformer": "com.sap.ariba.erpintegration.onemds.transform.common.MDIToMDNIActiveFieldTransformer"
          },
          {
            "sourceName": "ActionCode_CUSTOM",
            "targetName": "ActionCode",
            "customTransformer": "com.sap.ariba.erpintegration.onemds.transform.common.MDIToMDNIActionCodeTransformer"
          },
          {
            "sourceName": "TimeCreated_CUSTOM",
            "targetName": "TimeCreated",
            "customTransformer": "com.sap.ariba.erpintegration.onemds.transform.common.MDItoMDNIDefaultDateTransformer"
          },
          {
            "sourceName": "TimeUpdated_CUSTOM",
            "targetName": "TimeUpdated",
            "customTransformer": "com.sap.ariba.erpintegration.onemds.transform.common.MDItoMDNIDefaultDateTransformer"
          },
          {
            "sourceName": "SenderBusinessSystemId_CUSTOM",
            "targetName": "SenderBusinessSystemId",
            "customTransformer": "com.sap.ariba.erpintegration.onemds.transform.common.MDItoMDNISenderBusinessSystemIDTransformer"
          }
        ]
      }
    ]
  },
  {
    "sourceType": "mdni",
    "targetType": "mds",
    "entityMappings": [
      {
        "entityName": "PurchaseGroup",
        "fieldMappings": [
          {
            "sourceName": "PurchasingGroupID",
            "targetName": "PurchaseGroupKey.UniqueName"
          },
          {
            "sourceName": "SystemId_CUSTOM",
            "targetName": "PurchaseGroupKey.SystemId",
            "customTransformer": "com.sap.ariba.erpintegration.mdi.common.transform.transformer.SystemIDTransformer"
          },
          {
            "sourceName": "PartitionNumber_CUSTOM",
            "targetName": "PurchaseGroupKey.PartitionNumber",
            "customTransformer": "com.sap.ariba.erpintegration.service.mds.transform.common.MDNIToMDSPartitionNumberTransformer"
          },
          {
            "sourceName": "SenderBusinessSystemId",
            "targetName": "PurchaseGroupKey.SenderBusinessSystemId"
          },
          {
            "sourceName": "TimeCreated",
            "targetName": "BaseFields.TimeCreated",
            "customTransformer": "com.sap.ariba.erpintegration.service.mds.transform.common.MDNIDateTransformer"
          },
          {
            "sourceName": "TimeUpdated",
            "targetName": "BaseFields.TimeUpdated",
            "customTransformer": "com.sap.ariba.erpintegration.service.mds.transform.common.MDNIDateTransformer"
          },
          {
            "sourceName": "IsActive",
            "targetName": "BaseFields.IsActive"
          },
          {
            "sourceName": "PurchasingGroupName",
            "targetName": "SAP.Name"
          },
          {
            "sourceName": "CompanyCode",
            "targetName": "SAP.CompanyCodeKey.UniqueName"
          },
          {
            "sourceName": "CompanyCode_PartitionNumber_CUSTOM",
            "targetName": "SAP.CompanyCodeKey.PartitionNumber",
            "customTransformer": "com.sap.ariba.erpintegration.service.mds.transform.common.MDNIToMDSPartitionNumberTransformer"
          },
          {
            "sourceName": "CompanyCode_SystemId_CUSTOM",
            "targetName": "SAP.CompanyCodeKey.SystemId",
            "customTransformer": "com.sap.ariba.erpintegration.mdi.common.transform.transformer.SystemIDTransformer"
          },
          {
            "sourceName": "CompanyCode_SenderBusinessSystemId_CUSTOM",
            "targetName": "SAP.CompanyCodeKey.SenderBusinessSystemId",
            "customTransformer": "com.sap.ariba.erpintegration.service.mds.transform.common.SenderBusinessSystemIDTransformer"
          }
        ]
      }
    ]
  },
  {
    "sourceType": "mdni",
    "targetType": "mdcs",
    "entityMappings": [
      {
        "entityName": "PurchaseGroup",
        "fieldMappings": [
          {
            "sourceName": "PurchasingGroupID",
            "targetName": "PurchasingGroupID"
          },
          {
            "sourceName": "SystemId_CUSTOM",
            "targetName": "SystemId",
            "customTransformer": "com.sap.ariba.erpintegration.mdi.common.transform.transformer.SystemIDTransformer"
          },
          {
            "sourceName": "SenderBusinessSystemId",
            "targetName": "SenderBusinessSystemId"
          },
          {
            "sourceName": "TimeCreated",
            "targetName": "Created",
            "customTransformer": "com.sap.ariba.erpintegration.service.mds.transform.common.MDNIDateTransformer"
          },
          {
            "sourceName": "TimeUpdated",
            "targetName": "Updated",
            "customTransformer": "com.sap.ariba.erpintegration.service.mds.transform.common.MDNIDateTransformer"
          },
          {
            "sourceName": "ActionCode",
            "targetName": "BaseFields.IsActive",
            "customTransformer": "com.sap.ariba.erpintegration.service.cap.transform.common.IsActiveTransformer"
          },
          {
            "sourceName": "PurchasingGroupName",
            "targetName": "PurchasingGroupName"
          }
        ]
      }
    ]
  },
  {
    "sourceType": "mdi",
    "targetType": "mdcs_mdni",
    "entityMappings": [
      {
        "entityName": "PurchaseGroup",
        "fieldMappings": [
          {
            "sourceName": "instance",
            "targetName": "instance",
            "customTransformer": "com.sap.ariba.erpintegration.mdi.common.transform.transformer.SimpleNodeTranformer"
          },
          {
            "sourceName": "localIds",
            "targetName": "localIds",
            "customTransformer": "com.sap.ariba.erpintegration.mdi.common.transform.transformer.SimpleNodeTranformer"
          },
          {
            "sourceName": "event",
            "targetName": "event",
            "customTransformer": "com.sap.ariba.erpintegration.mdi.common.transform.transformer.SimpleNodeTranformer"
          },
          {
            "sourceName": "id",
            "targetName": "id",
            "customTransformer": "com.sap.ariba.erpintegration.mdi.common.transform.transformer.SimpleNodeTranformer"
          }
        ]
      }
    ]
  },
  {
    "sourceType": "mdni",
    "targetType": "mdcs_odm",
    "entityMappings": [
      {
        "entityName": "PurchaseGroup",
        "fieldMappings": [
          {
            "sourceName": "instance",
            "targetName": "SKIP_LEVEL",
            "childMappings": [
              {
                "sourceName": "id",
                "targetName": "id"
              },
              {
                "sourceName": "displayId",
                "targetName": "displayId"
              },
              {
                "sourceName": "description",
                "targetName": "description"
              },
              {
                "sourceName": "telephoneNumber",
                "targetName": "telephoneNumber"
              },
              {
                "sourceName": "faxNumber",
                "targetName": "faxNumber"
              },
              {
                "sourceName": "phoneNumber",
                "targetName": "phoneNumber"
              },
              {
                "sourceName": "phoneNumberExtension",
                "targetName": "phoneNumberExtension"
              },
              {
                "sourceName": "emailAddress",
                "targetName": "emailAddress"
              }
            ]
          },
          {
            "sourceName": "localIds",
            "targetName": "localIdMappings",
            "customTransformer": "com.sap.ariba.erpintegration.service.mds.transform.common.OneToManyAssociationTransformer",
            "childMappings": [
              {
                "sourceName": "context",
                "targetName": "SKIP_LEVEL",
                "isObject": true,
                "childMappings": [
                  {
                    "sourceName": "application",
                    "targetName": "application"
                  },
                  {
                    "sourceName": "tenant",
                    "targetName": "tenant"
                  },
                  {
                    "sourceName": "type",
                    "targetName": "type"
                  },
                  {
                    "sourceName": "additionalContext",
                    "targetName": "additionalContext"
                  }
                ]
              },
              {
                "sourceName": "status",
                "targetName": "status"
              },
              {
                "sourceName": "localId",
                "targetName": "localId"
              }
            ]
          },
          {
            "sourceName": "Active_CUSTOM",
            "targetName": "BaseFields.IsActive",
            "customTransformer": "com.sap.ariba.erpintegration.service.cap.transform.common.MDIToMdcsActiveFieldTransformer"
          },
          {
            "sourceName": "DeleteId_CUSTOM",
            "targetName": "id",
            "customTransformer": "com.sap.ariba.erpintegration.service.cap.transform.common.MDIToMdcsDeleteIdTransformer"
          },
          {
            "sourceName": "SystemId_CUSTOM",
            "targetName": "SystemId",
            "customTransformer": "com.sap.ariba.erpintegration.mdi.common.transform.transformer.SystemIDTransformer"
          },
          {
            "sourceName": "SenderBusinessSystemId_CUSTOM",
            "targetName": "SenderBusinessSystemId",
            "customTransformer": "com.sap.ariba.erpintegration.service.cap.transform.businesspartner.BusinessSystemIdTransformer"
          }
        ]
      }
    ]
  }
]
