[
  {
    "sourceType": "mdi",
    "targetType": "mdcs_mdni",
    "entityMappings": [
      {
        "entityName": "SymbolicGeneralLedgerAccount",
        "fieldMappings": [
          {
            "sourceName": "instance",
            "targetName": "instance",
            "customTransformer": "com.sap.ariba.erpintegration.mdi.common.transform.transformer.SimpleNodeTranformer"
          },
          {
            "sourceName": "localIds",
            "targetName": "localIds",
            "customTransformer": "com.sap.ariba.erpintegration.mdi.common.transform.transformer.SimpleNodeTranformer"
          },
          {
            "sourceName": "event",
            "targetName": "event",
            "customTransformer": "com.sap.ariba.erpintegration.mdi.common.transform.transformer.SimpleNodeTranformer"
          },
          {
            "sourceName": "id",
            "targetName": "id",
            "customTransformer": "com.sap.ariba.erpintegration.mdi.common.transform.transformer.SimpleNodeTranformer"
          }
        ]
      }
    ]
  },
  {
    "sourceType": "mdni",
    "targetType": "mdcs_odm",
    "entityMappings": [
      {
        "entityName": "SymbolicGeneralLedgerAccount",
        "fieldMappings": [
          {
            "sourceName": "instance",
            "targetName": "SKIP_LEVEL",
            "childMappings": [
              {
                "sourceName": "id",
                "targetName": "id"
              },
              {
                "sourceName": "displayId",
                "targetName": "displayId"
              },
              {
                "sourceName": "name_content_CUSTOM",
                "targetName": "name",
                "customTransformer": "com.sap.ariba.erpintegration.service.cap.transform.common.MdcsDefaultLocaleValueTransformer"
              },
              {
                "sourceName": "longName_content_CUSTOM",
                "targetName": "longName",
                "customTransformer": "com.sap.ariba.erpintegration.service.cap.transform.common.MdcsDefaultLocaleValueTransformer"
              },
              {
                "sourceName": "texts_CUSTOM",
                "targetName": "texts",
                "customTransformer": "com.sap.ariba.erpintegration.service.cap.transform.generalledger.GeneralLedgerLocalizedNameAndLongNameTransformer"
              },
              {
                "sourceName": "externalNumber",
                "targetName": "externalNumber"
              },
              {
                "sourceName": "category",
                "targetName": "SKIP_LEVEL",
                "isObject": true,
                "childMappings": [
                  {
                    "sourceName": "code",
                    "targetName": "category_code"
                  }
                ]
              },
              {
                "sourceName": "companyCode",
                "targetName": "SKIP_LEVEL",
                "isObject": true,
                "childMappings": [
                  {
                    "sourceName": "id",
                    "targetName": "companyCode_id"
                  }
                ]
              },
              {
                "sourceName": "isBlockedForPosting",
                "targetName": "isBlockedForPosting"
              },
              {
                "sourceName": "postingWithTaxIsMandatory",
                "targetName": "postingWithTaxIsMandatory"
              },
              {
                "sourceName": "postingInputTaxIsAllowed",
                "targetName": "postingInputTaxIsAllowed"
              },
              {
                "sourceName": "postingOutputTaxIsAllowed",
                "targetName": "postingOutputTaxIsAllowed"
              },
              {
                "sourceName": "postingWithCostObjectIsMandatory",
                "targetName": "postingWithCostObjectIsMandatory"
              },
              {
                "sourceName": "costCenterFieldControl",
                "targetName": "SKIP_LEVEL",
                "isObject": true,
                "childMappings": [
                  {
                    "sourceName": "code",
                    "targetName": "costCenterFieldControl_code"
                  }
                ]
              },
              {
                "sourceName": "productionOrderFieldControl",
                "targetName": "SKIP_LEVEL",
                "isObject": true,
                "childMappings": [
                  {
                    "sourceName": "code",
                    "targetName": "productionOrderFieldControl_code"
                  }
                ]
              },
              {
                "sourceName": "wbsElementFieldControl",
                "targetName": "SKIP_LEVEL",
                "isObject": true,
                "childMappings": [
                  {
                    "sourceName": "code",
                    "targetName": "wbsElementFieldControl_code"
                  }
                ]
              },
              {
                "sourceName": "salesOrderFieldControl",
                "targetName": "SKIP_LEVEL",
                "isObject": true,
                "childMappings": [
                  {
                    "sourceName": "code",
                    "targetName": "salesOrderFieldControl_code"
                  }
                ]
              },
              {
                "sourceName": "networkFieldControl",
                "targetName": "SKIP_LEVEL",
                "isObject": true,
                "childMappings": [
                  {
                    "sourceName": "code",
                    "targetName": "networkFieldControl_code"
                  }
                ]
              },
              {
                "sourceName": "profitableSegmentFieldControl",
                "targetName": "SKIP_LEVEL",
                "isObject": true,
                "childMappings": [
                  {
                    "sourceName": "code",
                    "targetName": "profitableSegmentFieldControl_code"
                  }
                ]
              },
              {
                "sourceName": "costObjectFieldControl",
                "targetName": "SKIP_LEVEL",
                "isObject": true,
                "childMappings": [
                  {
                    "sourceName": "code",
                    "targetName": "costObjectFieldControl_code"
                  }
                ]
              },
              {
                "sourceName": "purchaseOrderFieldControl",
                "targetName": "SKIP_LEVEL",
                "isObject": true,
                "childMappings": [
                  {
                    "sourceName": "code",
                    "targetName": "purchaseOrderFieldControl_code"
                  }
                ]
              },
              {
                "sourceName": "transportOrderFieldControl",
                "targetName": "SKIP_LEVEL",
                "isObject": true,
                "childMappings": [
                  {
                    "sourceName": "code",
                    "targetName": "transportOrderFieldControl_code"
                  }
                ]
              },
              {
                "sourceName": "materialNumberFieldControl",
                "targetName": "SKIP_LEVEL",
                "isObject": true,
                "childMappings": [
                  {
                    "sourceName": "code",
                    "targetName": "materialNumberFieldControl_code"
                  }
                ]
              },
              {
                "sourceName": "plantFieldControl",
                "targetName": "SKIP_LEVEL",
                "isObject": true,
                "childMappings": [
                  {
                    "sourceName": "code",
                    "targetName": "plantFieldControl_code"
                  }
                ]
              },
              {
                "sourceName": "quantityFieldControl",
                "targetName": "SKIP_LEVEL",
                "isObject": true,
                "childMappings": [
                  {
                    "sourceName": "code",
                    "targetName": "quantityFieldControl_code"
                  }
                ]
              },
              {
                "sourceName": "personnelNumberFieldControl",
                "targetName": "SKIP_LEVEL",
                "isObject": true,
                "childMappings": [
                  {
                    "sourceName": "code",
                    "targetName": "personnelNumberFieldControl_code"
                  }
                ]
              },
              {
                "sourceName": "commitmentItemFieldControl",
                "targetName": "SKIP_LEVEL",
                "isObject": true,
                "childMappings": [
                  {
                    "sourceName": "code",
                    "targetName": "commitmentItemFieldControl_code"
                  }
                ]
              },
              {
                "sourceName": "earmarkedFundsFieldControl",
                "targetName": "SKIP_LEVEL",
                "isObject": true,
                "childMappings": [
                  {
                    "sourceName": "code",
                    "targetName": "earmarkedFundsFieldControl_code"
                  }
                ]
              },
              {
                "sourceName": "assignmentNumberFieldControl",
                "targetName": "SKIP_LEVEL",
                "isObject": true,
                "childMappings": [
                  {
                    "sourceName": "code",
                    "targetName": "assignmentNumberFieldControl_code"
                  }
                ]
              },
              {
                "sourceName": "textFieldControl",
                "targetName": "SKIP_LEVEL",
                "isObject": true,
                "childMappings": [
                  {
                    "sourceName": "code",
                    "targetName": "textFieldControl_code"
                  }
                ]
              },
              {
                "sourceName": "profitCenterFieldControl",
                "targetName": "SKIP_LEVEL",
                "isObject": true,
                "childMappings": [
                  {
                    "sourceName": "code",
                    "targetName": "profitCenterFieldControl_code"
                  }
                ]
              },
              {
                "sourceName": "tradingPartnerFieldControl",
                "targetName": "SKIP_LEVEL",
                "isObject": true,
                "childMappings": [
                  {
                    "sourceName": "code",
                    "targetName": "tradingPartnerFieldControl_code"
                  }
                ]
              }
            ]
          },
          {
            "sourceName": "localIds",
            "targetName": "localIdMappings",
            "customTransformer": "com.sap.ariba.erpintegration.service.mds.transform.common.OneToManyAssociationTransformer",
            "childMappings": [
              {
                "sourceName": "context",
                "targetName": "SKIP_LEVEL",
                "isObject": true,
                "childMappings": [
                  {
                    "sourceName": "application",
                    "targetName": "application"
                  },
                  {
                    "sourceName": "tenant",
                    "targetName": "tenant"
                  },
                  {
                    "sourceName": "type",
                    "targetName": "type"
                  },
                  {
                    "sourceName": "additionalContext",
                    "targetName": "additionalContext"
                  }
                ]
              },
              {
                "sourceName": "status",
                "targetName": "status"
              },
              {
                "sourceName": "localId",
                "targetName": "localId"
              }
            ]
          },
          {
            "sourceName": "Active_CUSTOM",
            "targetName": "BaseFields.IsActive",
            "customTransformer": "com.sap.ariba.erpintegration.service.cap.transform.common.MDIToMdcsActiveFieldTransformer"
          },
          {
            "sourceName": "DeleteId_CUSTOM",
            "targetName": "id",
            "customTransformer": "com.sap.ariba.erpintegration.service.cap.transform.common.MDIToMdcsDeleteIdTransformer"
          },
          {
            "sourceName": "SystemId_CUSTOM",
            "targetName": "SystemId",
            "customTransformer": "com.sap.ariba.erpintegration.mdi.common.transform.transformer.SystemIDTransformer"
          },
          {
            "sourceName": "SenderBusinessSystemId_CUSTOM",
            "targetName": "SenderBusinessSystemId",
            "customTransformer": "com.sap.ariba.erpintegration.service.cap.transform.businesspartner.BusinessSystemIdTransformer"
          }
        ]
      }
    ]
  }
]