[
  {
    "sourceType": "mdni",
    "targetType": "mdcs",
    "entityMappings": [
      {
        "entityName": "UnitOfMeasurement",
        "fieldMappings": [
          {
            "sourceName":  "Code",
            "targetName": "Code"
          },
          {
            "sourceName": "SystemId_CUSTOM",
            "targetName": "SystemId",
            "customTransformer": "com.sap.ariba.erpintegration.mdi.common.transform.transformer.SystemIDTransformer"
          },
          {
            "sourceName": "SenderBusinessSystemId",
            "targetName": "SenderBusinessSystemId"
          },
          {
            "sourceName": "TimeCreated",
            "targetName": "Created",
            "customTransformer": "com.sap.ariba.erpintegration.service.mds.transform.common.MDNIDateTransformer"
          },
          {
            "sourceName": "TimeUpdated",
            "targetName": "Updated",
            "customTransformer": "com.sap.ariba.erpintegration.service.mds.transform.common.MDNIDateTransformer"
          },
          {
            "sourceName": "ActionCode",
            "targetName": "BaseFields.IsActive",
            "customTransformer" : "com.sap.ariba.erpintegration.service.cap.transform.common.IsActiveTransformer"
          },
          {
            "sourceName":  "ISOCode",
            "targetName": "ISOCode"
          },
          {
            "sourceName": "CommercialDescription_TechnicalDescription_LongDescription_Description",
            "targetName": "texts",
            "customTransformer" : "com.sap.ariba.erpintegration.service.cap.transform.common.LocalizedMergeTransformer:LocalizedMergeTransformer"
          },
          {
            "sourceName": "Description",
            "targetName": "texts",
            "isArray": true,
            "customTransformer": "com.sap.ariba.erpintegration.service.cap.transform.common.LocalizedTransformer",
            "childMappings": [
              {
                "sourceName": "languageCode",
                "targetName": "locale",
                "customTransformer": "com.sap.ariba.erpintegration.service.mds.transform.common.LowerCaseTextTransformer"
              },
              {
                "sourceName": "CommercialDescription",
                "targetName": "CommercialDescription"
              },
              {
                "sourceName": "TechnicalDescription",
                "targetName": "TechnicalDescription"
              },
              {
                "sourceName": "LongDescription",
                "targetName": "LongDescription"
              }
            ]
          },
          {
            "sourceName": "Description_CommercialDescription_CUSTOM",
            "targetName": "CommercialDescription",
            "customTransformer": "com.sap.ariba.erpintegration.service.cap.transform.common.DefaultLocaleValueTransformer"
          },
          {
            "sourceName": "Description_TechnicalDescription_CUSTOM",
            "targetName": "TechnicalDescription",
            "customTransformer": "com.sap.ariba.erpintegration.service.cap.transform.common.DefaultLocaleValueTransformer"
          },
          {
            "sourceName": "Description_LongDescription_CUSTOM",
            "targetName": "LongDescription",
            "customTransformer": "com.sap.ariba.erpintegration.service.cap.transform.common.DefaultLocaleValueTransformer"
          },
          {
            "sourceName":  "AllownonwholeIndicator",
            "targetName":  "AllownonwholeIndicator"
          },
          {
            "sourceName":  "PreferredMappingIndicator",
            "targetName":  "PreferredMappingIndicator"
          },
          {
            "sourceName":  "Category",
            "targetName":  "Category"
          },
          {
            "sourceName":  "NumberOfDecimalPlaces",
            "targetName":  "NumberOfDecimalPlaces"
          }
        ]
      }
    ]
  }
]
