[
  {
    "sourceType": "scim",
    "targetType": "mds",
    "entityMappings": [
      {
        "entityName": "User",
        "fieldMappings": [
          {
            "sourceName": "userName",
            "targetName": "SharedUserKey.UniqueName"
          },
          {
            "sourceName": "passwordAdapter",
            "targetName": "SharedUserKey.PasswordAdapter"
          },
          {
            "sourceName": "created",
            "targetName": "BaseFields.TimeCreated"
          },
          {
            "sourceName": "lastModified",
            "targetName": "BaseFields.TimeUpdated"
          },
          {
            "sourceName": "version",
            "targetName": "BaseFields.MdsVersion"
          },
          {
            "sourceName": "SystemId_CUSTOM",
            "targetName": "SharedUserKey.SystemId",
            "dependsOn": "userName",
            "customTransformer": "com.sap.ariba.erpintegration.mdi.common.transform.transformer.SystemIDTransformer"
          },
          {
            "sourceName": "PartitionNumber_CUSTOM",
            "targetName": "SharedUserKey.PartitionNumber",
            "dependsOn": "userName",
            "customTransformer": "com.sap.ariba.erpintegration.mdi.mds.resource.transform.transformer.PartitionNumberTransformer"
          },
          {
            "sourceName": "active",
            "targetName": "BaseFields.IsActive"
          },
          {
            "sourceName": "FailedLoginAttemptAfterLastLogin",
            "targetName": "FailedLoginAttemptAfterLastLogin"
          },
          {
            "sourceName": "displayName_CUSTOM",
            "targetName": "Name_dl",
            "customTransformer": "com.sap.ariba.erpintegration.mdi.scim.resource.transform.transformer.UserDisplayNameTransformer"
          },
          {
            "sourceName": "locale",
            "targetName": "LocaleIDKey.UniqueName",
            "customTransformer": "com.sap.ariba.erpintegration.mdi.mds.resource.transform.transformer.LocaleTransformer"
          },
          {
            "sourceName": "timezone",
            "targetName": "TimeZoneID",
            "customTransformer": "com.sap.ariba.erpintegration.mdi.mds.resource.transform.transformer.TimeZoneTransformer"
          },
          {
            "sourceName": "urn:sap:cloud:scim:schemas:extension:custom:2.0:profile:User",
            "targetName": "SKIP_LEVEL",
            "isObject" : true,
            "childMappings": [
              {
                "sourceName": "alternativeDisplayNames",
                "targetName": "SharedUserLangAssociation",
                "isArray" : true,
                "childMappings": [
                  {
                    "sourceName": "displayName",
                    "targetName": "Name"
                  },
                  {
                    "sourceName": "language",
                    "targetName": "LangKey.Lang"
                  }
                ]
              }
            ]
          },
          {
            "sourceName": "urn:ietf:params:scim:schemas:extension:sap.odm:2.0:User",
            "targetName": "SKIP_LEVEL",
            "isObject" : true,
            "childMappings": [
              {
                "sourceName": "companyCode",
                "targetName": "PartitionedUserAssociation",
                "childMappings": [
                  {
                    "sourceName": "displayId",
                    "targetName": "CompanyCodeKey.UniqueName"
                  }
                ]
              },
              {
                "sourceName": "purchasingGroup",
                "targetName": "PartitionedUserAssociation",
                "childMappings": [
                  {
                    "sourceName": "displayId",
                    "targetName": "PurchaseGroupKey.UniqueName"
                  }
                ]
              },
              {
                "sourceName": "purchasingOrganization",
                "targetName": "PartitionedUserAssociation",
                "childMappings": [
                  {
                    "sourceName": "displayId",
                    "targetName": "PurchaseOrgKey.UniqueName"
                  }
                ]
              },
              {
                "sourceName": "costCenter",
                "targetName": "PartitionedUserAssociation",
                "childMappings": [
                  {
                    "sourceName": "costCenterId",
                    "targetName": "SAPCostCenterKey.UniqueName"
                  },
                  {
                    "sourceName": "companyCodeId",
                    "targetName": "SAPCostCenterKey.CompanyCode"
                  }
                ]
              },
              {
                "sourceName": "generalLedgerAccount",
                "targetName": "PartitionedUserAssociation",
                "childMappings": [
                  {
                    "sourceName": "displayId",
                    "targetName": "GeneralLedgerKey.UniqueName"
                  },
                  {
                    "sourceName": "companyCodeId",
                    "targetName": "GeneralLedgerKey.CompanyCode"
                  }
                ]
              }
            ]
          },
          {
            "sourceName": "urn:ietf:params:scim:schemas:extension:sap:2.0:User",
            "targetName": "SKIP_LEVEL",
            "isObject" : true,
            "childMappings": [
              {
                "sourceName": "userUuid",
                "targetName": "UserUUID"
              }
            ]
          },
          {
            "sourceName": "shipAddress",
            "targetName": "ShipTosMapAssociation",
            "childMappings": [
              {
                "sourceName": "UniqueName",
                "targetName": "CommonAddressKey.UniqueName"
              },
              {
                "sourceName": "Name",
                "targetName": "CommonAddressAssociation.BasicAddressFields.Name"
              },
              {
                "sourceName": "locality",
                "targetName": "CommonAddressAssociation.BasicAddressFields.PostalAddress.City"
              },
              {
                "sourceName": "streetAddress",
                "targetName": "CommonAddressAssociation.BasicAddressFields.PostalAddress.Lines"
              },
              {
                "sourceName": "region",
                "targetName": "CommonAddressAssociation.BasicAddressFields.PostalAddress.State"
              },
              {
                "sourceName": "country",
                "targetName": "CommonAddressAssociation.BasicAddressFields.PostalAddress.CountryKey.UniqueName"
              }
            ]
          },
          {
            "sourceName": "billAddress",
            "targetName": "BillingAddressesMapAssociation",
            "childMappings": [
              {
                "sourceName": "UniqueName",
                "targetName": "CommonAddressKey.UniqueName"
              },
              {
                "sourceName": "Name",
                "targetName": "CommonAddressAssociation.BasicAddressFields.Name"
              },
              {
                "sourceName": "locality",
                "targetName": "CommonAddressAssociation.BasicAddressFields.PostalAddress.City"
              },
              {
                "sourceName": "streetAddress",
                "targetName": "CommonAddressAssociation.BasicAddressFields.PostalAddress.Lines"
              },
              {
                "sourceName": "region",
                "targetName": "CommonAddressAssociation.BasicAddressFields.PostalAddress.State"
              },
              {
                "sourceName": "country",
                "targetName": "CommonAddressAssociation.BasicAddressFields.PostalAddress.CountryKey.UniqueName"
              }
            ]
          },
          {
            "sourceName": "urn:ietf:params:scim:schemas:extension:sap:ariba:2.0:User",
            "targetName": "SKIP_LEVEL",
            "dependsOn": "userName",
            "isObject" : true,
            "childMappings": [
              {
                "sourceName": "passwordAdapter",
                "targetName": "SharedUserKey.PasswordAdapter"
              },
              {
                "sourceName": "currency",
                "targetName": "DefaultCurrencyKey.UniqueName"
              },
              {
                "sourceName": "deliverTo",
                "targetName": "PartitionedUserAssociation_DeliverTo"
              },
              {
                "sourceName": "purchasingUnit",
                "targetName": "PartitionedUserAssociation_ProcurementUnit"
              },
              {
                "sourceName": "network",
                "targetName": "PartitionedUserAssociation",
                "childMappings": [
                  {
                    "sourceName": "displayId",
                    "targetName": "NetworkKey.UniqueName"
                  },
                  {
                    "sourceName": "companyCodeId",
                    "targetName": "NetworkKey.CompanyCode"
                  }
                ]
              },
              {
                "sourceName": "addresses",
                "targetName": "BillingORShippingAddressesMapAssociation",
                "isArray" : true,
                "childMappings": [
                  {
                    "sourceName": "type",
                    "targetName": "CommonAddressKeyType"
                  },
                  {
                    "sourceName": "value",
                    "targetName": "CommonAddressKey.UniqueName"
                  }
                ]
              }
            ]
          },
          {
            "sourceName": "displayName_Name_CUSTOM",
            "targetName": "SharedUserLangAssociation",
            "customTransformer": "com.sap.ariba.erpintegration.mdi.mds.resource.transform.transformer.DefaultLangTransformer"
          },
          {
            "sourceName": "groups",
            "targetName": "GroupsMapAssociation",
            "customTransformer": "com.sap.ariba.erpintegration.mdi.scim.resource.transform.transformer.GroupsMapAssociationTransformer",
            "childMappings": [
              {
                "sourceName": "value",
                "targetName": "GroupKey.UniqueName"
              }
            ]
          },
          {
            "sourceName": "emails_EmailAddress_CUSTOM",
            "targetName": "EmailAddress",
            "customTransformer": "com.sap.ariba.erpintegration.mdi.scim.resource.transform.transformer.user.SCIMUserEmailAddressTransformer"
          },
          {
            "sourceName": "emails",
            "targetName": "PersistedAlternateEmailAddressesSetAssociation",
            "customTransformer": "com.sap.ariba.erpintegration.mdi.scim.resource.transform.transformer.user.SCIMUserEmailAddressesTransformer",
            "isArray" : true,
            "childMappings": [
              {
                "sourceName": "value",
                "targetName": "AlternateEmailAddressKey"
              }
            ]
          },
          {
            "sourceName": "phoneNumbers_work_CUSTOM",
            "targetName": "Phone",
            "customTransformer": "com.sap.ariba.erpintegration.mdi.scim.resource.transform.transformer.user.SCIMUserPhoneNumberTransformer"
          },
          {
            "sourceName": "phoneNumbers_fax_CUSTOM",
            "targetName": "Fax",
            "customTransformer": "com.sap.ariba.erpintegration.mdi.scim.resource.transform.transformer.user.SCIMUserFaxTransformer"
          },
          {
            "sourceName": "urn:ietf:params:scim:schemas:extension:enterprise:2.0:User",
            "targetName": "SKIP_LEVEL",
            "isObject" : true,
            "childMappings": [
              {
                "sourceName": "manager_CUSTOM",
                "targetName": "SupervisorKey",
                "customTransformer" : "com.sap.ariba.erpintegration.mdi.scim.resource.transform.transformer.user.SCIMUserSupervisorKeyTransformer",
                "isObject" : true,
                "childMappings": [
                  {
                    "sourceName": "value",
                    "targetName": "UniqueName"
                  },
                  {
                    "sourceName": "SuperVisorPasswordAdapter_CUSTOM",
                    "targetName": "PasswordAdapter",
                    "defaultValue": "PasswordAdapter1",
                    "customTransformer": "com.sap.ariba.erpintegration.mdi.common.transform.transformer.DefaultStringValueTransformer"
                  },
                  {
                    "sourceName": "SupervisorSystemId_CUSTOM",
                    "targetName": "SystemId",
                    "customTransformer": "com.sap.ariba.erpintegration.mdi.common.transform.transformer.SystemIDTransformer"
                  },
                  {
                    "sourceName": "SuperVisorPartitionNumber_CUSTOM",
                    "targetName": "PartitionNumber",
                    "customTransformer": "com.sap.ariba.erpintegration.mdi.mds.resource.transform.transformer.PartitionNumberTransformer"
                  }
                ]
              }
            ]
          }
        ]
      }
    ]
  },
  {
    "sourceType": "mds",
    "targetType": "mdni",
    "entityMappings": [
      {
        "entityName": "User",
        "fieldMappings": [
          {
            "sourceName": "SharedUserKey",
            "targetName": "User",
            "isObject" : true,
            "childMappings": [
              {
                "sourceName": "UniqueName",
                "targetName": "UniqueName"
              },
              {
                "sourceName": "PasswordAdapter",
                "targetName": "PasswordAdapter"
              }
            ]
          },
          {
            "sourceName": "BaseFields",
            "targetName": "SKIP_LEVEL",
            "isObject" : true,
            "childMappings": [
              {
                "sourceName": "IsActive",
                "targetName": "IsActive"
              }
            ]
          },
          {
            "sourceName": "UserLock_CUSTOM",
            "targetName": "FailedLoginAttemptAfterLastLogin",
            "defaultValue": 0,
            "customTransformer": "com.sap.ariba.erpintegration.mdi.integrate.integrator.transform.transformer.UserLockTransformer",
            "isObject" : true
          },
          {
            "sourceName": "SharedUserLangAssociation",
            "targetName": "Name",
            "isArray" : true,
            "childMappings": [
              {
                "sourceName": "LangKey",
                "targetName": "SKIP_LEVEL",
                "isObject" : true,
                "childMappings": [
                  {
                    "sourceName": "Lang",
                    "targetName": "languageCode"
                  }
                ]
              },
              {
                "sourceName": "Name",
                "targetName": "content"
              }
            ]
          },
          {
            "sourceName": "PartitionedUserAssociation_CUSTOM",
            "targetName": "SKIP_LEVEL",
            "childMappings": [
              {
                "sourceName": "CompanyCodeKey",
                "targetName": "SKIP_LEVEL",
                "childMappings": [
                  {
                    "sourceName": "UniqueName",
                    "targetName": "CompanyCode",
                    "customTransformer": "com.sap.ariba.erpintegration.mdi.integrate.integrator.transform.transformer.PartitionedUserCompanyCodeTransformer"
                  }
                ]
              },
              {
                "sourceName": "PurchaseGroupKey",
                "targetName": "SKIP_LEVEL",
                "childMappings": [
                  {
                    "sourceName": "UniqueName",
                    "targetName": "PurchaseGroup",
                    "customTransformer": "com.sap.ariba.erpintegration.mdi.integrate.integrator.transform.transformer.PartitionedUserPurchaseGrpTransformer"
                  }
                ]
              },
              {
                "sourceName": "PurchaseOrgKey",
                "targetName": "SKIP_LEVEL",
                "childMappings": [
                  {
                    "sourceName": "UniqueName",
                    "targetName": "PurchaseOrg",
                    "customTransformer": "com.sap.ariba.erpintegration.mdi.integrate.integrator.transform.transformer.PartitionedUserPurchaseOrgTransformer"
                  }
                ]
              },
              {
                "sourceName": "SAPCostCenterKey",
                "targetName": "CostCenter",
                "customTransformer": "com.sap.ariba.erpintegration.mdi.integrate.integrator.transform.transformer.PartitionedUserCostCntrMdsMdniTransformer",
                "isObject" : true,
                "childMappings": [
                  {
                    "sourceName": "UniqueName",
                    "targetName": "UniqueName"
                  },
                  {
                    "sourceName": "CompanyCode",
                    "targetName": "CompanyCode"
                  }
                ]
              },
              {
                "sourceName": "GeneralLedgerKey",
                "targetName": "GLAccount",
                "customTransformer": "com.sap.ariba.erpintegration.mdi.integrate.integrator.transform.transformer.PartitionedUserGlAcntMdsMdniTransformer",
                "isObject" : true,
                "childMappings": [
                  {
                    "sourceName": "UniqueName",
                    "targetName": "UniqueName"
                  },
                  {
                    "sourceName": "CompanyCode",
                    "targetName": "CompanyCode"
                  }
                ]
              },
              {
                "sourceName": "NetworkKey",
                "targetName": "Network",
                "customTransformer": "com.sap.ariba.erpintegration.mdi.integrate.integrator.transform.transformer.PartitionedUserNetworkMdsMdniTransformer",
                "isObject" : true,
                "childMappings": [
                  {
                    "sourceName": "UniqueName",
                    "targetName": "UniqueName"
                  },
                  {
                    "sourceName": "CompanyCode",
                    "targetName": "CompanyCode"
                  }
                ]
              }
            ]
          },
          {
            "sourceName": "PartitionedUserAssociation_DeliverTo",
            "targetName": "DeliverTo"
          },
          {
            "sourceName": "PartitionedUserAssociation_ProcurementUnit",
            "targetName": "ProcurementUnit"
          },
          {
            "sourceName": "BillingORShippingAddressesMapAssociation",
            "targetName": "BillingAddress",
            "customTransformer": "com.sap.ariba.erpintegration.mdi.integrate.integrator.transform.transformer.BillingAddressesTransformer",
            "isObject" : true
          },
          {
            "sourceName": "ShipTosMapAssociation_CUSTOM",
            "targetName": "ShipTo",
            "customTransformer": "com.sap.ariba.erpintegration.mdi.integrate.integrator.transform.transformer.ShipAddressesTransformer",
            "isObject" : true
          },
          {
            "sourceName": "LocaleIDKey",
            "targetName": "SKIP_LEVEL",
            "isObject" : true,
            "childMappings": [
              {
                "sourceName": "UniqueName",
                "targetName": "LocaleID"
              }
            ]
          },
          {
            "sourceName": "DefaultCurrencyKey",
            "targetName": "SKIP_LEVEL",
            "isObject" : true,
            "childMappings": [
              {
                "sourceName": "UniqueName",
                "targetName": "DefaultCurrency"
              }
            ]
          },
          {
            "sourceName": "TimeZoneID",
            "targetName": "TimezoneID"
          },
          {
            "sourceName": "EmailAddress",
            "targetName": "EmailAddress"
          },
          {
            "sourceName": "PersistedAlternateEmailAddressesSetAssociation",
            "targetName": "PersistedAlternateEmailAddressesList",
            "customTransformer": "com.sap.ariba.erpintegration.mdi.integrate.integrator.transform.transformer.PersistedAlternateEmailAddressesTransformer",
            "isArray" : true
          },
          {
            "sourceName": "Phone",
            "targetName": "Phone"
          },
          {
            "sourceName": "Fax",
            "targetName": "Fax"
          },
          {
            "sourceName": "UserUUID",
            "targetName": "UserUUID"
          },
          {
            "sourceName": "SupervisorKey",
            "targetName": "Supervisor",
            "isObject" : true,
            "childMappings": [
              {
                "sourceName": "UniqueName",
                "targetName": "UniqueName"
              },
              {
                "sourceName": "PasswordAdapter",
                "targetName": "PasswordAdapter"
              }
            ]
          },
          {
            "sourceName": "scim_CUSTOM",
            "targetName": "$scim",
            "defaultValue": "false",
            "customTransformer": "com.sap.ariba.erpintegration.mdi.common.transform.transformer.DefaultStringValueTransformer"
          },
          {
            "sourceName": "scim_IMPORTCTRL",
            "targetName": "$importControl",
            "defaultValue": "Both",
            "customTransformer": "com.sap.ariba.erpintegration.mdi.common.transform.transformer.DefaultStringValueTransformer"
          },
          {
            "sourceName": "RowNumber_CUSTOM",
            "targetName": "RowNumber",
            "defaultValue": 1,
            "customTransformer": "com.sap.ariba.erpintegration.mdi.common.transform.transformer.DefaultIntegerValueTransformer"
          }
        ]
      }
    ]
  },
  {
    "sourceType": "mds",
    "targetType": "scim",
    "entityMappings": [
      {
        "entityName": "User",
        "fieldMappings": [
          {
            "sourceName": "SharedUserKey.UniqueName",
            "targetName": "userName"
          },
          {
            "sourceName": "SharedUserKey.PasswordAdapter",
            "targetName": "urn:ietf:params:scim:schemas:extension:sap:ariba:2##0:User.passwordAdapter"
          },
          {
            "sourceName": "SharedUserKey.PasswordAdapter_CUSTOM",
            "targetName": "userType",
            "customTransformer": "com.sap.ariba.erpintegration.mdi.scim.resource.transform.transformer.user.UserTypeTransformer"
          },
          {
            "sourceName": "DefaultCurrencyKey.UniqueName",
            "targetName": "urn:ietf:params:scim:schemas:extension:sap:ariba:2##0:User.currency"
          },
          {
            "sourceName": "PartitionedUserAssociationDeliverTo_CUSTOM",
            "targetName": "urn:ietf:params:scim:schemas:extension:sap:ariba:2##0:User.deliverTo",
            "customTransformer": "com.sap.ariba.erpintegration.mdi.scim.resource.transform.transformer.user.PartitionedUserDeliverToTransformer"
          },
          {
            "sourceName": "PartitionedUserAssociationPurchasingUnit_CUSTOM",
            "targetName": "urn:ietf:params:scim:schemas:extension:sap:ariba:2##0:User.purchasingUnit",
            "customTransformer": "com.sap.ariba.erpintegration.mdi.scim.resource.transform.transformer.user.PartitionedUserPurchasingUnitTransformer"
          },
          {
            "sourceName": "PartitionedUserAssociationNetwork_CUSTOM",
            "targetName": "urn:ietf:params:scim:schemas:extension:sap:ariba:2##0:User.network",
            "customTransformer": "com.sap.ariba.erpintegration.mdi.scim.resource.transform.transformer.user.PartitionedUserNetworkTransformer"

          },
          {
            "sourceName": "BillingShippingAddress_CUSTOM",
            "targetName": "urn:ietf:params:scim:schemas:extension:sap:ariba:2##0:User.addresses",
            "customTransformer": "com.sap.ariba.erpintegration.mdi.integrate.integrator.transform.transformer.BillingShippingAddressesTransformer"
          },
          {
            "sourceName": "FailedLoginAttemptAfterLastLogin",
            "targetName": "active",
            "customTransformer": "com.sap.ariba.erpintegration.mdi.scim.resource.transform.transformer.UserLockActiveTransformer"
          },
          {
            "sourceName": "BaseFields.TimeCreated",
            "targetName": "created"
          },
          {
            "sourceName": "BaseFields.TimeUpdated",
            "targetName": "lastModified"
          },
          {
            "sourceName": "BaseFields.MdsVersion",
            "targetName": "version"
          },
          {
            "sourceName": "LocaleIDKey.UniqueName",
            "targetName": "locale"
          },
          {
            "sourceName": "TimeZoneID",
            "targetName": "timezone"
          },
          {
            "sourceName": "Name_dl",
            "targetName": "displayName"
          },
          {
            "sourceName": "UserUUID",
            "targetName": "urn:ietf:params:scim:schemas:extension:sap:2##0:User.userUuid"
          },
          {
            "sourceName": "UserMembers_CUSTOM",
            "targetName": "groups",
            "customTransformer": "com.sap.ariba.erpintegration.mdi.scim.resource.transform.transformer.UserMembersTransformer"
          },
          {
            "sourceName": "PartitionedUserAssociation",
            "targetName": "urn:ietf:params:scim:schemas:extension:sap##odm:2##0:User",
            "customTransformer": "com.sap.ariba.erpintegration.mdi.scim.resource.transform.transformer.user.PartitionedUserArrayNodeToObjectNodeTransformer",
            "childMappings": [
              {
                "sourceName": "CompanyCode_CUSTOM",
                "targetName": "companyCode",
                "customTransformer": "com.sap.ariba.erpintegration.mdi.scim.resource.transform.transformer.user.PartitionedUserObjectToArrayNodeTransformer",
                "childMappings": [
                  {
                    "sourceName": "SAP.CompanyCodeKey.UniqueName",
                    "targetName": "displayId"
                  },
                  {
                    "sourceName": "primary_CUSTOM",
                    "targetName": "primary",
                    "defaultValue": true,
                    "customTransformer": "com.sap.ariba.erpintegration.mdi.common.transform.transformer.DefaultBooleanValueTransformer"
                  }
                ]
              },
              {
                "sourceName": "PurchasingGroup_CUSTOM",
                "targetName": "purchasingGroup",
                "customTransformer": "com.sap.ariba.erpintegration.mdi.scim.resource.transform.transformer.user.PartitionedUserObjectToArrayNodeTransformer",
                "childMappings": [
                  {
                    "sourceName": "SAP.PurchaseGroupKey.UniqueName",
                    "targetName": "displayId"
                  },
                  {
                    "sourceName": "primary_CUSTOM",
                    "targetName": "primary",
                    "defaultValue": true,
                    "customTransformer": "com.sap.ariba.erpintegration.mdi.common.transform.transformer.DefaultBooleanValueTransformer"
                  }
                ]
              },
              {
                "sourceName": "PurchasingOrg_CUSTOM",
                "targetName": "purchasingOrganization",
                "customTransformer": "com.sap.ariba.erpintegration.mdi.scim.resource.transform.transformer.user.PartitionedUserObjectToArrayNodeTransformer",
                "childMappings": [
                  {
                    "sourceName": "SAP.PurchaseOrgKey.UniqueName",
                    "targetName": "displayId"
                  },
                  {
                    "sourceName": "primary_CUSTOM",
                    "targetName": "primary",
                    "defaultValue": true,
                    "customTransformer": "com.sap.ariba.erpintegration.mdi.common.transform.transformer.DefaultBooleanValueTransformer"
                  }
                ]
              },
              {
                "sourceName": "CostCenter_CUSTOM",
                "targetName": "costCenter",
                "customTransformer": "com.sap.ariba.erpintegration.mdi.scim.resource.transform.transformer.user.PartitionedUserObjectToArrayNodeTransformer",
                "childMappings": [
                  {
                    "sourceName": "Accounting.SAP.SAPCostCenterKey.UniqueName",
                    "targetName": "costCenterId"
                  },
                  {
                    "sourceName": "Accounting.SAP.SAPCostCenterKey.CompanyCode",
                    "targetName": "companyCodeId"
                  },
                  {
                    "sourceName": "primary_CUSTOM",
                    "targetName": "primary",
                    "defaultValue": true,
                    "customTransformer": "com.sap.ariba.erpintegration.mdi.common.transform.transformer.DefaultBooleanValueTransformer"
                  }
                ]
              },
              {
                "sourceName": "GLAccount_CUSTOM",
                "targetName": "generalLedgerAccount",
                "customTransformer": "com.sap.ariba.erpintegration.mdi.scim.resource.transform.transformer.user.PartitionedUserObjectToArrayNodeTransformer",
                "childMappings": [
                  {
                    "sourceName": "Accounting.SAP.GeneralLedgerKey.UniqueName",
                    "targetName": "displayId"
                  },
                  {
                    "sourceName": "Accounting.SAP.GeneralLedgerKey.CompanyCode",
                    "targetName": "companyCodeId"
                  },
                  {
                    "sourceName": "primary_CUSTOM",
                    "targetName": "primary",
                    "defaultValue": true,
                    "customTransformer": "com.sap.ariba.erpintegration.mdi.common.transform.transformer.DefaultBooleanValueTransformer"
                  }
                ]
              }
            ]
          },
          {
            "sourceName": "plant_CUSTOM",
            "targetName": "urn:ietf:params:scim:schemas:extension:sap##odm:2##0:User.plant",
            "customTransformer": "com.sap.ariba.erpintegration.mdi.integrate.integrator.transform.transformer.BillingShippingAddressesTransformer"
          },
          {
            "sourceName": "SharedUserLangAssociation",
            "targetName": "urn:sap:cloud:scim:schemas:extension:custom:2##0:profile:User.alternativeDisplayNames",
            "isArray" : true,
            "childMappings": [
              {
                "sourceName": "LangKey.Lang",
                "targetName": "language"
              },
              {
                "sourceName": "Name",
                "targetName": "displayName"
              }
            ]
          },
          {
            "sourceName": "EmailAddress_CUSTOM",
            "targetName": "emails",
            "customTransformer": "com.sap.ariba.erpintegration.mdi.scim.resource.transform.transformer.MDSEmailAddressTransformer"
          },
          {
            "sourceName": "Phone_CUSTOM",
            "targetName": "phoneNumbers",
            "customTransformer": "com.sap.ariba.erpintegration.mdi.scim.resource.transform.transformer.MDSPhoneNumberTransformer"
          },
          {
            "sourceName": "SupervisorKey.UniqueName",
            "targetName": "urn:ietf:params:scim:schemas:extension:enterprise:2##0:User.manager.value"
          },
          {
            "sourceName": "BillingShipTosAddresses_CUSTOM",
            "targetName": "addresses",
            "customTransformer": "com.sap.ariba.erpintegration.mdi.integrate.integrator.transform.transformer.BillingShippingAddressesTransformer"
          }
        ]
      }
    ]
  },
  {
    "sourceType": "mdni",
    "targetType": "mdcs",
    "entityMappings": [
      {
        "entityName": "User",
        "fieldMappings": [
          {
            "sourceName": "User",
            "targetName": "SharedUserKey",
            "childMappings": [
              {
                "sourceName": "UniqueName",
                "targetName": "UniqueName"
              },
              {
                "sourceName": "PasswordAdapter",
                "targetName": "PasswordAdapter"
              }
            ]
          },
          {
            "sourceName": "SystemId_CUSTOM",
            "targetName": "SharedUserKey.SystemId",
            "customTransformer": "com.sap.ariba.erpintegration.mdi.common.transform.transformer.SystemIDTransformer"
          },
          {
            "sourceName": "PartitionNumber_CUSTOM",
            "targetName": "SharedUserKey.PartitionNumber",
            "customTransformer": "com.sap.ariba.erpintegration.service.mds.transform.common.MDNIToMDSPartitionNumberTransformer"
          },
          {
            "sourceName": "SharedUser_SenderBusinessSystemId_CUSTOM",
            "targetName": "SharedUserKey.SenderBusinessSystemId",
            "customTransformer": "com.sap.ariba.erpintegration.service.mds.transform.common.SenderBusinessSystemIDTransformer"
          },
          {
            "sourceName": "TimeCreated",
            "targetName": "BaseFields.TimeCreated",
            "customTransformer": "com.sap.ariba.erpintegration.service.mds.transform.common.MDNIDateTransformer"
          },
          {
            "sourceName": "TimeUpdated",
            "targetName": "BaseFields.TimeUpdated",
            "customTransformer": "com.sap.ariba.erpintegration.service.mds.transform.common.MDNIDateTransformer"
          },
          {
            "sourceName": "IsActive",
            "targetName": "BaseFields.IsActive"
          },
          {
            "sourceName": "Name",
            "targetName": "SharedUserLangAssociation",
            "customTransformer": "com.sap.ariba.erpintegration.service.mds.transform.common.OneToManyAssociationTransformer",
            "childMappings": [
              {
                "sourceName": "languageCode",
                "targetName": "LangKey.Lang",
                "customTransformer": "com.sap.ariba.erpintegration.service.mds.transform.common.LowerCaseTextTransformer"
              },
              {
                "sourceName": "content",
                "targetName": "Name"
              }
            ]
          },
          {
            "sourceName": "Name_CUSTOM",
            "targetName": "Name_dl",
            "customTransformer": "com.sap.ariba.erpintegration.service.mds.transform.common.DefaultLocaleNameTransformer"
          },
          {
            "sourceName": "EmailAddress",
            "targetName": "EmailAddress"
          },
          {
            "sourceName": "TimezoneID",
            "targetName": "TimeZoneID"
          },
          {
            "sourceName": "TimezoneID",
            "targetName": "TimeZoneID"
          },
          {
            "sourceName": "Supervisor",
            "targetName": "SupervisorKey",
            "childMappings": [
              {
                "sourceName": "UniqueName",
                "targetName": "UniqueName"
              },
              {
                "sourceName": "PasswordAdapter",
                "targetName": "PasswordAdapter"
              }
            ]
          },
          {
            "sourceName": "SupervisorSystemId_CUSTOM",
            "targetName": "SupervisorKey.SystemId",
            "customTransformer": "com.sap.ariba.erpintegration.mdi.common.transform.transformer.SystemIDTransformer"
          },
          {
            "sourceName": "SupervisorPartitionNumber_CUSTOM",
            "targetName": "SupervisorKey.PartitionNumber",
            "customTransformer": "com.sap.ariba.erpintegration.service.mds.transform.common.MDNIToMDSPartitionNumberTransformer"
          },
          {
            "sourceName": "Supervisor_SenderBusinessSystemId_CUSTOM",
            "targetName": "SupervisorKey.SenderBusinessSystemId",
            "customTransformer": "com.sap.ariba.erpintegration.service.mds.transform.common.SenderBusinessSystemIDTransformer"
          },
          {
            "sourceName": "Fax",
            "targetName": "Fax"
          },
          {
            "sourceName": "Phone",
            "targetName": "Phone"
          },
          {
            "sourceName": "LocaleID",
            "targetName": "LocaleIDKey.UniqueName"
          },
          {
            "sourceName": "LoginDate",
            "targetName": "LoginDate",
            "customTransformer": "com.sap.ariba.erpintegration.service.mds.transform.common.MDNIUserDateTransformer"
          },
          {
            "sourceName": "LastLoginDate",
            "targetName": "LastLoginDate",
            "customTransformer": "com.sap.ariba.erpintegration.service.mds.transform.common.MDNIUserDateTransformer"
          },
          {
            "sourceName": "DefaultCurrency",
            "targetName": "DefaultCurrencyKey.UniqueName"
          },
          {
            "sourceName": "FailedLoginAttemptAfterLastLogin",
            "targetName": "FailedLoginAttemptAfterLastLogin"
          },
          {
            "sourceName": "Groups",
            "targetName": "SKIP_LEVEL",
            "childMappings": [
              {
                "sourceName": "Group",
                "targetName": "GroupsMapAssociation",
                "customTransformer": "com.sap.ariba.erpintegration.service.mds.transform.common.OneToManyAssociationTransformer",
                "childMappings": [
                  {
                    "sourceName": "GroupUniqueName",
                    "targetName": "GroupKey.UniqueName"
                  },
                  {
                    "sourceName": "BillingAddressSystemId_CUSTOM",
                    "targetName": "GroupKey.SystemId",
                    "customTransformer": "com.sap.ariba.erpintegration.mdi.common.transform.transformer.SystemIDTransformer"
                  },
                  {
                    "sourceName": "BillingAddressNumber_CUSTOM",
                    "targetName": "GroupKey.PartitionNumber",
                    "customTransformer": "com.sap.ariba.erpintegration.service.mds.transform.common.MDNIToMDSPartitionNumberTransformer"
                  },
                  {
                    "sourceName": "BillingAddress_SenderBusinessSystemId_CUSTOM",
                    "targetName": "GroupKey.SenderBusinessSystemId",
                    "customTransformer": "com.sap.ariba.erpintegration.service.mds.transform.common.SenderBusinessSystemIDTransformer"
                  }
                ]
              }
            ]
          },
          {
            "sourceName": "BillingAddress",
            "targetName": "BillingAddressesMapAssociation",
            "customTransformer": "com.sap.ariba.erpintegration.service.mds.transform.common.TextOneToManyAssociationTransformer",
            "childMappings": [
              {
                "sourceName": "BillingAddress",
                "targetName": "CommonAddressKey.UniqueName"
              },
              {
                "sourceName": "BillingAddressSystemId_CUSTOM",
                "targetName": "CommonAddressKey.SystemId",
                "customTransformer": "com.sap.ariba.erpintegration.mdi.common.transform.transformer.SystemIDTransformer"
              },
              {
                "sourceName": "BillingAddressNumber_CUSTOM",
                "targetName": "CommonAddressKey.PartitionNumber",
                "customTransformer": "com.sap.ariba.erpintegration.service.mds.transform.common.MDNIToMDSPartitionNumberTransformer"
              },
              {
                "sourceName": "BillingAddress_SenderBusinessSystemId_CUSTOM",
                "targetName": "CommonAddressKey.SenderBusinessSystemId",
                "customTransformer": "com.sap.ariba.erpintegration.service.mds.transform.common.SenderBusinessSystemIDTransformer"
              }
            ]
          },
          {
            "sourceName": "ShipTo",
            "targetName": "ShipTosMapAssociation",
            "customTransformer": "com.sap.ariba.erpintegration.service.mds.transform.common.TextOneToManyAssociationTransformer",
            "childMappings": [
              {
                "sourceName": "ShipTo",
                "targetName": "CommonAddressKey.UniqueName"
              },
              {
                "sourceName": "ShipToSystemId_CUSTOM",
                "targetName": "CommonAddressKey.SystemId",
                "customTransformer": "com.sap.ariba.erpintegration.mdi.common.transform.transformer.SystemIDTransformer"
              },
              {
                "sourceName": "ShipToNumber_CUSTOM",
                "targetName": "CommonAddressKey.PartitionNumber",
                "customTransformer": "com.sap.ariba.erpintegration.service.mds.transform.common.MDNIToMDSPartitionNumberTransformer"
              },
              {
                "sourceName": "ShipTo_SenderBusinessSystemId_CUSTOM",
                "targetName": "CommonAddressKey.SenderBusinessSystemId",
                "customTransformer": "com.sap.ariba.erpintegration.service.mds.transform.common.SenderBusinessSystemIDTransformer"
              }
            ]
          },
          {
            "sourceName": "PersistedAlternateEmailAddressesList",
            "targetName": "PersistedAlternateEmailAddressesSetAssociation",
            "customTransformer": "com.sap.ariba.erpintegration.service.mds.transform.common.TextOneToManyAssociationTransformer",
            "childMappings": [
              {
                "sourceName": "PersistedAlternateEmailAddressesList",
                "targetName": "AlternateEmailAddressKey"
              }
            ]
          },
          {
            "sourceName": "Organization",
            "targetName": "OrganizationKey.OrgSystemId"
          },
          {
            "sourceName": "OrganizationSystemId_CUSTOM",
            "targetName": "OrganizationKey.SystemId",
            "customTransformer": "com.sap.ariba.erpintegration.mdi.common.transform.transformer.SystemIDTransformer"
          },
          {
            "sourceName": "OrganizationNumber_CUSTOM",
            "targetName": "OrganizationKey.PartitionNumber",
            "customTransformer": "com.sap.ariba.erpintegration.service.mds.transform.common.MDNIToMDSPartitionNumberTransformer"
          },
          {
            "sourceName": "Organization_SenderBusinessSystemId_CUSTOM",
            "targetName": "OrganizationKey.SenderBusinessSystemId",
            "customTransformer": "com.sap.ariba.erpintegration.service.mds.transform.common.SenderBusinessSystemIDTransformer"
          },
          {
            "sourceName": "UserUUID",
            "targetName": "UserUUID"
          }
        ]
      }
    ]
  }
]
