[
  {
    "sourceType": "mdni",
    "targetType": "mdcs",
    "entityMappings": [
      {
        "entityName": "WBSElement",
        "fieldMappings": [
          {
            "sourceName": "SystemId_CUSTOM",
            "targetName": "SystemId",
            "customTransformer": "com.sap.ariba.erpintegration.mdi.common.transform.transformer.SystemIDTransformer"
          },
          {
            "sourceName": "SenderBusinessSystemId",
            "targetName": "SenderBusinessSystemId"
          },
          {
            "sourceName": "TimeCreated",
            "targetName": "Created",
            "customTransformer": "com.sap.ariba.erpintegration.service.mds.transform.common.MDNIDateTransformer"
          },
          {
            "sourceName": "TimeUpdated",
            "targetName": "Updated",
            "customTransformer": "com.sap.ariba.erpintegration.service.mds.transform.common.MDNIDateTransformer"
          },
          {
            "sourceName": "WBSElement",
            "targetName": "SKIP_LEVEL",
            "childMappings": [
              {
                "sourceName": "WBSElement",
                "targetName": "WBSElement"
              },
              {
                "sourceName": "Description",
                "targetName": "texts",
                "isArray": true,
                "customTransformer": "com.sap.ariba.erpintegration.service.cap.transform.common.LocalizedTransformer",
                "childMappings": [
                  {
                    "sourceName": "languageCode",
                    "targetName": "locale",
                    "customTransformer": "com.sap.ariba.erpintegration.service.mds.transform.common.LowerCaseTextTransformer"
                  },
                  {
                    "sourceName": "content",
                    "targetName": "Description"
                  }
                ]
              },
              {
                "sourceName": "Description_content_CUSTOM",
                "targetName": "Description",
                "customTransformer": "com.sap.ariba.erpintegration.service.cap.transform.common.DefaultLocaleValueTransformer"
              },
              {
                "sourceName": "ProjectInternalID",
                "targetName": "ProjectInternalID"
              },
              {
                "sourceName": "Currency",
                "targetName": "Currency"
              },
              {
                "sourceName": "CompanyCode",
                "targetName": "CompanyCode"
              },
              {
                "sourceName": "ActionCode",
                "targetName": "BaseFields.IsActive",
                "customTransformer": "com.sap.ariba.erpintegration.service.cap.transform.common.IsActiveTransformer"
              }
            ]
          }
        ]
      }
    ]
  },
  {
    "sourceType": "mdi",
    "targetType": "mdni",
    "entityMappings": [
      {
        "entityName": "WBSElement",
        "fieldMappings": [
          {
            "sourceName": "instance",
            "targetName": "SKIP_LEVEL",
            "childMappings": [
              {
                "sourceName": "WBSElement_CUSTOM",
                "targetName": "WBSElement",
                "childMappings": [
                  {
                    "sourceName": "displayId",
                    "targetName": "WBSElement"
                  },
                  {
                    "sourceName": "Description_CUSTOM",
                    "targetName": "Description",
                    "customTransformer": "com.sap.ariba.erpintegration.onemds.transform.wbselement.MDItoMDNIWBSElementDescriptionTransformer"
                  },{
                    "sourceName": "companyCode",
                    "targetName": "SKIP_LEVEL",
                    "childMappings": [
                      {
                        "sourceName": "displayId",
                        "targetName": "CompanyCode"
                      }
                    ]
                  },
                  {
                    "sourceName": "idFromSourceSystem",
                    "targetName": "SKIP_LEVEL",
                    "childMappings": [
                      {
                        "sourceName": "sourceId",
                        "targetName": "ProjectInternalID"
                      }
                    ]
                  }
                ]
              }
            ]
          },
          {
            "sourceName": "Active_CUSTOM",
            "targetName": "IsActive",
            "customTransformer": "com.sap.ariba.erpintegration.onemds.transform.common.MDIToMDNIActiveFieldTransformer"
          },
          {
            "sourceName": "ActionCode_CUSTOM",
            "targetName": "ActionCode",
            "customTransformer": "com.sap.ariba.erpintegration.onemds.transform.common.MDIToMDNIActionCodeTransformer"
          },
          {
            "sourceName": "TimeCreated_CUSTOM",
            "targetName": "TimeCreated",
            "customTransformer": "com.sap.ariba.erpintegration.onemds.transform.common.MDItoMDNIDefaultDateTransformer"
          },
          {
            "sourceName": "TimeUpdated_CUSTOM",
            "targetName": "TimeUpdated",
            "customTransformer": "com.sap.ariba.erpintegration.onemds.transform.common.MDItoMDNIDefaultDateTransformer"
          }
        ]
      }
    ]
  }
]
