{
  "swagger": "2.0",
  "info": {
    "description": "Master Data Integration APIs, enable external customers to manage master data (ingest/search) from Ariba. Uses SCIM protocol to Create/ Update/ Search/ Delete Users and Groups resource.",
    "version": "1.0.0",
    "title": "Master Data Native Integration Service - SCIM APIs"
  },
  "host": "openapi.ariba.com",
  "basePath": "/mds/scim",
  "tags": [
    {
      "name": "User",
      "description": "Create/Update/Search/Delete User Resource"
    },
    {
      "name": "Group",
      "description": "Create/Update/Search/Delete Group Resource"
    }
  ],
  "schemes": [
    "https"
  ],
  "paths": {
    "/Users": {
      "post": {
        "tags": [
          "User"
        ],
        "description": "Creates a new user.\n",
        "operationId": "createUser",
        "consumes": [
          "application/scim+json"
        ],
        "produces": [
          "application/scim+json"
        ],
        "parameters": [
          {
            "in": "body",
            "name": "requestBody",
            "schema": {
              "$ref": "#/definitions/userRequest"
            },
            "required": true
          },
          {
            "in": "header",
            "name": "x-anId",
            "description": "AN ID/Customer ID, by which customer can be identified in Ariba Systems. *E.g., ANXXX002*",
            "required": true,
            "type": "string"
          }
        ],
        "responses": {
          "201": {
            "description": "User created",
            "schema": {
              "$ref": "#/definitions/userResponse"
            },
            "headers": {
              "Location": {
                "type": "string",
                "format": "http(s:)//<host:port>/<path>/<userId>",
                "description": "URI Location of the user created. *E.g., https://api.ariba.com/mdni/erpintegration/api/scim/v2/Users/bjensen*"
              }
            }
          },
          "400": {
            "description": "Bad Request. Could be violating schema, JSON not parseable.",
            "schema": {
              "$ref": "#/definitions/error400"
            }
          },
          "401": {
            "description": "Unauthorized",
            "schema": {
              "$ref": "#/definitions/error401"
            }
          },
          "404": {
            "description": "Not Found. Could be User Not Found",
            "schema": {
              "$ref": "#/definitions/error404"
            }
          },
          "409": {
            "description": "Conflict. Entity already exists.",
            "schema": {
              "$ref": "#/definitions/error409"
            }
          },
          "413": {
            "description": "Pay Load Too Large. Limit exceeded.",
            "schema": {
              "$ref": "#/definitions/error413"
            }
          },
          "500": {
            "description": "Internal Server Error",
            "schema": {
              "$ref": "#/definitions/error500"
            }
          }
        }
      },
      "get": {
        "tags": [
          "User"
        ],
        "description": "With filters client can reduce the amount of data shown, or to exclude data that client does not wish to see.",
        "operationId": "fetchAllUsers",
        "produces": [
          "application/scim+json"
        ],
        "parameters": [
          {
            "in": "header",
            "name": "x-anId",
            "description": "AN ID/Customer ID, by which customer can be identified in Ariba Systems. *E.g., ANXXX002*",
            "required": true,
            "type": "string"
          },
          {
            "in": "query",
            "name": "filter",
            "type": "string",
            "description": "\n\n- Filter expression supported for userName, id, userUuid, active, User.groups.value and meta.lastModified.\n\n- eq,gt,ge,lt,le supported for meta.lastModified.\n\n- The equals operator (eq) supported for the filter-attributes: username, id, userUuid, User.groups.value and active.\n\n- The equals operator (eq) supported for application specifc unique attributes.(ex. passwordAdapter) \n\nUsage ex: \n\n- userName eq \"cnoll\" \n\n- passwordAdapter eq \"PasswordAdapter1\" and lastModified gt \"2022-11-22T07:19:42.560Z\""
          },
          {
            "in": "query",
            "name": "startIndex",
            "type": "integer",
            "description": "For Pagination. Index(Starts from 1) for the query results. *E.g., 1*",
            "default": 1
          },
          {
            "in": "query",
            "name": "count",
            "type": "integer",
            "description": "For Pagination. Number of items required in the result. *E.g., 10*",
            "default": 10
          }
        ],
        "responses": {
          "200": {
            "description": "OK",
            "schema": {
              "$ref": "#/definitions/userListResponse"
            }
          },
          "400": {
            "description": "Bad Request. Could be violating schema, JSON not parseable.",
            "schema": {
              "$ref": "#/definitions/error400"
            }
          },
          "401": {
            "description": "Unauthorized",
            "schema": {
              "$ref": "#/definitions/error401"
            }
          },
          "404": {
            "description": "Not Found. Could be Tenant Not Found",
            "schema": {
              "$ref": "#/definitions/error404"
            }
          },
          "500": {
            "description": "Internal Server Error",
            "schema": {
              "$ref": "#/definitions/error500"
            }
          }
        }
      }
    },
    "/Users/{id}": {
      "get": {
        "tags": [
          "User"
        ],
        "description": "Search based on ID in path",
        "operationId": "fetchUser",
        "produces": [
          "application/scim+json"
        ],
        "parameters": [
          {
            "in": "header",
            "name": "x-anId",
            "description": "AN ID/Customer ID, by which customer can be identified in Ariba Systems. *E.g., ANXXX002*",
            "required": true,
            "type": "string"
          },
          {
            "in": "path",
            "name": "id",
            "description": "ID of the user, to be found",
            "type": "string",
            "required": true
          },
          {
            "in": "query",
            "name": "attributes",
            "type": "string",
            "description": "Multi-valued attribute pagination for Groups which User belongs to using count and startIndex. \n- *,groups \n- *,groups[count=10&startIndex=0]\n",
            
            "required": false
          }
        ],
        "responses": {
          "200": {
            "description": "OK",
            "schema": {
              "$ref": "#/definitions/userResponse"
            },
            "headers": {
              "Location": {
                "type": "string",
                "format": "http(s:)//<host:port>/<path>/<userId>",
                "description": "URI Location of the user found. *E.g., https://api.ariba.com/mdni/erpintegration/api/scim/v2/Users/bjensen*"
              }
            }
          },
          "400": {
            "description": "Bad Request. Could be violating schema, JSON not parseable.",
            "schema": {
              "$ref": "#/definitions/error400"
            }
          },
          "401": {
            "description": "Unauthorized",
            "schema": {
              "$ref": "#/definitions/error401"
            }
          },
          "404": {
            "description": "Not Found. Could be Tenant Not Found",
            "schema": {
              "$ref": "#/definitions/error404"
            }
          },
          "500": {
            "description": "Internal Server Error",
            "schema": {
              "$ref": "#/definitions/error500"
            }
          }
        }
      },
      "put": {
        "tags": [
          "User"
        ],
        "description": "Updates an user. This will overwrite all existing data for an User.",
        "operationId": "updateUser",
        "consumes": [
          "application/scim+json"
        ],
        "produces": [
          "application/scim+json"
        ],
        "parameters": [
          {
            "in": "header",
            "name": "x-anId",
            "description": "AN ID/Customer ID, by which customer can be identified in Ariba Systems. *E.g., ANXXX002*",
            "required": true,
            "type": "string"
          },
          {
            "in": "body",
            "name": "requestBody",
            "schema": {
              "$ref": "#/definitions/userRequest"
            },
            "required": true
          },
          {
            "in": "path",
            "name": "id",
            "description": "ID of the user, to be found",
            "type": "string",
            "required": true
          }
        ],
        "responses": {
          "200": {
            "description": "User updated",
            "schema": {
              "$ref": "#/definitions/userResponse"
            },
            "headers": {
              "Location": {
                "type": "string",
                "format": "http(s:)//<host:port>/<path>/<userId>",
                "description": "URI Location of the user created. *E.g., https://api.ariba.com/mdni/erpintegration/api/scim/v2/Users/bjensen*"
              }
            }
          },
          "400": {
            "description": "Bad Request. Could be violating schema, JSON not parseable.",
            "schema": {
              "$ref": "#/definitions/error400"
            }
          },
          "401": {
            "description": "Unauthorized",
            "schema": {
              "$ref": "#/definitions/error401"
            }
          },
          "404": {
            "description": "Not Found. Could be Tenant Not Found",
            "schema": {
              "$ref": "#/definitions/error404"
            }
          },
          "409": {
            "description": "Conflict. Entity doesn't exist.",
            "schema": {
              "$ref": "#/definitions/error409"
            }
          },
          "412": {
            "description": "Precondition failed. Failed to udpate.",
            "schema": {
              "$ref": "#/definitions/error412"
            }
          },
          "413": {
            "description": "Pay Load Too Large. Limit exceeded.",
            "schema": {
              "$ref": "#/definitions/error413"
            }
          },
          "500": {
            "description": "Internal Server Error",
            "schema": {
              "$ref": "#/definitions/error500"
            }
          }
        }
      },
      "patch": {
        "tags": [
          "User"
        ],
        "description": "Updates an user only with selective content. Supported operations are add, replace, remove.",
        "operationId": "patchUser",
        "consumes": [
          "application/scim+json"
        ],
        "produces": [
          "application/scim+json"
        ],
        "parameters": [
          {
            "in": "header",
            "name": "x-anId",
            "description": "AN ID/Customer ID, by which customer can be identified in Ariba Systems. *E.g., ANXXX002*",
            "required": true,
            "type": "string"
          },
          {
            "in": "body",
            "name": "requestBody",
            "schema": {
              "$ref": "#/definitions/userPatch"
            },
            "required": true
          },
          {
            "in": "path",
            "name": "id",
            "description": "ID of the user, to be found",
            "type": "string",
            "required": true
          }
        ],
        "responses": {
          "200": {
            "description": "User updated",
            "schema": {
              "$ref": "#/definitions/userResponse"
            },
            "headers": {
              "Location": {
                "type": "string",
                "format": "http(s:)//<host:port>/<path>/<userId>",
                "description": "URI Location of the user created. *E.g., https://api.ariba.com/mdni/erpintegration/api/scim/v2/Users/bjensen*"
              }
            }
          },
          "400": {
            "description": "Bad Request. Could be violating schema, JSON not parseable.",
            "schema": {
              "$ref": "#/definitions/error400"
            }
          },
          "401": {
            "description": "Unauthorized",
            "schema": {
              "$ref": "#/definitions/error401"
            }
          },
          "404": {
            "description": "Not Found. Could be Tenant Not Found",
            "schema": {
              "$ref": "#/definitions/error404"
            }
          },
          "409": {
            "description": "Conflict. Entity doesn't exist.",
            "schema": {
              "$ref": "#/definitions/error409"
            }
          },
          "412": {
            "description": "Precondition failed. Failed to udpate.",
            "schema": {
              "$ref": "#/definitions/error412"
            }
          },
          "413": {
            "description": "Pay Load Too Large. Limit exceeded.",
            "schema": {
              "$ref": "#/definitions/error413"
            }
          },
          "500": {
            "description": "Internal Server Error",
            "schema": {
              "$ref": "#/definitions/error500"
            }
          }
        }
      },
      "delete": {
        "description": "Deletes a User",
        "operationId": "deleteUser",
        "tags": [
          "User"
        ],
        "parameters": [
          {
            "in": "header",
            "name": "x-anId",
            "description": "AN ID/Customer ID, by which customer can be identified in Ariba Systems. *E.g., ANXXX002*",
            "required": true,
            "type": "string"
          },
          {
            "in": "path",
            "name": "id",
            "description": "ID of the user, to be found",
            "type": "string",
            "required": true
          }
        ],
        "responses": {
          "204": {
            "description": "User Deleted"
          },
          "401": {
            "description": "Unauthorized",
            "schema": {
              "$ref": "#/definitions/error401"
            }
          },
          "404": {
            "description": "Not Found. Could be Tenant Not Found",
            "schema": {
              "$ref": "#/definitions/error404"
            }
          },
          "409": {
            "description": "Conflict. Entity doesn't exist.",
            "schema": {
              "$ref": "#/definitions/error409"
            }
          },
          "412": {
            "description": "Precondition failed. Failed to delete.",
            "schema": {
              "$ref": "#/definitions/error412"
            }
          },
          "500": {
            "description": "Internal Server Error",
            "schema": {
              "$ref": "#/definitions/error500"
            }
          }
        }
      }
    },
    "/Groups": {
      "post": {
        "tags": [
          "Group"
        ],
        "description": "Creates a new group.\n## Note :\nDsiplay Name is considered as unique name for the group and also as english based translation, since there is no specific field as unique name in RFC.\n",
        "operationId": "createGroup",
        "consumes": [
          "application/scim+json"
        ],
        "produces": [
          "application/scim+json"
        ],
        "parameters": [
          {
            "in": "header",
            "name": "x-anId",
            "description": "AN ID/Customer ID, by which customer can be identified in Ariba Systems. *E.g., ANXXX002*",
            "required": true,
            "type": "string"
          },
          {
            "in": "body",
            "name": "requestBody",
            "required": true,
            "schema": {
              "$ref": "#/definitions/groupRequest"
            }
          }
        ],
        "responses": {
          "201": {
            "description": "Group created",
            "schema": {
              "$ref": "#/definitions/groupResponse"
            },
            "headers": {
              "Location": {
                "type": "string",
                "format": "http(s:)//<host:port>/<path>/<groupId>",
                "description": "URI Location of the group created. *E.g., https://api.ariba.com/mdni/erpintegration/api/scim/v2/Groups/Administrators*"
              }
            }
          },
          "400": {
            "description": "Bad Request. Could be violating schema, JSON not parseable.",
            "schema": {
              "$ref": "#/definitions/error400"
            }
          },
          "401": {
            "description": "Unauthorized",
            "schema": {
              "$ref": "#/definitions/error401"
            }
          },
          "404": {
            "description": "Not Found. Could be Group Not Found",
            "schema": {
              "$ref": "#/definitions/error404"
            }
          },
          "409": {
            "description": "Conflict. Entity already exists.",
            "schema": {
              "$ref": "#/definitions/error409"
            }
          },
          "413": {
            "description": "Pay Load Too Large. Limit exceeded.",
            "schema": {
              "$ref": "#/definitions/error413"
            }
          },
          "500": {
            "description": "Internal Server Error",
            "schema": {
              "$ref": "#/definitions/error500"
            }
          }
        }
      },
      "get": {
        "tags": [
          "Group"
        ],
        "description": "With filters client can reduce the amount of data shown, or to exclude data that client does not wish to see.",
        "operationId": "fetchAllGroups",
        "produces": [
          "application/scim+json"
        ],
        "parameters": [
          {
            "in": "header",
            "name": "x-anId",
            "description": "AN ID/Customer ID, by which customer can be identified in Ariba Systems. *E.g., ANXXX002*",
            "required": true,
            "type": "string"
          },
          {
            "in": "query",
            "name": "filter",
            "type": "string",
            "description": "- Filtering based on attributes displayName, type (extension:sap:2.0:Group-schema), members.value, meta.lastModified and Groups.members.value.\n\n- The operators: eq,gt,ge,lt,le supported for meta.lastModified.\n\n- The equals operator (eq) supported for displayName, type (extension:sap:2.0:Group-schema), members.value, Groups.type attribute and Groups.members.value.\n\n- The equals operator (eq) supported for application specifc unique attributes.",
            "required": true
          },
          {
            "in": "query",
            "name": "startIndex",
            "type": "integer",
            "description": "For Pagination. Index(Starts from 1) for the query results. *E.g., 1*",
            "default": 1
          },
          {
            "in": "query",
            "name": "count",
            "type": "integer",
            "description": "For Pagination. Number of items required in the result. *E.g., 10*",
            "default": 10
          }
        ],
        "responses": {
          "200": {
            "description": "OK",
            "schema": {
              "$ref": "#/definitions/groupListResponse"
            }
          },
          "400": {
            "description": "Bad Request. Could be violating schema, JSON not parseable.",
            "schema": {
              "$ref": "#/definitions/error400"
            }
          },
          "401": {
            "description": "Unauthorized",
            "schema": {
              "$ref": "#/definitions/error401"
            }
          },
          "404": {
            "description": "Not Found. Could be Tenant Not Found",
            "schema": {
              "$ref": "#/definitions/error404"
            }
          },
          "500": {
            "description": "Internal Server Error",
            "schema": {
              "$ref": "#/definitions/error500"
            }
          }
        }
      }
    },
    "/Groups/{id}": {
      "get": {
        "tags": [
          "Group"
        ],
        "description": "Find a group by ID",
        "operationId": "fetchGroup",
        "produces": [
          "application/scim+json"
        ],
        "parameters": [
          {
            "in": "header",
            "name": "x-anId",
            "description": "AN ID/Customer ID, by which customer can be identified in Ariba Systems. *E.g., ANXXX002*",
            "required": true,
            "type": "string"
          },
          {
            "in": "path",
            "name": "id",
            "description": "ID of the group, to be found",
            "type": "string",
            "required": true
          },
          {
            "in": "query",
            "name": "attributes",
            "type": "string",
            "description": "Multi-valued attribute pagination for Group members using type,count and startIndex. \n- *,members[type eq user] \n- *,members[type eq group]\n- *,members[type eq user&count=10&startIndex=10]\n- *,members[count=50&startIndex=0]\n",
            "required": false
          }
        ],
        "responses": {
          "200": {
            "description": "OK",
            "schema": {
              "$ref": "#/definitions/groupResponse"
            },
            "headers": {
              "Location": {
                "type": "string",
                "format": "http(s:)//<host:port>/<path>/<groupId>",
                "description": "URI Location of the entity found. *E.g., https://api.ariba.com/mdni/erpintegration/api/scim/v2/Groups/Administrators*"
              }
            }
          },
          "400": {
            "description": "Bad Request. Could be violating schema, JSON not parseable.",
            "schema": {
              "$ref": "#/definitions/error400"
            }
          },
          "401": {
            "description": "Unauthorized",
            "schema": {
              "$ref": "#/definitions/error401"
            }
          },
          "404": {
            "description": "Not Found. Could be Tenant Not Found",
            "schema": {
              "$ref": "#/definitions/error404"
            }
          },
          "500": {
            "description": "Internal Server Error",
            "schema": {
              "$ref": "#/definitions/error500"
            }
          }
        }
      },
      "put": {
        "description": "Updates a Group",
        "operationId": "updateGroup",
        "tags": [
          "Group"
        ],
        "consumes": [
          "application/scim+json"
        ],
        "produces": [
          "application/scim+json"
        ],
        "parameters": [
          {
            "in": "header",
            "name": "x-anId",
            "description": "AN ID/Customer ID, by which customer can be identified in Ariba Systems. *E.g., ANXXX002*",
            "required": true,
            "type": "string"
          },
          {
            "in": "body",
            "name": "requestBody",
            "schema": {
              "$ref": "#/definitions/groupRequest"
            },
            "required": true
          },
          {
            "in": "path",
            "name": "id",
            "description": "ID of the group, to be found",
            "type": "string",
            "required": true
          }
        ],
        "responses": {
          "200": {
            "description": "Group updated",
            "schema": {
              "$ref": "#/definitions/groupResponse"
            },
            "headers": {
              "Location": {
                "type": "string",
                "format": "http(s:)//<host:port>/<path>/<groupId>",
                "description": "URI Location of the group updated. *E.g., https://api.ariba.com/mdni/erpintegration/api/scim/v2/Groups/Administrators*"
              },
              "ETag": {
                "type": "string",
                "description": "Version of the group updated. *E.g., v1*"
              }
            }
          },
          "400": {
            "description": "Bad Request. Could be violating schema, JSON not parseable.",
            "schema": {
              "$ref": "#/definitions/error400"
            }
          },
          "401": {
            "description": "Unauthorized",
            "schema": {
              "$ref": "#/definitions/error401"
            }
          },
          "404": {
            "description": "Not Found. Could be Tenant Not Found",
            "schema": {
              "$ref": "#/definitions/error404"
            }
          },
          "409": {
            "description": "Conflict. Entity doesn't exist.",
            "schema": {
              "$ref": "#/definitions/error409"
            }
          },
          "412": {
            "description": "Precondition failed. Failed to udpate.",
            "schema": {
              "$ref": "#/definitions/error412"
            }
          },
          "413": {
            "description": "Pay Load Too Large. Limit exceeded.",
            "schema": {
              "$ref": "#/definitions/error413"
            }
          },
          "500": {
            "description": "Internal Server Error",
            "schema": {
              "$ref": "#/definitions/error500"
            }
          }
        }
      },
      "patch": {
        "description": "Updates an Group only with selective content. Supported operations are add, replace, remove.",
        "operationId": "patchGroup",
        "tags": [
          "Group"
        ],
        "consumes": [
          "application/scim+json"
        ],
        "produces": [
          "application/scim+json"
        ],
        "parameters": [
          {
            "in": "header",
            "name": "x-anId",
            "description": "AN ID/Customer ID, by which customer can be identified in Ariba Systems. *E.g., ANXXX002*",
            "required": true,
            "type": "string"
          },
          {
            "in": "body",
            "name": "requestBody",
            "schema": {
              "$ref": "#/definitions/groupPatch"
            },
            "required": true
          },
          {
            "in": "path",
            "name": "id",
            "description": "ID of the group, to be found",
            "type": "string",
            "required": true
          }
        ],
        "responses": {
          "200": {
            "description": "Group updated",
            "schema": {
              "$ref": "#/definitions/groupResponse"
            },
            "headers": {
              "Location": {
                "type": "string",
                "format": "http(s:)//<host:port>/<path>/<groupId>",
                "description": "URI Location of the group updated. *E.g., https://api.ariba.com/mdni/erpintegration/api/scim/v2/Groups/Administrators*"
              },
              "ETag": {
                "type": "string",
                "description": "Version of the group updated. *E.g., v1*"
              }
            }
          },
          "400": {
            "description": "Bad Request. Could be violating schema, JSON not parseable.",
            "schema": {
              "$ref": "#/definitions/error400"
            }
          },
          "401": {
            "description": "Unauthorized",
            "schema": {
              "$ref": "#/definitions/error401"
            }
          },
          "404": {
            "description": "Not Found. Could be Tenant Not Found",
            "schema": {
              "$ref": "#/definitions/error404"
            }
          },
          "409": {
            "description": "Conflict. Entity doesn't exist.",
            "schema": {
              "$ref": "#/definitions/error409"
            }
          },
          "412": {
            "description": "Precondition failed. Failed to udpate.",
            "schema": {
              "$ref": "#/definitions/error412"
            }
          },
          "413": {
            "description": "Pay Load Too Large. Limit exceeded.",
            "schema": {
              "$ref": "#/definitions/error413"
            }
          },
          "500": {
            "description": "Internal Server Error",
            "schema": {
              "$ref": "#/definitions/error500"
            }
          }
        }
      },
      "delete": {
        "description": "Deletes a Group",
        "operationId": "deleteGroup",
        "tags": [
          "Group"
        ],
        "parameters": [
          {
            "in": "header",
            "name": "x-anId",
            "description": "AN ID/Customer ID, by which customer can be identified in Ariba Systems. *E.g., ANXXX002*",
            "required": true,
            "type": "string"
          },
          {
            "in": "path",
            "name": "id",
            "description": "ID of the group, to be found",
            "type": "string",
            "required": true
          }
        ],
        "responses": {
          "204": {
            "description": "Group Deleted"
          },
          "401": {
            "description": "Unauthorized",
            "schema": {
              "$ref": "#/definitions/error401"
            }
          },
          "404": {
            "description": "Not Found. Could be Tenant Not Found",
            "schema": {
              "$ref": "#/definitions/error404"
            }
          },
          "409": {
            "description": "Conflict. Entity doesn't exist.",
            "schema": {
              "$ref": "#/definitions/error409"
            }
          },
          "412": {
            "description": "Precondition failed. Failed to delete.",
            "schema": {
              "$ref": "#/definitions/error412"
            }
          },
          "500": {
            "description": "Internal Server Error",
            "schema": {
              "$ref": "#/definitions/error500"
            }
          }
        }
      }
    }
  },
  "definitions": {
    "userRequest": {
      "required":["schemas","userName","active"],
      "properties": {
        "schemas": {
          "type": "array",
          "items": {
            "type": "string"
          },
          "description": "Comma seperated list of SCIM Schemas",
          "example": [
            "urn:ietf:params:scim:schemas:core:2.0:User",
            "urn:ietf:params:scim:schemas:extension:enterprise:2.0:User",
            "urn:ietf:params:scim:schemas:extension:sap:2.0:User",
            "urn:sap:cloud:scim:schemas:extension:custom:2.0:profile:User",
            "urn:ietf:params:scim:schemas:extension:sap:ariba:2.0:User",
            "urn:ietf:params:scim:schemas:extension:sap.odm:2.0:User"
          ]
        },
        "userName": {
          "type": "string",
          "description": "Unique value for User in the Tenant. This is case insensitive.",
          "example": "bjensen"
        },
        "emails": {
          "type": "array",
          "items": {
            "$ref": "#/definitions/email"
          },
          "description": "Only one email of type work is supported",
          "example": [
            {
              "type": "work",
              "value": "bjensen@example.com",
              "primary": true
            }
          ]
        },
        "locale": {
          "type": "string",
          "description": "Language of the Locale",
          "example": "en-US"
        },
        "phoneNumbers": {
          "type": "array",
          "items": {
            "$ref": "#/definitions/phoneNumber"
          },
          "description": "Only one Phone Number of type work and Fax are supported",
          "example": [
            {
              "type": "work",
              "value": "555-555-5555"
            },
            {
              "type": "fax",
              "value": "555-555-4444"
            }
          ]
        },
        "timezone": {
          "type": "string",
          "description": "Timezone relevant to the User",
          "example": "America/Los_Angeles"
        },
        "active": {
          "type": "boolean",
          "description": "Value true or false indicates if User is Locked (active=false) or Unlocked (active=true). This field can only be set to false in PUT/PATCH operation",
          "example": true
        },
        "displayName": {
          "type": "string",
          "example": "B Jensen",
          "description": "Is the English translation of Name"
        },
        "urn:ietf:params:scim:schemas:extension:sap:2.0:User": {
          "$ref": "#/definitions/sap_2_0_extension"
        },
        "urn:ietf:params:scim:schemas:extension:sap:ariba:2.0:User": {
          "$ref": "#/definitions/ariba_2_0_extension"
        },
        "urn:sap:cloud:scim:schemas:extension:custom:2.0:profile:User": {
          "$ref": "#/definitions/custom_2_0_profile_extension"
        },
        "urn:ietf:params:scim:schemas:extension:sap.odm:2.0:User": {
          "$ref": "#/definitions/odm_2_0_extension"
        },
        "urn:ietf:params:scim:schemas:extension:enterprise:2.0:User": {
          "$ref": "#/definitions/enterprise_2_0_extension"
        }
      }
    },
    "userResponse": {
      "properties": {
        "schemas": {
          "type": "array",
          "items": {
            "type": "string"
          },
          "description": "Comma separated list of schemas",
          "example": [
            "urn:ietf:params:scim:schemas:core:2.0:User",
            "urn:ietf:params:scim:schemas:extension:enterprise:2.0:User",
            "urn:ietf:params:scim:schemas:extension:sap:2.0:User",
            "urn:sap:cloud:scim:schemas:extension:custom:2.0:profile:User",
            "urn:ietf:params:scim:schemas:extension:sap:ariba:2.0:User",
            "urn:ietf:params:scim:schemas:extension:sap.odm:2.0:User"
          ]
        },
        "meta": {
          "$ref": "#/definitions/responseMeta"
        },
        "userName": {
          "type": "string",
          "description": "Unique value for User in the Tenant. This is case insensitive.",
          "example": "bjensen"
        },
        "emails": {
          "type": "array",
          "items": {
            "$ref": "#/definitions/email"
          },
          "description": "Only one email of type work is supported",
          "example": [
            {
              "type": "",
              "value": "bjensen@example.com",
              "primary": true
            }
          ]
        },
        "locale": {
          "type": "string",
          "description": "Language of the Locale",
          "example": "en-US"
        },
        "phoneNumbers": {
          "type": "array",
          "items": {
            "$ref": "#/definitions/phoneNumber"
          },
          "description": "Only one Phone Number of type work and Fax are supported",
          "example": [
            {
              "type": "work",
              "value": "555-555-5555"
            },
            {
              "type": "fax",
              "value": "555-555-4444"
            }
          ]
        },
        "timezone": {
          "description": "Timezone relevant to the User",
          "type": "string",
          "example": "America/Los_Angeles"
        },
        "active": {
          "description": "Value true or false indicates if User is Locked (active=false) or Unlocked (active=true). This field can only be set to false in PUT/PATCH operation",
          "type": "boolean",
          "example": true
        },
        "userType": {
          "type": "string",
          "description": "Type is Employee for PasswordAdapter1, and Contractor for ThirdPartyUser. Only available in User Response",
          "enum": ["Employee","Contractor"]
        },
        "displayName": {
          "type": "string",
          "example": "B Jensen",
          "description": "Is the English translation of Name"
        },
        "addresses":{
          "type": "array",
          "items": {
            "type": "object"
          },
          "description":"Shippinng Address/Billing Address contains streetAddress, locality, region",
          "example": [
            {
              "type": "ShippingAddress",
              "streetAddress": "100 Universal City Plaza",
              "locality": "Hollywood",
              "region": "CA"
            },
            {
              "type": "BillingAddress",
              "streetAddress": "100 Universal City Plaza",
              "locality": "Hollywood",
              "region": "CA"
            }
          ]
        },
        "groups": {
          "type": "array",
          "description": "Array of Groups the current SCIM User belongs to",
          "items": {
            "$ref": "#/definitions/group"
          },
          "example": [
            {
              "value": "Budget Manager"
            },
            {
              "value": "Report Manager"
            },
            {
              "value": "Purchasing User"
            }
          ]
        },
        "urn:ietf:params:scim:schemas:extension:sap:2.0:User": {
          "$ref": "#/definitions/sap_2_0_extension"
        },
        "urn:ietf:params:scim:schemas:extension:sap:ariba:2.0:User": {
          "$ref": "#/definitions/ariba_2_0_extension"
        },
        "urn:sap:cloud:scim:schemas:extension:custom:2.0:profile:User": {
          "$ref": "#/definitions/custom_2_0_profile_extension"
        },
        "urn:ietf:params:scim:schemas:extension:sap.odm:2.0:User": {
          "$ref": "#/definitions/odm_2_0_extension"
        },
        "urn:ietf:params:scim:schemas:extension:enterprise:2.0:User": {
          "$ref": "#/definitions/enterprise_2_0_extension"
        }
      }
    },
    "userPatch": {
      "properties": {
        "schemas": {
          "type": "array",
          "items": {
            "type": "string"
          },
          "example": [
            "urn:ietf:params:scim:api:messages:2.0:PatchOp"
          ]
        },
        "Operations": {
          "type": "array",
          "items": {
            "type": "object"
          },
          "example": [
            {
              "op": "replace",
              "path": "displayName",
              "value": "Instructor"
            },
            {
              "op":"replace",
              "path":"urn:ietf:params:scim:schemas:extension:sap:2.0:User",
              "value":
              {
                "userUuid": "923e4567-e89b-12d3-a456-556642440013"
              }
            },
            {
              "op": "add",
              "path": "phoneNumbers",
              "value": [
                {
                  "value": "1123",
                  "type": "work"
                },
                {
                  "value": "1123",
                  "type": "fax"
                }
              ]
            }
          ]
        }
      }
    },
    "userListResponse": {
      "properties": {
        "schemas": {
          "type": "array",
          "items": {
            "type": "string"
          },
          "description": "Comma seperated list of schemas",
          "example": "urn:ietf:params:scim:api:messages:2.0:ListResponse"
        },
        "totalResults": {
          "type": "integer",
          "description": "Total Number of Results from Filter",
          "example": 100
        },
        "startIndex": {
          "type": "integer",
          "description": "Index of the query results from which response should be returned",
          "example": 2
        },
        "itemsPerPage": {
          "type": "integer",
          "description": "Items per page",
          "example": 10
        },
        "Resources": {
          "type": "array",
          "items": {
            "$ref": "#/definitions/userResponse"
          },
          "example": [
            {
              "id": "johnDoe01",
              "meta": {
                "created": "2024-01-03T14:34:49.534Z",
                "lastModified": "2024-01-03T14:34:50.165Z",
                "location": "https://api.ariba.com/mdni/erpintegration/api/scim/v2/Users/c5324118Test11",
                "version": "1",
                "resourceType": "User"
              },
              "schemas": [
                "urn:ietf:params:scim:schemas:core:2.0:User",
                "urn:ietf:params:scim:schemas:extension:sap.odm:2.0:User",
                "urn:ietf:params:scim:schemas:extension:enterprise:2.0:User",
                "urn:ietf:params:scim:schemas:extension:sap:2.0:User",
                "urn:sap:cloud:scim:schemas:extension:custom:2.0:profile:User",
                "urn:ietf:params:scim:schemas:extension:sap:ariba:2.0:User"
              ],
              "userName": "johnDoe01",
              "displayName": "johnDoe01",
              "locale": "en_US",
              "timezone": "America/Los_Angeles",
              "active": true,
              "userType": "Employee",
              "emails": [
                {
                  "value": "johnDoe01@sap-test.de",
                  "primary": false
                }
              ],
              "addresses": [
                {
                  "type": "ShippingAddress",
                  "streetAddress": "100 Universal City Plaza",
                  "locality": "Hollywood",
                  "region": "CA"
                },
                {
                  "type": "BillingAddress",
                  "streetAddress": "100 Universal City Plaza",
                  "locality": "Hollywood",
                  "region": "CA"
                }
              ],
              "groups": [
                {
                  "value": "Budget Manager"
                },
                {
                  "value": "Report Manager"
                },
                {
                  "value": "Purchasing User"
                }
              ],
              "urn:ietf:params:scim:schemas:extension:sap:2.0:User": {
                "userUuid": "128b3830-061a-4c44-ae32-5f3f62c15484"
              },
              "urn:ietf:params:scim:schemas:extension:sap:ariba:2.0:User": {
                "currency": "EUR",
                "deliverTo": "Alexandra Decaux",
                "purchasingUnit": "PU2",
                "network": [
                  {
                    "displayId": "7",
                    "companyCodeId": "F100",
                    "primary": true
                  }
                ],
                "addresses": [
                  {
                    "type": "ShippingAddress",
                    "value": "0002"
                  },
                  {
                    "type": "BillingAddress",
                    "value": "0001"
                  }
                ],
                "passwordAdapter": "PasswordAdapter1"
              },
              "urn:sap:cloud:scim:schemas:extension:custom:2.0:profile:User": {
                "alternativeDisplayNames": [
                  {
                    "language": "fr",
                    "displayName": "B Jensen"
                  },
                  {
                    "language": "zh",
                    "displayName": "约翰·多伊"
                  }
                ]
              },
              "urn:ietf:params:scim:schemas:extension:sap.odm:2.0:User": {
                "companyCode": [
                  {
                    "displayId": "3000",
                    "primary": true
                  }
                ],
                "costCenter": [
                  {
                    "costCenterId": "B Center",
                    "companyCodeId": "3000",
                    "primary": true
                  }
                ],
                "purchasingGroup": [
                  {
                    "displayId": "002",
                    "primary": true
                  }
                ],
                "generalLedgerAccount": [
                  {
                    "displayId": "0000445000",
                    "companyCodeId": "3000",
                    "primary": true
                  }
                ],
                "purchasingOrganization": [
                  {
                    "displayId": "0001",
                    "primary": true
                  }
                ],
                "plant": [
                  {
                    "displayId": "0002",
                    "primary": true
                  }
                ]
              },
              "urn:ietf:params:scim:schemas:extension:enterprise:2.0:User": {
                "manager": "adavis"
              }
            },
            {
              "id": "johnDoe02",
              "meta": {
                "created": "2024-01-03T15:51:10.596Z",
                "lastModified": "2024-01-03T15:51:11.259Z",
                "location": "https://api.ariba.com/mdni/erpintegration/api/scim/v2/Users/c5324118Test14",
                "version": "1",
                "resourceType": "User"
              },
              "schemas": [
                "urn:ietf:params:scim:schemas:core:2.0:User",
                "urn:ietf:params:scim:schemas:extension:sap.odm:2.0:User",
                "urn:ietf:params:scim:schemas:extension:enterprise:2.0:User",
                "urn:ietf:params:scim:schemas:extension:sap:2.0:User",
                "urn:sap:cloud:scim:schemas:extension:custom:2.0:profile:User",
                "urn:ietf:params:scim:schemas:extension:sap:ariba:2.0:User"
              ],
              "userName": "johnDoe02",
              "displayName": "johnDoe02",
              "locale": "en_US",
              "timezone": "America/Los_Angeles",
              "active": true,
              "userType": "Employee",
              "emails": [
                {
                  "value": "johnDoe02@sap-test.de",
                  "primary": false
                }
              ],
              "addresses": [
                {
                  "type": "ShippingAddress",
                  "streetAddress": "100 Universal City Plaza",
                  "locality": "Hollywood",
                  "region": "CA"
                },
                {
                  "type": "BillingAddress",
                  "streetAddress": "100 Universal City Plaza",
                  "locality": "Hollywood",
                  "region": "CA"
                }
              ],
              "groups": [
                {
                  "value": "Budget Manager"
                },
                {
                  "value": "Report Manager"
                },
                {
                  "value": "Purchasing User"
                }
              ],
              "urn:ietf:params:scim:schemas:extension:sap:2.0:User": {
                "userUuid": "128b3830-061a-4c44-ae32-5f3f62c15484"
              },
              "urn:ietf:params:scim:schemas:extension:sap:ariba:2.0:User": {
                "currency": "EUR",
                "deliverTo": "Alexandra Decaux",
                "purchasingUnit": "PU2",
                "network": [
                  {
                    "displayId": "7",
                    "companyCodeId": "F100",
                    "primary": true
                  }
                ],
                "addresses": [
                  {
                    "type": "ShippingAddress",
                    "value": "0002"
                  },
                  {
                    "type": "BillingAddress",
                    "value": "0001"
                  }
                ],
                "passwordAdapter": "PasswordAdapter1"
              },
              "urn:sap:cloud:scim:schemas:extension:custom:2.0:profile:User": {
                "alternativeDisplayNames": [
                  {
                    "language": "fr",
                    "displayName": "B Jensen"
                  },
                  {
                    "language": "zh",
                    "displayName": "约翰·多伊"
                  }
                ]
              },
              "urn:ietf:params:scim:schemas:extension:sap.odm:2.0:User": {
                "companyCode": [
                  {
                    "displayId": "3000",
                    "primary": true
                  }
                ],
                "costCenter": [
                  {
                    "costCenterId": "B Center",
                    "companyCodeId": "3000",
                    "primary": true
                  }
                ],
                "purchasingGroup": [
                  {
                    "displayId": "002",
                    "primary": true
                  }
                ],
                "generalLedgerAccount": [
                  {
                    "displayId": "0000445000",
                    "companyCodeId": "3000",
                    "primary": true
                  }
                ],
                "purchasingOrganization": [
                  {
                    "displayId": "0001",
                    "primary": true
                  }
                ],
                "plant": [
                  {
                    "displayId": "0002",
                    "primary": true
                  }
                ]
              },
              "urn:ietf:params:scim:schemas:extension:enterprise:2.0:User": {
                "manager": "adavis"
              }
            }
          ]
        }
      }
    },
    "userListResourceItem": {
      "properties": {
        "id": {
          "type": "string"
        },
        "uniqueName": {
          "type": "string"
        }
      }
    },

    "odm_2_0_extension": {
      "description": "Properties relevant to urn:ietf:params:scim:schemas:extension:sap.odm:2.0:User custom extension",
      "properties": {
        "companyCode": {
          "type": "array",
          "items": {
            "type": "object"
          },
          "description": "CompanyCode value associated to Partitioned User object. Accepts only one element of multivalued array",
          "example": [
            {
              "displayId": "3000",
              "primary": true
            }
          ]
        },
        "costCenter": {
          "type": "array",
          "items": {
            "type": "object"
          },
          "description": "CostCenter value associated to Partitioned User object, requires CompanyCodeId. Accepts only one element of multivalued array",
          "example": [
            {
              "costCenterId": "B Center",
              "companyCodeId": "3000",
              "primary": true
            }
          ]
        },
        "purchasingGroup": {
          "type": "array",
          "items": {
            "type": "object"
          },
          "description": "PurchasingGroup value associated to Partitioned User object. Accepts only one element of multivalued array",
          "example": [
            {
              "displayId": "002",
              "primary": true
            }
          ]
        },
        "generalLedgerAccount": {
          "type": "array",
          "items": {
            "type": "object"
          },
          "description": "PurchasingGroup value associated to Partitioned User object, requires CompanyCodeId. DisplayId(GeneralLedgerAccount) needs to have trailing Zeros. Accepts only one element of multivalued array",
          "example": [
            {
              "displayId":"0000445000",
              "companyCodeId":"3000",
              "primary":true
            }
          ]
        },
        "purchasingOrganization": {
          "type": "array",
          "items": {
            "type": "object"
          },
          "description": "PurchasingOrganization value associated to Partitioned User object. Accepts only one element of multivalued array",
          "example": [
            {
              "displayId": "0001",
              "primary": true
            }
          ]
        },
        "plant": {
          "type": "array",
          "items": {
            "type": "object"
          },
          "description": "Plant value associated to Partitioned User object. Accepts only one element of multivalued array",
          "example": [
            {
              "displayId": "0002",
              "primary": true
            }
          ]
        }
      }
    },
    "custom_2_0_profile_extension": {
      "description": "Properties relevant to urn:sap:cloud:scim:schemas:extension:custom:2.0:profile:User extension",
      "properties": {
        "alternativeDisplayNames": {
          "description": "Alternative Multi-Lingual Display Names",
          "type": "array",
          "items": {
            "$ref": "#/definitions/multiLingualName"
          },
          "example": [
            {
              "language": "fr",
              "displayName": "B Jensen"
            },
            {
              "language": "zh",
              "displayName": "约翰·多伊"
            }
          ]
        }
      }
    },

    "sap_2_0_extension": {
      "description": "Properties relevant to urn:ietf:params:scim:schemas:extension:sap:2.0:User custom extension",
      "properties": {
        "userUuid": {
          "description": "Global User ID, format as per TG16.R5",
          "type": "string",
          "example": "128b3830-061a-4c44-ae32-5f3f62c15484"
        }
      }
    },
    "enterprise_2_0_extension": {
      "description": "Properties relevant to urn:ietf:params:scim:schemas:extension:enterprise:2.0:User custom extension",
      "properties": {
        "manager": {
          "description": "Supervisor Unique Name",
          "type": "string",
          "example": "adavis"
        }
      }
    },
    "ariba_2_0_extension": {
      "description": "Properties relevant to urn:ietf:params:scim:schemas:extension:sap:ariba:2.0:User custom extension",
      "properties": {
        "currency": {
          "type": "string",
          "description": "ISO 4217 Currency format, associated to Partitioned User",
          "example": "EUR"
        },
        "deliverTo": {
          "type": "string",
          "description": "deliverTo field associated to Partitioned User ",
          "example": "Alexandra Decaux"
        },
        "purchasingUnit": {
          "type": "string",
          "description": "Purchasing Unit associated to Partitioned User ",
          "example": "PU2"
        },
        "network": {
          "type": "array",
          "items": {
            "type": "object"
          },
          "description": "Network value associated to Partitioned User object, requires CompanyCodeId. Accepts only one element of multivalued array",
          "example": [
            {
              "displayId": "7",
              "companyCodeId": "F100",
              "primary": true
            }
          ]
        },
        "addresses": {
          "type": "array",
          "description": "Shipping Address or Billing Address information associated to Partitioned User Object",
          "items": {
            "type": "object"
          },
          "example": [
            {
              "type": "ShippingAddress",
              "value": "0002"
            },
            {
              "type": "BillingAddress",
              "value": "0001"
            }
          ]
        },
        "passwordAdapter": {
          "type": "string",
          "description": "Type of user",
          "enum": ["PasswordAdapter1","SourcingSupplierUser","AribaSupplierNetworkUser","ThirdPartyUser"]
        }
      }
    },
    "ariba_2_0_extension_response": {
      "description": "Properties relevant to urn:ietf:params:scim:schemas:extension:sap:ariba:2.0:User custom extension",
      "properties": {
        "currency": {
          "type": "string",
          "description": "ISO 4217 Currency format, associated to Partitioned User",
          "example": "EUR"
        },
        "deliverTo": {
          "type": "string",
          "description": "deliverTo field associated to Partitioned User ",
          "example": "Alexandra Decaux"
        },
        "purchasingUnit": {
          "type": "string",
          "description": "Purchasing Unit associated to Partitioned User ",
          "example": "PU2"
        },
        "network": {
          "type": "array",
          "description": "Network value associated to Partitioned User object, requires CompanyCodeId. Accepts only one element of multivalued array",
          "items": {
            "type": "object"
          },
          "example": [
            {
              "displayId": "7",
              "companyCodeId": "F100",
              "primary": true
            }
          ]
        },
        "addresses": {
          "type": "array",
          "description": "Shipping Address or Billing Address information associated to Partitioned User Object. Contains name in Response",
          "items": {
            "type": "object"
          },
          "example": [
            {
              "type": "ShippingAddress",
              "value": "0002",
              "name": "Plant1"
            },
            {
              "type": "BillingAddress",
              "value": "0001",
              "name": "Plant2"
            }
          ]
        },
        "passwordAdapter": {
          "type": "string",
          "description": "Type of user",
          "enum": ["PasswordAdapter1","SourcingSupplierUser","AribaSupplierNetworkUser","ThirdPartyUser"]
        }
      }
    },

    "phoneNumber": {
      "properties": {
        "type": {
          "type": "string"
        },
        "value": {
          "type": "string"
        }
      }
    },
    "email": {
      "properties": {
        "type": {
          "type": "string"
        },
        "value": {
          "type": "string"
        },
        "primary": {
          "type": "boolean"
        }
      }
    },
    "responseMeta": {
      "properties": {
        "location": {
          "type": "string",
          "format": "http(s:)//<host:port>/<path>/<entityId>",
          "example": "https://api.ariba.com/mdni/erpintegration/api/scim/v2/Users/bjensen"
        },
        "resourceType": {
          "type": "string",
          "enum": [
            "User",
            "Group"
          ]
        },
        "version": {
          "type": "string",
          "example": "v1"
        },
        "created": {
          "type": "string",
          "example": "2011-05-13T04:42:34Z"
        },
        "lastModified": {
          "type": "string",
          "example": "2011-05-13T04:42:34Z"
        }
      }
    },
    "timeStamp": {
      "properties": {
        "nano": {
          "type": "number",
          "example": 0
        },
        "epochSecond": {
          "type": "number",
          "example": 1565159740
        }
      }
    },
    "multiLingualName": {
      "properties": {
        "language": {
          "type": "string",
          "example": "en"
        },
        "value": {
          "type": "string",
          "example": "John Doe"
        }
      }
    },

    "groupRequest": {
      "required": ["schemas","displayName"],
      "properties": {
        "schemas": {
          "description": "Comma seperated list of SCIM Schemas",
          "type": "array",
          "items": {
            "type": "string"
          },
          "example": [
            "urn:ietf:params:scim:schemas:core:2.0:Group",
            "urn:sap:cloud:scim:schemas:extension:custom:2.0:profile:Group"
          ]
        },
        "displayName": {
          "type": "string",
          "description": "Unique Name for Group",
          "example": "Administrators"
        },
        "members": {
          "type": "array",
          "description": "Member value of Group. This can be either Child Groups or User members, discriminator is type",
          "items": {
            "$ref": "#/definitions/groupMembersItem"
          },
          "example": [
            {
              "type": "User",
              "value": "bjensen"
            },
            {
              "type": "User",
              "value": "cnoll"
            },
            {
              "type": "User",
              "value": "johnode"
            },
            {
              "type": "User",
              "value": "sallydoe"
            },
            {
              "type": "Group",
              "value": "Admin"
            }
          ]
        },
        "urn:sap:cloud:scim:schemas:extension:custom:2.0:profile:Group": {
          "$ref": "#/definitions/custom_2_0_profile_Group_extension"
        }
      }
    },
    "groupResponse": {
      "properties": {
        "schemas": {
          "description": "Comma seperated list of SCIM Schemas",
          "type": "array",
          "items": {
            "type": "string"
          },
          "example": [
            "urn:ietf:params:scim:schemas:core:2.0:Group",
            "urn:sap:cloud:scim:schemas:extension:custom:2.0:profile:Group"
          ]
        },
        "meta": {
          "$ref": "#/definitions/groupResponseMeta"
        },
        "displayName": {
          "type": "string",
          "description": "Unique Name for Group",
          "example": "Administrators"
        },
        "members": {
          "description": "Member value of Group. This can be either Child Groups or User members, discriminator is type",
          "type": "array",
          "items": {
            "$ref": "#/definitions/groupMembersItem"
          },
          "example": [
            {
              "type": "User",
              "value": "bjensen"
            },
            {
              "type": "User",
              "value": "cnoll"
            },
            {
              "type": "User",
              "value": "johnode"
            },
            {
              "type": "User",
              "value": "sallydoe"
            },
            {
              "type": "Group",
              "value": "Admin"
            }
          ]
        },
        "urn:ietf:params:scim:schemas:extension:sap:2.0:Group": {
          "$ref": "#/definitions/sap_2_0_Group_extension"
        },
        "urn:sap:cloud:scim:schemas:extension:custom:2.0:profile:Group": {
          "$ref": "#/definitions/custom_2_0_profile_Group_extension"
        }
      }
    },
    "groupResponseMeta": {
      "properties": {
        "location": {
          "type": "string",
          "format": "http(s:)//<host:port>/<path>/<entityId>",
          "example": "https://api.ariba.com/mdni/erpintegration/api/scim/v2/Groups/Administrators"
        },
        "resourceType": {
          "type": "string",
          "enum": [
            "Group",
            "User"
          ]
        },
        "version": {
          "type": "string",
          "example": "v1"
        },
        "created": {
          "type": "string",
          "example": "2011-05-13T04:42:34Z"
        },
        "lastModified": {
          "type": "string",
          "example": "2011-05-13T04:42:34Z"
        }
      }
    },
    "groupListResponse": {
      "properties": {
        "schemas": {
          "type": "array",
          "items": {
            "type": "string"
          },
          "description": "Comma seperated list of schemas",
          "example": "urn:ietf:params:scim:api:messages:2.0:ListResponse"
        },
        "totalResults": {
          "type": "integer",
          "description": "Total Number of Results from Filter",
          "example": 100
        },
        "startIndex": {
          "type": "integer",
          "description": "Index of the query results from which response should be returned",
          "example": 2
        },
        "itemsPerPage": {
          "type": "integer",
          "description": "Items per page",
          "example": 10
        },
        "Resources": {
          "type": "array",
          "items": {
            "$ref": "#/definitions/groupListResourceItem"
          }

        }
      }
    },
    "groupListResourceItem": {
      "properties": {
        "id": {
          "type": "string"
        },
        "meta": {
          "$ref": "#/definitions/groupResponseMeta"
        },
        "displayName": {
          "type": "string"
        },
        "members": {
          "type": "array",
          "items": {
            "$ref": "#/definitions/groupMembersItem"
          },
          "example": [
            {
              "type": "User",
              "value": "bjensen"
            },
            {
              "type": "Group",
              "value": "Admin"
            }
          ]
        },
        "schemas": {
          "type": "array",
          "items": {
            "type": "string"
          },
          "example": [
            "urn:ietf:params:scim:schemas:core:2.0:Group",
            "urn:sap:cloud:scim:schemas:extension:custom:2.0:profile:Group"
          ]
        },
        "urn:ietf:params:scim:schemas:extension:sap:2.0:Group": {
          "$ref": "#/definitions/sap_2_0_Group_extension"
        },
        "urn:sap:cloud:scim:schemas:extension:custom:2.0:profile:Group": {
          "$ref": "#/definitions/custom_2_0_profile_Group_extension"
        }
      }
    },
    "group": {
      "properties": {
        "value": {
          "type": "string"
        },
        "$ref": {
          "type": "string"
        }
      }
    },
    "groupPatch": {
      "properties": {
        "schemas": {
          "type": "array",
          "items": {
            "type": "string"
          },
          "example": [
            "urn:ietf:params:scim:api:messages:2.0:PatchOp"
          ]
        },
        "Operations": {
          "type": "array",
          "items": {
            "type": "object"
          },
          "example": [
            {
              "op": "add",
              "path": "members",
              "value": [
                {
                  "value": "GBDev81",
                  "type": "User"
                }
              ]
            },
            {
              "op": "remove",
              "path": "urn:sap:cloud:scim:schemas:extension:custom:2.0:profile:Group"
            }
          ]
        }
      }
    },
    "groupMembersItem": {
      "properties": {
        "type": {
          "type": "string"
        },
        "value": {
          "type": "string"
        }
      }
    },
    "custom_2_0_profile_Group_extension": {
      "description": "Properties relevant to urn:sap:cloud:scim:schemas:extension:custom:2.0:profile:Group Group extension",
      "properties": {
        "alternativeDisplayNames": {
          "type": "array",
          "items": {
            "$ref": "#/definitions/multiLingualName"
          },
          "example": [
            {
              "language": "ja",
              "displayName": "代理"
            },
            {
              "language": "ru",
              "displayName": "Действовать как"
            }
          ]
        }
      }
    },
    "sap_2_0_Group_extension": {
      "description": "Properties relevant to urn:ietf:params:scim:schemas:extension:sap:2.0:Group custom extension",
      "properties": {
        "type": {
          "type": "string",
          "description":"A string indicating whether we are looking at userGroup or authorization",
          "enum": ["userGroup","authorization"]
        },
        "supportedOperations": {
          "type": "string",
          "description":"A string describing the update options of this entity",
          "enum": ["readOnly","readWrite"]
        }

      }
    },
    "error400": {
      "properties": {
        "schemas": {
          "type": "array",
          "items": {
            "type": "string",
            "example": "urn:ietf:params:scim:api:messages:2.0:Error"
          }
        },
        "status": {
          "type": "integer",
          "example": 400
        },
        "detail": {
          "type": "string",
          "example": "Tenant ID (x-anId) header is mandatory"
        },
        "scimType": {
          "type": "string",
          "example": "invalidSyntax"
        }
      }
    },
    "error401": {
      "properties": {
        "schemas": {
          "type": "array",
          "items": {
            "type": "string",
            "example": "urn:ietf:params:scim:api:messages:2.0:Error"
          }
        },
        "status": {
          "type": "integer",
          "example": 401
        },
        "detail": {
          "type": "string",
          "example": "Invalid OAuth token"
        },
        "scimType": {
          "type": "string",
          "example": "invalidSyntax"
        }
      }
    },
    "error404": {
      "properties": {
        "schemas": {
          "type": "array",
          "items": {
            "type": "string",
            "example": "urn:ietf:params:scim:api:messages:2.0:Error"
          }
        },
        "status": {
          "type": "integer",
          "example": 404
        },
        "detail": {
          "type": "string",
          "example": "Resource couldn't be found."
        },
        "scimType": {
          "type": "string",
          "example": "invalidSyntax"
        }
      }
    },
    "error409": {
      "properties": {
        "schemas": {
          "type": "array",
          "items": {
            "type": "string",
            "example": "urn:ietf:params:scim:api:messages:2.0:Error"
          }
        },
        "status": {
          "type": "integer",
          "example": 409
        },
        "detail": {
          "type": "string",
          "example": "Resource already exists."
        },
        "scimType": {
          "type": "string",
          "example": "invalidSyntax"
        }
      }
    },
    "error412": {
      "properties": {
        "schemas": {
          "type": "array",
          "items": {
            "type": "string",
            "example": "urn:ietf:params:scim:api:messages:2.0:Error"
          }
        },
        "status": {
          "type": "integer",
          "example": 412
        },
        "detail": {
          "type": "string",
          "example": "Resource to be updated, doesn't exist."
        },
        "scimType": {
          "type": "string",
          "example": "invalidSyntax"
        }
      }
    },
    "error413": {
      "properties": {
        "schemas": {
          "type": "array",
          "items": {
            "type": "string",
            "example": "urn:ietf:params:scim:api:messages:2.0:Error"
          }
        },
        "status": {
          "type": "integer",
          "example": 413
        },
        "detail": {
          "type": "string",
          "example": "Payload too large."
        },
        "scimType": {
          "type": "string",
          "example": "invalidSyntax"
        }
      }
    },
    "error500": {
      "properties": {
        "schemas": {
          "type": "array",
          "items": {
            "type": "string",
            "example": "urn:ietf:params:scim:api:messages:2.0:Error"
          }
        },
        "status": {
          "type": "integer",
          "example": 500
        },
        "detail": {
          "type": "string",
          "example": "Error during SCIM - MDS JSON processing."
        },
        "scimType": {
          "type": "string",
          "example": "invalidSyntax"
        }
      }
    }
  }
}
