<extention name="Test">
    <module name="PurchaseOrg">
        <lookupKeys>
            <lookupKey>PurchasingOrgID</lookupKey>
        </lookupKeys>
        <relationship>
            <relation name="PurchaseGroup">
                <field name="PurchaseGroupID">PurchasingGroupID</field>
            </relation>
        </relationship>
    </module>
    <module name="PurchaseGroup">
        <lookupKeys>
            <lookupKey>PurchasingGroupID</lookupKey>
        </lookupKeys>
        <relationship/>
    </module>
</extention>
