<soapenv:Envelope xmlns:soapenv="http://schemas.xmlsoap.org/soap/envelope/" xmlns:ser="http://service.cxf/" xmlns:n0="http://sap.com/xi/APPL/LogMDR">
  <soapenv:Header/>
  <soapenv:Body>
<n0:AccCategoryFieldStatusComboMasterDataReplicationBundleRequest xmlns:n0="http://sap.com/xi/FNDEI" xmlns:prx="urn:sap.com:proxy:ER9:/1SAI/TAS1BC60951EFD2657D810E:752">
<MessageHeader>
<ID>42F2E9AFC3DF1EE6ACA7831C60BCAEFF</ID>
<UUID>42f2e9af-c3df-1ee6-aca7-831c60bcaeff</UUID>
<CreationDateTime>2018-06-01T05:17:12.510Z</CreationDateTime>
<SenderBusinessSystemID>ER9_008</SenderBusinessSystemID>
</MessageHeader>
<TransmissionStartDateTime>2016-11-23T05:17:12.510Z</TransmissionStartDateTime>
<AccCategoryFieldStatusCombo>
<Category>8</Category>
<Variant>Tess</Variant>
<Fstag>Y9G</Fstag>
</AccCategoryFieldStatusCombo>
</n0:AccCategoryFieldStatusComboMasterDataReplicationBundleRequest>
</soapenv:Body>
</soapenv:Envelope>