<soapenv:Envelope xmlns:soapenv="http://schemas.xmlsoap.org/soap/envelope/" xmlns:ser="http://service.cxf/" xmlns:n0="http://sap.com/xi/APPL/LogMDR">
  <soapenv:Header/>
  <soapenv:Body>
<n0:AdjustmentTypeMasterDataReplicationBundleRequest xmlns:n0="http://sap.com/xi/FNDEI" xmlns:prx="urn:sap.com:proxy:ER9:/1SAI/TAS1BC60951EFD2657D810E:752">
<MessageHeader>
<ID>42F2E9AFC3DF1EE6ACA7831C60BCAEFF</ID>
<UUID>42f2e9af-c3df-1ee6-aca7-831c60bcaeff</UUID>
<CreationDateTime>2018-06-01T05:17:12.510Z</CreationDateTime>
<SenderBusinessSystemID>ER9_008</SenderBusinessSystemID>
</MessageHeader>
<TransmissionStartDateTime>2016-11-23T05:17:12.510Z</TransmissionStartDateTime>
<AdjustmentType>
<UniqueName>Test13</UniqueName>
<Name languageCode="VI">Chi phí và phí vận chuyển</Name>
<Name languageCode="HI">लागत और भाड़ा</Name>
<Name languageCode="SH">Troškovi i tovar</Name>
<Name languageCode="CA">Costos i ports</Name>
<Name languageCode="LV">Izmaksas un vedmaksa</Name>
<Name languageCode="LT">Kaina ir frachtas</Name>
<Name languageCode="BG">Разходи и навло</Name>
<Name languageCode="SV">C &amp; F</Name>
<Name languageCode="FI">Kulut ja rahti</Name>
<Name languageCode="TR">c.&amp; f.</Name>
<Name languageCode="ES">Costes y flete</Name>
<Name languageCode="RU">Затраты и фрахт</Name>
<Name languageCode="SK">Náklady a prepravné</Name>
<Name languageCode="PT">Custos e frete</Name>
<Name languageCode="NO">Kostnader og frakt</Name>
<Name languageCode="NL">Kosten en vracht</Name>
<Name languageCode="ZF">成本和運費</Name>
<Name languageCode="PL">Koszty i fracht</Name>
<Name languageCode="DA">Omkostninger og fragt</Name>
<Name languageCode="ZH">成本和运费</Name>
<Name languageCode="TH">ต้นทุนและค่าขนส่ง</Name>
<Name languageCode="KO">C&amp;F</Name>
<Name languageCode="RO">Costuri şi transport</Name>
<Name languageCode="SL">Stroški in tovor</Name>
<Name languageCode="HR">Troškovi i vozarina</Name>
<Description>TestDescription</Description>
<Category>TestCategory</Category>
<GeneralLedger>
<UniqueName>0000841680</UniqueName>
<CompanyCode>0001</CompanyCode>
</GeneralLedger>
</AdjustmentType>
</n0:AdjustmentTypeMasterDataReplicationBundleRequest>
</soapenv:Body>
</soapenv:Envelope>