SCHEMA_ID,NAME,TYPE,DESCRIPTION,MULTIVALUED,REQUIRED,CASE_EXACT,MUTABILITY,RETURNED,UNIQUENESS,CANONICAL_VALUES,REFERENCE_TYPES,SUB_ATTRIBUTE_OF
urn:ietf:params:scim:schemas:core:2.0:Schema,id,string,"The unique URI of the schema. When applicable, service providers MUST specify the URI.",0,1,0,readOnly,default,none,NULL,NULL,NULL
urn:ietf:params:scim:schemas:core:2.0:Schema,name,string,"The schemas human-readable name.  When applicable, service providers MUST specify the name, e.g., User.",0,1,0,readOnly,default,none,NULL,NULL,NULL
urn:ietf:params:scim:schemas:core:2.0:Schema,description,string,"The schemas human-readable name.  When applicable, service providers MUST specify the name, e.g., User.",0,0,0,readOnly,default,none,NULL,NULL,NULL
urn:ietf:params:scim:schemas:core:2.0:Schema,attributes,complex,A complex attribute that includes the attributes of a schema.,1,1,0,readOnly,default,NULL,NULL,NULL,NULL
urn:ietf:params:scim:schemas:core:2.0:Schema,name,string,The attributes name.,0,1,1,readOnly,default,none,NULL,NULL,attributes
urn:ietf:params:scim:schemas:core:2.0:Schema,type,string,"The attributes data type. Valid values include string, complex, boolean, decimal, integer, dateTime, reference.",0,1,0,readOnly,default,none,"string,complex,boolean,decimal,integer,dateTime,reference",NULL,attributes
urn:ietf:params:scim:schemas:core:2.0:Schema,multiValued,boolean,A Boolean value indicating an attributes plurality.,0,1,0,readOnly,default,NULL,NULL,NULL,attributes
urn:ietf:params:scim:schemas:core:2.0:Schema,description,string,A human-readable description of the attribute.,0,0,1,readOnly,default,none,NULL,NULL,attributes
urn:ietf:params:scim:schemas:core:2.0:Schema,required,boolean,A boolean value indicating whether or not the attribute is required.,0,0,0,readOnly,default,NULL,NULL,NULL,attributes
urn:ietf:params:scim:schemas:core:2.0:Schema,canonicalValues,string,"A collection of canonical values. When applicable, service providers MUST specify the canonical types, e.g., work, home.",1,0,1,readOnly,default,none,NULL,NULL,attributes
urn:ietf:params:scim:schemas:core:2.0:Schema,caseExact,boolean,A Boolean value indicating whether or not a string attribute is case sensitive.,0,0,0,readOnly,default,NULL,NULL,NULL,attributes
urn:ietf:params:scim:schemas:core:2.0:Schema,mutability,string,Indicates whether or not an attribute is modifiable.,0,0,1,readOnly,default,none,"readOnly,readWrite,immutable,writeOnly",NULL,attributes
urn:ietf:params:scim:schemas:core:2.0:Schema,returned,string,"Indicates when an attribute is returned in a response (e.g., to a query).",0,0,1,readOnly,default,none,"always,never,default,request",NULL,attributes
urn:ietf:params:scim:schemas:core:2.0:Schema,uniqueness,string,Indicates how unique a value must be.,0,0,1,readOnly,default,none,"none,server,global",NULL,attributes
urn:ietf:params:scim:schemas:core:2.0:Schema,referenceTypes,string,"Used only with an attribute of type reference.  Specifies a SCIM resourceType that a reference attribute MAY refer to, e.g., User.",1,0,1,readOnly,default,none,NULL,NULL,attributes
urn:ietf:params:scim:schemas:core:2.0:Schema,subAttributes,complex,Used to define the sub-attributes of a complex attribute.,1,0,0,readOnly,default,NULL,NULL,NULL,attributes
urn:ietf:params:scim:schemas:core:2.0:User,userName,string,"Unique identifier for the User, typically used by the user to directly authenticate to the service provider. Each User MUST include a non-empty userName value.  This identifier MUST be unique across the service providers entire set of Users. REQUIRED.",0,1,0,readWrite,default,server,NULL,NULL,NULL
urn:ietf:params:scim:schemas:core:2.0:User,active,boolean,A Boolean value indicating the Users administrative status.,0,0,0,readWrite,default,NULL,NULL,NULL,NULL
urn:ietf:params:scim:schemas:core:2.0:User,displayName,string,"The name of the User, suitable for display to end-users.  The name SHOULD be the full name of the User being described, if known. It shuold be the translation in ENGLISH.",0,0,1,readWrite,default,none,NULL,NULL,NULL
urn:ietf:params:scim:schemas:core:2.0:User,emails,complex,"Email addresses for the user.  The value SHOULD be canonicalized by the service provider, e.g., bjensen@example.com instead of bjensen@EXAMPLE.COM. Canonical type values of work, home, and other.",1,0,0,readWrite,default,none,NULL,NULL,NULL
urn:ietf:params:scim:schemas:core:2.0:User,value,string,"Email addresses for the user.  The value SHOULD be canonicalized by the service provider, e.g., bjensen@example.com instead of bjensen@EXAMPLE.COM. Canonical type values of work, home, and other.",0,0,0,readWrite,default,none,NULL,NULL,emails
urn:ietf:params:scim:schemas:core:2.0:User,type,string,"A label indicating the attributes function, e.g., work or home.",0,0,0,readWrite,default,none,"work,home,other",NULL,emails
urn:ietf:params:scim:schemas:core:2.0:User,primary,boolean,"A Boolean value indicating the primary or preferred attribute value for this attribute, e.g., the preferred mailing address or primary email address.  The primary attribute value true MUST appear no more than once.",0,0,0,readWrite,default,NULL,NULL,NULL,emails
urn:ietf:params:scim:schemas:core:2.0:User,phoneNumbers,complex,"Phone numbers for the User.  The value SHOULD be canonicalized by the service provider according to the format specified in RFC 3966, e.g., tel:+1-201-555-0123. Canonical type values of work, home, mobile, fax, pager, and other.",1,0,0,readWrite,default,NULL,NULL,NULL,NULL
urn:ietf:params:scim:schemas:core:2.0:User,value,string,Phone number of the User.,0,0,0,readWrite,default,none,NULL,NULL,phoneNumbers
urn:ietf:params:scim:schemas:core:2.0:User,type,string,"A label indicating the attributes function, e.g., work, fax",0,0,0,readWrite,default,none,"work,fax",NULL,phoneNumbers
urn:ietf:params:scim:schemas:core:2.0:User,locale,string,"Used to indicate the Users default location for purposes of localizing items such as currency, date time format, or numerical representations.",0,0,0,readWrite,default,none,NULL,NULL,NULL
urn:ietf:params:scim:schemas:core:2.0:User,timezone,string,"The Users time zone in the Olson time zone database format, e.g., America/Los_Angeles.",0,0,0,readWrite,default,none,NULL,NULL,NULL
urn:ietf:params:scim:schemas:extension:sap:2.0:User,userUuid,string,"User UUID field as per TG16.R3. Used as a global User ID",0,0,1,readWrite,default,NULL,NULL,NULL,NULL
urn:sap:cloud:scim:schemas:extension:custom:2.0:profile:User,alternativeDisplayNames,complex,All the translations of name of the user in different languages based on ISO codes,1,0,1,readWrite,default,NULL,NULL,NULL,NULL
urn:sap:cloud:scim:schemas:extension:custom:2.0:profile:User,language,string,Language ISO Code,0,0,1,readWrite,default,NULL,NULL,NULL,alternativeDisplayNames
urn:sap:cloud:scim:schemas:extension:custom:2.0:profile:User,displayName,string,Translation of name of the user in corresponding language,0,0,1,readWrite,default,NULL,NULL,NULL,alternativeDisplayNames
urn:ietf:params:scim:schemas:extension:enterprise:2.0:User,manager,complex,The Users manager.  A complex type that optionally allows service providers to represent organizational hierarchy by referencing the id attribute of another User.,0,0,0,readWrite,default,NULL,NULL,NULL,NULL
urn:ietf:params:scim:schemas:extension:enterprise:2.0:User,value,string,The id of the SCIM resource representing the Users manager.  REQUIRED.,0,0,0,readWrite,default,none,NULL,NULL,manager
urn:ietf:params:scim:schemas:core:2.0:Group,displayName,string,The display name of group,0,1,0,readWrite,default,server,NULL,NULL,NULL
urn:sap:cloud:scim:schemas:extension:custom:2.0:profile:Group,alternativeDisplayNames,complex,All the translations of name of the group in different languages based on ISO codes,1,0,1,readWrite,default,NULL,NULL,NULL,NULL
urn:sap:cloud:scim:schemas:extension:custom:2.0:profile:Group,language,string,Language ISO Code,0,0,1,readWrite,default,NULL,NULL,NULL,alternativeDisplayNames
urn:sap:cloud:scim:schemas:extension:custom:2.0:profile:Group,displayName,string,Translation of name of the group in corresponding language,0,0,1,readWrite,default,NULL,NULL,NULL,alternativeDisplayNames
urn:ietf:params:scim:schemas:core:2.0:Group,members,complex,members for the group. Canonical type values of user and  group.,1,0,0,readWrite,default,none,NULL,NULL,NULL
urn:ietf:params:scim:schemas:core:2.0:Group,value,string,user or group for the group.  ,0,0,0,readWrite,default,none,NULL,NULL,members
urn:ietf:params:scim:schemas:core:2.0:Group,type,string,"A label indicating the attributes function, e.g., user or group.",0,0,0,readWrite,default,none,"work,home,other",NULL,members
urn:ietf:params:scim:schemas:extension:sap:ariba:2.0:User,passwordAdapter,string,"PasswordAdapter value",0,0,1,readWrite,default,NULL,NULL,NULL,NULL
urn:ietf:params:scim:schemas:extension:sap.odm:2.0:User,companyCode,string,"Company code value for the user",0,0,1,readWrite,default,NULL,NULL,NULL,NULL
urn:ietf:params:scim:schemas:extension:sap:2.0:Group,type,enum,This label is used for Roles and Groups through SCIM -Authorizations.,0,0,1,readOnly,default,none,NULL,NULL,NULL
urn:ietf:params:scim:schemas:extension:sap:2.0:Group,supportedOperations,enum,This label is used for Roles and Groups to tell about supportedOperations through SCIM.,0,0,1,readOnly,default,none,NULL,NULL,NULL