ID,CREATED,LAST_MODIFIED,VERSION,NAME,DESCRIPTION
urn:ietf:params:scim:schemas:core:2.0:User,2017-01-24T13:42:09.137Z,2017-01-24T13:42:09.137Z,7f60548b-64ed-4a3a-9789-a86022c2fd69,User,User
urn:sap:cloud:scim:schemas:extension:custom:2.0:profile:User,2017-01-24T13:42:09.137Z,2017-01-24T13:42:09.137Z,7f60548b-64ed-4a3a-9789-a86022c2fd69,User Profile,User Profile
urn:ietf:params:scim:schemas:extension:enterprise:2.0:User,2017-01-24T13:42:09.137Z,2017-01-24T13:42:09.137Z,7f60548b-64ed-4a3a-9789-a86022c2fd69,EnterpriseUser,Enterprise User
urn:ietf:params:scim:schemas:extension:sap:2.0:User,2017-01-24T13:42:09.137Z,2017-01-24T13:42:09.137Z,7f60548b-64ed-4a3a-9789-a86022c2fd69,User Profile,user additional attributes like UUID
urn:sap:cloud:scim:schemas:extension:custom:2.0:profile:Group,2017-01-24T13:42:09.137Z,2017-01-24T13:42:09.137Z,7f60548b-64ed-4a3a-9789-a86022c2fd69,GroupProfile,Goup Profile
urn:ietf:params:scim:schemas:core:2.0:Group,2017-01-24T13:42:09.137Z,2017-01-24T13:42:09.137Z,7f60548b-64ed-4a3a-9789-a86022c2fd69,Group,Group
urn:ietf:params:scim:schemas:extension:sap:ariba:2.0:User,2017-01-24T13:42:09.137Z,2017-01-24T13:42:09.137Z,7f60548b-64ed-4a3a-9789-a86022c2fd69,User PasswordAdapter,user composite key PasswordAdapter
urn:ietf:params:scim:schemas:extension:sap.odm:2.0:User,2024-01-05T13:42:09.137Z,2024-01-05T13:42:09.137Z,7f60548b-64ed-4a3a-9789-a86022c2fd69,User CompanyCode,User object additional attribute i.e CompanyCode
urn:ietf:params:scim:schemas:extension:sap:2.0:Group,2024-04-29T13:42:09.137Z,2024-01-05T13:42:09.137Z,7f60548b-64ed-4a3a-9789-a86022c2fd69,Roles&Groups through scim,Roles and Groups through scim authorizations relevant.
