<?xml version='1.0' encoding='UTF-8'?>
<CountryCodeData>
    <Country><Code>AT</Code><Description>Austria</Description></Country>
    <Country><Code>AZ</Code><Description>Azerbaijan</Description></Country>
    <Country><Code>BS</Code><Description>Bahamas</Description></Country>
    <Country><Code>BH</Code><Description>Bahrain</Description></Country>
    <Country><Code>BD</Code><Description>Bangladesh</Description></Country>
    <Country><Code>BB</Code><Description>Barbados</Description></Country>
    <Country><Code>BY</Code><Description>Belarus</Description></Country>
    <Country><Code>BE</Code><Description>Belgium</Description></Country>
    <Country><Code>BZ</Code><Description>Belize</Description></Country>
    <Country><Code>BJ</Code><Description>Benin</Description></Country>
    <Country><Code>BM</Code><Description>Bermuda</Description></Country>
    <Country><Code>BT</Code><Description>Bhutan</Description></Country>
    <Country><Code>BO</Code><Description>Bolivia, Plurinational State of</Description></Country>
    <Country><Code>BQ</Code><Description>Bonaire, Sint Eustatius and Saba</Description></Country>
    <Country><Code>BA</Code><Description>Bosnia and Herzegovina</Description></Country>
    <Country><Code>BW</Code><Description>Botswana</Description></Country>
    <Country><Code>BV</Code><Description>Bouvet Island</Description></Country>
    <Country><Code>BR</Code><Description>Brazil</Description></Country>
    <Country><Code>IO</Code><Description>British Indian Ocean Territory</Description></Country>
    <Country><Code>BN</Code><Description>Brunei Darussalam</Description></Country>
    <Country><Code>BG</Code><Description>Bulgaria</Description></Country>
    <Country><Code>BF</Code><Description>Burkina Faso</Description></Country>
    <Country><Code>BI</Code><Description>Burundi</Description></Country>
    <Country><Code>KH</Code><Description>Cambodia</Description></Country>
    <Country><Code>CM</Code><Description>Cameroon</Description></Country>
    <Country><Code>CA</Code><Description>Canada</Description></Country>
    <Country><Code>CV</Code><Description>Cape Verde</Description></Country>
    <Country><Code>KY</Code><Description>Cayman Islands</Description></Country>
    <Country><Code>CF</Code><Description>Central African Republic</Description></Country>
    <Country><Code>TD</Code><Description>Chad</Description></Country>
    <Country><Code>CL</Code><Description>Chile</Description></Country>
    <Country><Code>CN</Code><Description>China</Description></Country>
    <Country><Code>CX</Code><Description>Christmas Island</Description></Country>
    <Country><Code>CC</Code><Description>Cocos (Keeling) Islands</Description></Country>
    <Country><Code>CO</Code><Description>Colombia</Description></Country>
    <Country><Code>KM</Code><Description>Comoros</Description></Country>
    <Country><Code>CG</Code><Description>Congo</Description></Country>
    <Country><Code>CD</Code><Description>Congo, the Democratic Republic of the</Description></Country>
    <Country><Code>CK</Code><Description>Cook Islands</Description></Country>
    <Country><Code>CR</Code><Description>Costa Rica</Description></Country>
    <Country><Code>CI</Code><Description>Côte d'Ivoire</Description></Country>
    <Country><Code>HR</Code><Description>Croatia</Description></Country>
    <Country><Code>CU</Code><Description>Cuba</Description></Country>
    <Country><Code>CW</Code><Description>Curaçao</Description></Country>
    <Country><Code>CY</Code><Description>Cyprus</Description></Country>
    <Country><Code>CZ</Code><Description>Czech Republic</Description></Country>
    <Country><Code>DK</Code><Description>Denmark</Description></Country>
    <Country><Code>DJ</Code><Description>Djibouti</Description></Country>
    <Country><Code>DM</Code><Description>Dominica</Description></Country>
    <Country><Code>DO</Code><Description>Dominican Republic</Description></Country>
    <Country><Code>EC</Code><Description>Ecuador</Description></Country>
    <Country><Code>EG</Code><Description>Egypt</Description></Country>
    <Country><Code>SV</Code><Description>El Salvador</Description></Country>
    <Country><Code>GQ</Code><Description>Equatorial Guinea</Description></Country>
    <Country><Code>ER</Code><Description>Eritrea</Description></Country>
    <Country><Code>EE</Code><Description>Estonia</Description></Country>
    <Country><Code>ET</Code><Description>Ethiopia</Description></Country>
    <Country><Code>FK</Code><Description>Falkland Islands (Malvinas)</Description></Country>
    <Country><Code>FO</Code><Description>Faroe Islands</Description></Country>
    <Country><Code>FJ</Code><Description>Fiji</Description></Country>
    <Country><Code>FI</Code><Description>Finland</Description></Country>
    <Country><Code>FR</Code><Description>France</Description></Country>
    <Country><Code>GF</Code><Description>French Guiana</Description></Country>
    <Country><Code>PF</Code><Description>French Polynesia</Description></Country>
    <Country><Code>TF</Code><Description>French Southern Territories</Description></Country>
    <Country><Code>GA</Code><Description>Gabon</Description></Country>
    <Country><Code>GM</Code><Description>Gambia</Description></Country>
    <Country><Code>GE</Code><Description>Georgia</Description></Country>
    <Country><Code>DE</Code><Description>Germany</Description></Country>
    <Country><Code>GH</Code><Description>Ghana</Description></Country>
    <Country><Code>GI</Code><Description>Gibraltar</Description></Country>
    <Country><Code>GR</Code><Description>Greece</Description></Country>
    <Country><Code>GL</Code><Description>Greenland</Description></Country>
    <Country><Code>GD</Code><Description>Grenada</Description></Country>
    <Country><Code>GP</Code><Description>Guadeloupe</Description></Country>
    <Country><Code>GU</Code><Description>Guam</Description></Country>
    <Country><Code>GT</Code><Description>Guatemala</Description></Country>
    <Country><Code>GG</Code><Description>Guernsey</Description></Country>
    <Country><Code>GN</Code><Description>Guinea</Description></Country>
    <Country><Code>GW</Code><Description>Guinea-Bissau</Description></Country>
    <Country><Code>GY</Code><Description>Guyana</Description></Country>
    <Country><Code>HT</Code><Description>Haiti</Description></Country>
    <Country><Code>HM</Code><Description>Heard Island and McDonald Islands</Description></Country>
    <Country><Code>VA</Code><Description>Holy See (Vatican City State)</Description></Country>
    <Country><Code>HN</Code><Description>Honduras</Description></Country>
    <Country><Code>HK</Code><Description>Hong Kong</Description></Country>
    <Country><Code>HU</Code><Description>Hungary</Description></Country>
    <Country><Code>IS</Code><Description>Iceland</Description></Country>
    <Country><Code>IN</Code><Description>India</Description></Country>
    <Country><Code>ID</Code><Description>Indonesia</Description></Country>
    <Country><Code>IR</Code><Description>Iran, Islamic Republic of</Description></Country>
    <Country><Code>IQ</Code><Description>Iraq</Description></Country>
    <Country><Code>IE</Code><Description>Ireland</Description></Country>
    <Country><Code>IM</Code><Description>Isle of Man</Description></Country>
    <Country><Code>IL</Code><Description>Israel</Description></Country>
    <Country><Code>IT</Code><Description>Italy</Description></Country>
    <Country><Code>JM</Code><Description>Jamaica</Description></Country>
    <Country><Code>JP</Code><Description>Japan</Description></Country>
    <Country><Code>JE</Code><Description>Jersey</Description></Country>
    <Country><Code>JO</Code><Description>Jordan</Description></Country>
    <Country><Code>KZ</Code><Description>Kazakhstan</Description></Country>
    <Country><Code>KE</Code><Description>Kenya</Description></Country>
    <Country><Code>KI</Code><Description>Kiribati</Description></Country>
    <Country><Code>KP</Code><Description>Korea, Democratic People's Republic of</Description></Country>
    <Country><Code>KR</Code><Description>Korea, Republic of</Description></Country>
    <Country><Code>KW</Code><Description>Kuwait</Description></Country>
    <Country><Code>KG</Code><Description>Kyrgyzstan</Description></Country>
    <Country><Code>LA</Code><Description>Lao People's Democratic Republic</Description></Country>
    <Country><Code>LV</Code><Description>Latvia</Description></Country>
    <Country><Code>LB</Code><Description>Lebanon</Description></Country>
    <Country><Code>LS</Code><Description>Lesotho</Description></Country>
    <Country><Code>LR</Code><Description>Liberia</Description></Country>
    <Country><Code>LY</Code><Description>Libya</Description></Country>
    <Country><Code>LI</Code><Description>Liechtenstein</Description></Country>
    <Country><Code>LT</Code><Description>Lithuania</Description></Country>
    <Country><Code>LU</Code><Description>Luxembourg</Description></Country>
    <Country><Code>MO</Code><Description>Macao</Description></Country>
    <Country><Code>MK</Code><Description>Macedonia, the former Yugoslav Republic of</Description></Country>
    <Country><Code>MG</Code><Description>Madagascar</Description></Country>
    <Country><Code>MW</Code><Description>Malawi</Description></Country>
    <Country><Code>MY</Code><Description>Malaysia</Description></Country>
    <Country><Code>MV</Code><Description>Maldives</Description></Country>
    <Country><Code>ML</Code><Description>Mali</Description></Country>
    <Country><Code>MT</Code><Description>Malta</Description></Country>
    <Country><Code>MH</Code><Description>Marshall Islands</Description></Country>
    <Country><Code>MQ</Code><Description>Martinique</Description></Country>
    <Country><Code>MR</Code><Description>Mauritania</Description></Country>
    <Country><Code>MU</Code><Description>Mauritius</Description></Country>
    <Country><Code>YT</Code><Description>Mayotte</Description></Country>
    <Country><Code>MX</Code><Description>Mexico</Description></Country>
    <Country><Code>FM</Code><Description>Micronesia, Federated States of</Description></Country>
    <Country><Code>MD</Code><Description>Moldova, Republic of</Description></Country>
    <Country><Code>MC</Code><Description>Monaco</Description></Country>
    <Country><Code>MN</Code><Description>Mongolia</Description></Country>
    <Country><Code>ME</Code><Description>Montenegro</Description></Country>
    <Country><Code>MS</Code><Description>Montserrat</Description></Country>
    <Country><Code>MA</Code><Description>Morocco</Description></Country>
    <Country><Code>MZ</Code><Description>Mozambique</Description></Country>
    <Country><Code>MM</Code><Description>Myanmar</Description></Country>
    <Country><Code>NA</Code><Description>Namibia</Description></Country>
    <Country><Code>NR</Code><Description>Nauru</Description></Country>
    <Country><Code>NP</Code><Description>Nepal</Description></Country>
    <Country><Code>NL</Code><Description>Netherlands</Description></Country>
    <Country><Code>NC</Code><Description>New Caledonia</Description></Country>
    <Country><Code>NZ</Code><Description>New Zealand</Description></Country>
    <Country><Code>NI</Code><Description>Nicaragua</Description></Country>
    <Country><Code>NE</Code><Description>Niger</Description></Country>
    <Country><Code>NG</Code><Description>Nigeria</Description></Country>
    <Country><Code>NU</Code><Description>Niue</Description></Country>
    <Country><Code>NF</Code><Description>Norfolk Island</Description></Country>
    <Country><Code>MP</Code><Description>Northern Mariana Islands</Description></Country>
    <Country><Code>NO</Code><Description>Norway</Description></Country>
    <Country><Code>OM</Code><Description>Oman</Description></Country>
    <Country><Code>PK</Code><Description>Pakistan</Description></Country>
    <Country><Code>PW</Code><Description>Palau</Description></Country>
    <Country><Code>PS</Code><Description>Palestinian Territory, Occupied</Description></Country>
    <Country><Code>PA</Code><Description>Panama</Description></Country>
    <Country><Code>PG</Code><Description>Papua New Guinea</Description></Country>
    <Country><Code>PY</Code><Description>Paraguay</Description></Country>
    <Country><Code>PE</Code><Description>Peru</Description></Country>
    <Country><Code>PH</Code><Description>Philippines</Description></Country>
    <Country><Code>PN</Code><Description>Pitcairn</Description></Country>
    <Country><Code>PL</Code><Description>Poland</Description></Country>
    <Country><Code>PT</Code><Description>Portugal</Description></Country>
    <Country><Code>PR</Code><Description>Puerto Rico</Description></Country>
    <Country><Code>QA</Code><Description>Qatar</Description></Country>
    <Country><Code>RE</Code><Description>Réunion</Description></Country>
    <Country><Code>RO</Code><Description>Romania</Description></Country>
    <Country><Code>RU</Code><Description>Russian Federation</Description></Country>
    <Country><Code>RW</Code><Description>Rwanda</Description></Country>
    <Country><Code>BL</Code><Description>Saint Barthélemy</Description></Country>
    <Country><Code>SH</Code><Description>Saint Helena, Ascension and Tristan da Cunha</Description></Country>
    <Country><Code>KN</Code><Description>Saint Kitts and Nevis</Description></Country>
    <Country><Code>LC</Code><Description>Saint Lucia</Description></Country>
    <Country><Code>MF</Code><Description>Saint Martin (French part)</Description></Country>
    <Country><Code>PM</Code><Description>Saint Pierre and Miquelon</Description></Country>
    <Country><Code>VC</Code><Description>Saint Vincent and the Grenadines</Description></Country>
    <Country><Code>WS</Code><Description>Samoa</Description></Country>
    <Country><Code>SM</Code><Description>San Marino</Description></Country>
    <Country><Code>ST</Code><Description>Sao Tome and Principe</Description></Country>
    <Country><Code>SA</Code><Description>Saudi Arabia</Description></Country>
    <Country><Code>SN</Code><Description>Senegal</Description></Country>
    <Country><Code>RS</Code><Description>Serbia</Description></Country>
    <Country><Code>SC</Code><Description>Seychelles</Description></Country>
    <Country><Code>SL</Code><Description>Sierra Leone</Description></Country>
    <Country><Code>SG</Code><Description>Singapore</Description></Country>
    <Country><Code>SX</Code><Description>Sint Maarten (Dutch part)</Description></Country>
    <Country><Code>SK</Code><Description>Slovakia</Description></Country>
    <Country><Code>SI</Code><Description>Slovenia</Description></Country>
    <Country><Code>SB</Code><Description>Solomon Islands</Description></Country>
    <Country><Code>SO</Code><Description>Somalia</Description></Country>
    <Country><Code>ZA</Code><Description>South Africa</Description></Country>
    <Country><Code>GS</Code><Description>South Georgia and the South Sandwich Islands</Description></Country>
    <Country><Code>SS</Code><Description>South Sudan</Description></Country>
    <Country><Code>ES</Code><Description>Spain</Description></Country>
    <Country><Code>LK</Code><Description>Sri Lanka</Description></Country>
    <Country><Code>SD</Code><Description>Sudan</Description></Country>
    <Country><Code>SR</Code><Description>Suriname</Description></Country>
    <Country><Code>SJ</Code><Description>Svalbard and Jan Mayen</Description></Country>
    <Country><Code>SZ</Code><Description>Swaziland</Description></Country>
    <Country><Code>SE</Code><Description>Sweden</Description></Country>
    <Country><Code>CH</Code><Description>Switzerland</Description></Country>
    <Country><Code>SY</Code><Description>Syrian Arab Republic</Description></Country>
    <Country><Code>TW</Code><Description>Taiwan, Province of China</Description></Country>
    <Country><Code>TJ</Code><Description>Tajikistan</Description></Country>
    <Country><Code>TZ</Code><Description>Tanzania, United Republic of</Description></Country>
    <Country><Code>TH</Code><Description>Thailand</Description></Country>
    <Country><Code>TL</Code><Description>Timor-Leste</Description></Country>
    <Country><Code>TG</Code><Description>Togo</Description></Country>
    <Country><Code>TK</Code><Description>Tokelau</Description></Country>
    <Country><Code>TO</Code><Description>Tonga</Description></Country>
    <Country><Code>TT</Code><Description>Trinidad and Tobago</Description></Country>
    <Country><Code>TN</Code><Description>Tunisia</Description></Country>
    <Country><Code>TR</Code><Description>Turkey</Description></Country>
    <Country><Code>TM</Code><Description>Turkmenistan</Description></Country>
    <Country><Code>TC</Code><Description>Turks and Caicos Islands</Description></Country>
    <Country><Code>TV</Code><Description>Tuvalu</Description></Country>
    <Country><Code>UG</Code><Description>Uganda</Description></Country>
    <Country><Code>UA</Code><Description>Ukraine</Description></Country>
    <Country><Code>AE</Code><Description>United Arab Emirates</Description></Country>
    <Country><Code>GB</Code><Description>United Kingdom</Description></Country>
    <Country><Code>US</Code><Description>United States</Description></Country>
    <Country><Code>UM</Code><Description>United States Minor Outlying Islands</Description></Country>
    <Country><Code>UY</Code><Description>Uruguay</Description></Country>
    <Country><Code>UZ</Code><Description>Uzbekistan</Description></Country>
    <Country><Code>VU</Code><Description>Vanuatu</Description></Country>
    <Country><Code>VE</Code><Description>Venezuela, Bolivarian Republic of</Description></Country>
    <Country><Code>VN</Code><Description>Viet Nam</Description></Country>
    <Country><Code>VG</Code><Description>Virgin Islands, British</Description></Country>
    <Country><Code>VI</Code><Description>Virgin Islands, U.S.</Description></Country>
    <Country><Code>WF</Code><Description>Wallis and Futuna</Description></Country>
    <Country><Code>EH</Code><Description>Western Sahara</Description></Country>
    <Country><Code>YE</Code><Description>Yemen</Description></Country>
    <Country><Code>ZM</Code><Description>Zambia</Description></Country>
    <Country><Code>ZW</Code><Description>Zimbabwe</Description></Country>
</CountryCodeData>