<?xml version="1.0" encoding="UTF-8"?>
<CurrencyCodeData>
    <Currency><Code>PLN</Code><Description>Polish Zloty</Description></Currency>
    <Currency><Code>LAK</Code><Description>Laotian Kip</Description></Currency>
    <Currency><Code>BWP</Code><Description>Botswana Pula</Description></Currency>
    <Currency><Code>MVR</Code><Description>Maldive Rupee</Description></Currency>
    <Currency><Code>SDD</Code><Description>Sudanese Dinar</Description></Currency>
    <Currency><Code>INR</Code><Description>Indian Rupee</Description></Currency>
    <Currency><Code>XBB</Code><Description>European Monetary Unit</Description></Currency>
    <Currency><Code>SGD</Code><Description>Singapore Dollar</Description></Currency>
    <Currency><Code>ALL</Code><Description>Albanian Lek</Description></Currency>
    <Currency><Code>EEK</Code><Description>Estonian Kroon</Description></Currency>
    <Currency><Code>BRL</Code><Description>Brazilian Real</Description></Currency>
    <Currency><Code>ZWD</Code><Description>Zimbabwean Dollar</Description></Currency>
    <Currency><Code>BAM</Code><Description>Convertible Marks</Description></Currency>
    <Currency><Code>MXP</Code><Description>Mexican (old) Peso</Description></Currency>
    <Currency><Code>EUR</Code><Description>European Union Euro</Description></Currency>
    <Currency><Code>XBC</Code><Description>European Unit of Account 9</Description></Currency>
    <Currency><Code>IQD</Code><Description>Iraqi Dinar</Description></Currency>
    <Currency><Code>GHS</Code><Description>Ghanaian Cedi</Description></Currency>
    <Currency><Code>MNT</Code><Description>Mongolian Tugrik</Description></Currency>
    <Currency><Code>PKR</Code><Description>Pakistan Rupee</Description></Currency>
    <Currency><Code>BIF</Code><Description>Burundi Franc</Description></Currency>
    <Currency><Code>TOP</Code><Description>Tongan Pa'anga</Description></Currency>
    <Currency><Code>OMR</Code><Description>Rial Omani</Description></Currency>
    <Currency><Code>KMF</Code><Description>Comoros Franc</Description></Currency>
    <Currency><Code>LBP</Code><Description>Lebanese Pound</Description></Currency>
    <Currency><Code>XAF</Code><Description>CFA Franc BEAC</Description></Currency>
    <Currency><Code>CHW</Code><Description>WIR Franc</Description></Currency>
    <Currency><Code>MYR</Code><Description>Malaysian Ringgit</Description></Currency>
    <Currency><Code>TJS</Code><Description>Tajikistani Somoni</Description></Currency>
    <Currency><Code>CYP</Code><Description>Cyprus Pound</Description></Currency>
    <Currency><Code>UAH</Code><Description>Hryvnia</Description></Currency>
    <Currency><Code>TRY</Code><Description>Turkish Lira</Description></Currency>
    <Currency><Code>DOP</Code><Description>Dominican Peso</Description></Currency>
    <Currency><Code>PYG</Code><Description>Paraguay Guarani</Description></Currency>
    <Currency><Code>BSD</Code><Description>Bahamian Dollar</Description></Currency>
    <Currency><Code>HNL</Code><Description>Honduran Lempira</Description></Currency>
    <Currency><Code>MDL</Code><Description>Moldovan Leu</Description></Currency>
    <Currency><Code>KYD</Code><Description>Cayman Isles Dollar</Description></Currency>
    <Currency><Code>AFA</Code><Description>Old Afghanistan Afghani</Description></Currency>
    <Currency><Code>XPF</Code><Description>French Polynesian Franc</Description></Currency>
    <Currency><Code>ANG</Code><Description>Antillian Guilder</Description></Currency>
    <Currency><Code>RON</Code><Description>Romanian New Leu</Description></Currency>
    <Currency><Code>ETB</Code><Description>Ethiopian Birr</Description></Currency>
    <Currency><Code>VND</Code><Description>Vietnamese Dong</Description></Currency>
    <Currency><Code>GMD</Code><Description>Gambian Dalasi</Description></Currency>
    <Currency><Code>LRD</Code><Description>Liberian Dollar</Description></Currency>
    <Currency><Code>XBA</Code><Description>European Composite Unit</Description></Currency>
    <Currency><Code>XBD</Code><Description>European Unit of Account 17</Description></Currency>
    <Currency><Code>SYP</Code><Description>Syrian Pound</Description></Currency>
    <Currency><Code>CUC</Code><Description>Cuban Convertible Peso</Description></Currency>
    <Currency><Code>SLL</Code><Description>Sierra Leonean Leone</Description></Currency>
    <Currency><Code>MKD</Code><Description>Macedonian Denar</Description></Currency>
    <Currency><Code>YER</Code><Description>Yemeni Rial</Description></Currency>
    <Currency><Code>BZD</Code><Description>Belize Dollar</Description></Currency>
    <Currency><Code>VUV</Code><Description>Vanuatu Vatu</Description></Currency>
    <Currency><Code>SBD</Code><Description>Solomon Islands Dollar</Description></Currency>
    <Currency><Code>BYR</Code><Description>Belarussian Ruble (old)</Description></Currency>
    <Currency><Code>CLF</Code><Description>Unidades de fomento</Description></Currency>
    <Currency><Code>NIO</Code><Description>Cordoba Oro</Description></Currency>
    <Currency><Code>XOF</Code><Description>CFA Franc BCEAO</Description></Currency>
    <Currency><Code>HRK</Code><Description>Croatian Kuna</Description></Currency>
    <Currency><Code>XPT</Code><Description>Platinum</Description></Currency>
    <Currency><Code>SZL</Code><Description>Swaziland Lilangeni</Description></Currency>
    <Currency><Code>LSL</Code><Description>Lesotho Loti</Description></Currency>
    <Currency><Code>KZT</Code><Description>Kazakstani Tenge</Description></Currency>
    <Currency><Code>USS</Code><Description>US Dollar (Same day)</Description></Currency>
    <Currency><Code>BOV</Code><Description>Mvdol</Description></Currency>
    <Currency><Code>SEK</Code><Description>Swedish Krona</Description></Currency>
    <Currency><Code>AWG</Code><Description>Aruban Guilder</Description></Currency>
    <Currency><Code>GNF</Code><Description>Guinea Franc</Description></Currency>
    <Currency><Code>MWK</Code><Description>Malawi Kwacha</Description></Currency>
    <Currency><Code>CVE</Code><Description>Cape Verde Escudo</Description></Currency>
    <Currency><Code>DJF</Code><Description>Djibouti Franc</Description></Currency>
    <Currency><Code>JMD</Code><Description>Jamaican Dollar</Description></Currency>
    <Currency><Code>TWD</Code><Description>Taiwan Dollar</Description></Currency>
    <Currency><Code>KWD</Code><Description>Kuwaiti Dinar</Description></Currency>
    <Currency><Code>EGP</Code><Description>Egyptian Pound</Description></Currency>
    <Currency><Code>XAU</Code><Description>GOLD</Description></Currency>
    <Currency><Code>PGK</Code><Description>Papau New Guinea Kina</Description></Currency>
    <Currency><Code>GBP</Code><Description>British Pound</Description></Currency>
    <Currency><Code>XAG</Code><Description>Silver</Description></Currency>
    <Currency><Code>SDG</Code><Description>Sudanese Pound</Description></Currency>
    <Currency><Code>ZMW</Code><Description>Zambian Kwacha</Description></Currency>
    <Currency><Code>ZMK</Code><Description>Zambian (old) Kwacha</Description></Currency>
    <Currency><Code>PHP</Code><Description>Philippine Peso</Description></Currency>
    <Currency><Code>UYU</Code><Description>Uruguayan Peso</Description></Currency>
    <Currency><Code>TND</Code><Description>Tunisian Dinar</Description></Currency>
    <Currency><Code>GTQ</Code><Description>Guatemalan Quetzal</Description></Currency>
    <Currency><Code>AOA</Code><Description>Angolan Kwanza</Description></Currency>
    <Currency><Code>SRD</Code><Description>Surinam Dollar</Description></Currency>
    <Currency><Code>COU</Code><Description>Unidad de Valor Real</Description></Currency>
    <Currency><Code>KHR</Code><Description>Cambodian Riel</Description></Currency>
    <Currency><Code>XXX</Code><Description>Non Currency Transaction</Description></Currency>
    <Currency><Code>MZN</Code><Description>Mozambique Metical</Description></Currency>
    <Currency><Code>CUP</Code><Description>Cuban Peso</Description></Currency>
    <Currency><Code>PEN</Code><Description>Nuevo Sol</Description></Currency>
    <Currency><Code>GEL</Code><Description>Georgian Lari</Description></Currency>
    <Currency><Code>UZS</Code><Description>Uzbekistani Som</Description></Currency>
    <Currency><Code>MAD</Code><Description>Moroccan Dirham</Description></Currency>
    <Currency><Code>ROL</Code><Description>Romanian Leu</Description></Currency>
    <Currency><Code>AZN</Code><Description>Azerbaijani Manat</Description></Currency>
    <Currency><Code>FKP</Code><Description>Falkland Islands Pound</Description></Currency>
    <Currency><Code>BGN</Code><Description>Bulgarian Lev</Description></Currency>
    <Currency><Code>SOS</Code><Description>Somali Shilling</Description></Currency>
    <Currency><Code>COP</Code><Description>Colombian Peso</Description></Currency>
    <Currency><Code>NAD</Code><Description>Namibian Dollar</Description></Currency>
    <Currency><Code>AMD</Code><Description>Armenian Dram</Description></Currency>
    <Currency><Code>IDR</Code><Description>Indonesian Rupiah</Description></Currency>
    <Currency><Code>WST</Code><Description>Samoan Tala</Description></Currency>
    <Currency><Code>MXN</Code><Description>Mexican Peso</Description></Currency>
    <Currency><Code>MOP</Code><Description>Macau Pataca</Description></Currency>
    <Currency><Code>CHF</Code><Description>Swiss Franc</Description></Currency>
    <Currency><Code>SDP</Code><Description>Sudanese (old) Pound</Description></Currency>
    <Currency><Code>TMM</Code><Description>Turkmenistan (old) Manat</Description></Currency>
    <Currency><Code>TMT</Code><Description>Turkmenistan Manat</Description></Currency>
    <Currency><Code>BYN</Code><Description>Belarussian Ruble</Description></Currency>
    <Currency><Code>MUR</Code><Description>Mauritius Rupee</Description></Currency>
    <Currency><Code>MMK</Code><Description>Myanmar Kyat</Description></Currency>
    <Currency><Code>KGS</Code><Description>Kyrgyzstani Som</Description></Currency>
    <Currency><Code>BND</Code><Description>Brunei Dollar</Description></Currency>
    <Currency><Code>DZD</Code><Description>Algerian Dinar</Description></Currency>
    <Currency><Code>ZAR</Code><Description>South African Rand</Description></Currency>
    <Currency><Code>AUD</Code><Description>Australian Dollar</Description></Currency>
    <Currency><Code>RWF</Code><Description>Rwanda Franc</Description></Currency>
    <Currency><Code>GWP</Code><Description>Guinea-Bissau Peso</Description></Currency>
    <Currency><Code>CAD</Code><Description>Canadian Dollar</Description></Currency>
    <Currency><Code>ILS</Code><Description>Israeli Shekel</Description></Currency>
    <Currency><Code>MRO</Code><Description>Mauritanian Ouguiya</Description></Currency>
    <Currency><Code>IRR</Code><Description>Iranian Rial</Description></Currency>
    <Currency><Code>KPW</Code><Description>North Korean Won</Description></Currency>
    <Currency><Code>CLP</Code><Description>Chilean Peso</Description></Currency>
    <Currency><Code>NGN</Code><Description>Nigerian Naira</Description></Currency>
    <Currency><Code>STD</Code><Description>Sao Tome Dobra</Description></Currency>
    <Currency><Code>CRC</Code><Description>Costa Rican Colon</Description></Currency>
    <Currency><Code>NPR</Code><Description>Nepalese Rupee</Description></Currency>
    <Currency><Code>SCR</Code><Description>Seychelles Rupee</Description></Currency>
    <Currency><Code>USN</Code><Description>US Dollar (Next day)</Description></Currency>
    <Currency><Code>PAB</Code><Description>Panama Balboa</Description></Currency>
    <Currency><Code>LTL</Code><Description>Lithuanian Litas</Description></Currency>
    <Currency><Code>GHC</Code><Description>Ghanaian Cedi</Description></Currency>
    <Currency><Code>BMD</Code><Description>Bermudan Dollar</Description></Currency>
    <Currency><Code>XPD</Code><Description>Palladium</Description></Currency>
    <Currency><Code>HTG</Code><Description>Haitian Gourde</Description></Currency>
    <Currency><Code>JOD</Code><Description>Jordanian Dinar</Description></Currency>
    <Currency><Code>LYD</Code><Description>Libyan Dinar</Description></Currency>
    <Currency><Code>SHP</Code><Description>St. Helena Pound</Description></Currency>
    <Currency><Code>QAR</Code><Description>Qatari Rial</Description></Currency>
    <Currency><Code>VEB</Code><Description>Venezuelan Bolivar</Description></Currency>
    <Currency><Code>BTN</Code><Description>Bhutanese Ngultrum</Description></Currency>
    <Currency><Code>CHE</Code><Description>WIR Euro</Description></Currency>
    <Currency><Code>CSD</Code><Description>Serbian Dinar (old)</Description></Currency>
    <Currency><Code>BBD</Code><Description>Barbados Dollar</Description></Currency>
    <Currency><Code>ARS</Code><Description>Argentinian Peso</Description></Currency>
    <Currency><Code>MXV</Code><Description>Mexican UDI</Description></Currency>
    <Currency><Code>AFN</Code><Description>Afghanistan Afghani</Description></Currency>
    <Currency><Code>RSD</Code><Description>Serbian Dinar</Description></Currency>
    <Currency><Code>GYD</Code><Description>Guyana Dollar</Description></Currency>
    <Currency><Code>KES</Code><Description>Kenyan Shilling</Description></Currency>
    <Currency><Code>UGX</Code><Description>Uganda Shilling</Description></Currency>
    <Currency><Code>ISK</Code><Description>Iceland Krona</Description></Currency>
    <Currency><Code>XCD</Code><Description>East Caribbean Dollar</Description></Currency>
    <Currency><Code>CNY</Code><Description>Yuan Renminbi</Description></Currency>
    <Currency><Code>TZS</Code><Description>Tanzanian Shilling</Description></Currency>
    <Currency><Code>BHD</Code><Description>Bahraini Dinar</Description></Currency>
    <Currency><Code>GIP</Code><Description>Gibraltar Pound</Description></Currency>
    <Currency><Code>NZD</Code><Description>New Zealand Dollar</Description></Currency>
    <Currency><Code>BOB</Code><Description>Bolivian Peso</Description></Currency>
    <Currency><Code>HKD</Code><Description>Hong Kong Dollar</Description></Currency>
    <Currency><Code>SAR</Code><Description>Saudi Riyal</Description></Currency>
    <Currency><Code>SIT</Code><Description>Slovenian Tolar</Description></Currency>
    <Currency><Code>HUF</Code><Description>Hungarian Forint</Description></Currency>
    <Currency><Code>CDF</Code><Description>Franc Congolais</Description></Currency>
    <Currency><Code>AED</Code><Description>UAE Dirham</Description></Currency>
    <Currency><Code>XTS</Code><Description>For Testing Purposes</Description></Currency>
    <Currency><Code>FJD</Code><Description>Fiji Dollar</Description></Currency>
    <Currency><Code>NOK</Code><Description>Norwegian Krone</Description></Currency>
    <Currency><Code>CZK</Code><Description>Czech Koruna</Description></Currency>
    <Currency><Code>ERN</Code><Description>Eritrean Nafka</Description></Currency>
    <Currency><Code>VEF</Code><Description>Venezuelan Bolivar Fuerte</Description></Currency>
    <Currency><Code>LKR</Code><Description>Sri Lanka Rupee</Description></Currency>
    <Currency><Code>MGA</Code><Description>Malagasy ariary</Description></Currency>
    <Currency><Code>RUB</Code><Description>Russian Ruble</Description></Currency>
    <Currency><Code>LVL</Code><Description>Latvian Lat</Description></Currency>
    <Currency><Code>SVC</Code><Description>El Salvador Colon</Description></Currency>
    <Currency><Code>THB</Code><Description>Thai Baht</Description></Currency>
    <Currency><Code>JPY</Code><Description>Japanese Yen</Description></Currency>
    <Currency><Code>XDR</Code><Description>Intl Monetary Fund</Description></Currency>
    <Currency><Code>DKK</Code><Description>Danish Krone</Description></Currency>
    <Currency><Code>USD</Code><Description>US Dollar</Description></Currency>
    <Currency><Code>TTD</Code><Description>Trinidad and Tobago Dollar</Description></Currency>
    <Currency><Code>KRW</Code><Description>South Korean Won</Description></Currency>
    <Currency><Code>BDT</Code><Description>Bangladesh Taka</Description></Currency>
</CurrencyCodeData>

