<?xml version="1.0" encoding="UTF-8"?>
<LocaleCodeData>
    <Locale><Code>af_NA</Code><Description>Afrikaans (Namibia)</Description></Locale>
    <Locale><Code>af_ZA</Code><Description>Afrikaans (South Africa)</Description></Locale>
    <Locale><Code>af</Code><Description>Afrikaans</Description></Locale>
    <Locale><Code>ak_GH</Code><Description>Akan (Ghana)</Description></Locale>
    <Locale><Code>ak</Code><Description>Akan</Description></Locale>
    <Locale><Code>sq_AL</Code><Description>Albanian (Albania)</Description></Locale>
    <Locale><Code>sq</Code><Description>Albanian</Description></Locale>
    <Locale><Code>am_ET</Code><Description>Amharic (Ethiopia)</Description></Locale>
    <Locale><Code>am</Code><Description>Amharic</Description></Locale>
    <Locale><Code>ar_DZ</Code><Description>Arabic (Algeria)</Description></Locale>
    <Locale><Code>ar_BH</Code><Description>Arabic (Bahrain)</Description></Locale>
    <Locale><Code>ar_EG</Code><Description>Arabic (Egypt)</Description></Locale>
    <Locale><Code>ar_IQ</Code><Description>Arabic (Iraq)</Description></Locale>
    <Locale><Code>ar_JO</Code><Description>Arabic (Jordan)</Description></Locale>
    <Locale><Code>ar_KW</Code><Description>Arabic (Kuwait)</Description></Locale>
    <Locale><Code>ar_LB</Code><Description>Arabic (Lebanon)</Description></Locale>
    <Locale><Code>ar_LY</Code><Description>Arabic (Libya)</Description></Locale>
    <Locale><Code>ar_MA</Code><Description>Arabic (Morocco)</Description></Locale>
    <Locale><Code>ar_OM</Code><Description>Arabic (Oman)</Description></Locale>
    <Locale><Code>ar_QA</Code><Description>Arabic (Qatar)</Description></Locale>
    <Locale><Code>ar_SA</Code><Description>Arabic (Saudi Arabia)</Description></Locale>
    <Locale><Code>ar_SD</Code><Description>Arabic (Sudan)</Description></Locale>
    <Locale><Code>ar_SY</Code><Description>Arabic (Syria)</Description></Locale>
    <Locale><Code>ar_TN</Code><Description>Arabic (Tunisia)</Description></Locale>
    <Locale><Code>ar_AE</Code><Description>Arabic (United Arab Emirates)</Description></Locale>
    <Locale><Code>ar_YE</Code><Description>Arabic (Yemen)</Description></Locale>
    <Locale><Code>ar</Code><Description>Arabic</Description></Locale>
    <Locale><Code>hy_AM</Code><Description>Armenian (Armenia)</Description></Locale>
    <Locale><Code>hy</Code><Description>Armenian</Description></Locale>
    <Locale><Code>as_IN</Code><Description>Assamese (India)</Description></Locale>
    <Locale><Code>as</Code><Description>Assamese</Description></Locale>
    <Locale><Code>asa_TZ</Code><Description>Asu (Tanzania)</Description></Locale>
    <Locale><Code>asa</Code><Description>Asu</Description></Locale>
    <Locale><Code>az_Cyrl</Code><Description>Azerbaijani (Cyrillic)</Description></Locale>
    <Locale><Code>az_Cyrl_AZ</Code><Description>Azerbaijani (Cyrillic, Azerbaijan)</Description></Locale>
    <Locale><Code>az_Latn</Code><Description>Azerbaijani (Latin)</Description></Locale>
    <Locale><Code>az_Latn_AZ</Code><Description>Azerbaijani (Latin, Azerbaijan)</Description></Locale>
    <Locale><Code>az</Code><Description>Azerbaijani</Description></Locale>
    <Locale><Code>bm_ML</Code><Description>Bambara (Mali)</Description></Locale>
    <Locale><Code>bm</Code><Description>Bambara</Description></Locale>
    <Locale><Code>eu_ES</Code><Description>Basque (Spain)</Description></Locale>
    <Locale><Code>eu</Code><Description>Basque</Description></Locale>
    <Locale><Code>be_BY</Code><Description>Belarusian (Belarus)</Description></Locale>
    <Locale><Code>be</Code><Description>Belarusian</Description></Locale>
    <Locale><Code>bem_ZM</Code><Description>Bemba (Zambia)</Description></Locale>
    <Locale><Code>bem</Code><Description>Bemba</Description></Locale>
    <Locale><Code>bez_TZ</Code><Description>Bena (Tanzania)</Description></Locale>
    <Locale><Code>bez</Code><Description>Bena</Description></Locale>
    <Locale><Code>bn_BD</Code><Description>Bengali (Bangladesh)</Description></Locale>
    <Locale><Code>bn_IN</Code><Description>Bengali (India)</Description></Locale>
    <Locale><Code>bn</Code><Description>Bengali</Description></Locale>
    <Locale><Code>bs_BA</Code><Description>Bosnian (Bosnia and Herzegovina)</Description></Locale>
    <Locale><Code>bs</Code><Description>Bosnian</Description></Locale>
    <Locale><Code>bg_BG</Code><Description>Bulgarian (Bulgaria)</Description></Locale>
    <Locale><Code>bg</Code><Description>Bulgarian</Description></Locale>
    <Locale><Code>my_MM</Code><Description>Burmese (Myanmar [Burma])</Description></Locale>
    <Locale><Code>my</Code><Description>Burmese</Description></Locale>
    <Locale><Code>ca_ES</Code><Description>Catalan (Spain)</Description></Locale>
    <Locale><Code>ca</Code><Description>Catalan</Description></Locale>
    <Locale><Code>tzm_Latn</Code><Description>Central Morocco Tamazight (Latin)</Description></Locale>
    <Locale><Code>tzm_Latn_MA</Code><Description>Central Morocco Tamazight (Latin, Morocco)</Description></Locale>
    <Locale><Code>tzm</Code><Description>Central Morocco Tamazight</Description></Locale>
    <Locale><Code>chr_US</Code><Description>Cherokee (United States)</Description></Locale>
    <Locale><Code>chr</Code><Description>Cherokee</Description></Locale>
    <Locale><Code>cgg_UG</Code><Description>Chiga (Uganda)</Description></Locale>
    <Locale><Code>cgg</Code><Description>Chiga</Description></Locale>
    <Locale><Code>zh_Hans</Code><Description>Chinese (Simplified Han)</Description></Locale>
    <Locale><Code>zh_Hans_CN</Code><Description>Chinese (Simplified Han, China)</Description></Locale>
    <Locale><Code>zh_Hans_HK</Code><Description>Chinese (Simplified Han, Hong Kong SAR China)</Description></Locale>
    <Locale><Code>zh_Hans_MO</Code><Description>Chinese (Simplified Han, Macau SAR China)</Description></Locale>
    <Locale><Code>zh_Hans_SG</Code><Description>Chinese (Simplified Han, Singapore)</Description></Locale>
    <Locale><Code>zh_Hant</Code><Description>Chinese (Traditional Han)</Description></Locale>
    <Locale><Code>zh_Hant_HK</Code><Description>Chinese (Traditional Han, Hong Kong SAR China)</Description></Locale>
    <Locale><Code>zh_Hant_MO</Code><Description>Chinese (Traditional Han, Macau SAR China)</Description></Locale>
    <Locale><Code>zh_Hant_TW</Code><Description>Chinese (Traditional Han, Taiwan)</Description></Locale>
    <Locale><Code>zh</Code><Description>Chinese</Description></Locale>
    <Locale><Code>kw_GB</Code><Description>Cornish (United Kingdom)</Description></Locale>
    <Locale><Code>kw</Code><Description>Cornish</Description></Locale>
    <Locale><Code>hr_HR</Code><Description>Croatian (Croatia)</Description></Locale>
    <Locale><Code>hr</Code><Description>Croatian</Description></Locale>
    <Locale><Code>cs_CZ</Code><Description>Czech (Czech Republic)</Description></Locale>
    <Locale><Code>cs</Code><Description>Czech</Description></Locale>
    <Locale><Code>da_DK</Code><Description>Danish (Denmark)</Description></Locale>
    <Locale><Code>da</Code><Description>Danish</Description></Locale>
    <Locale><Code>nl_BE</Code><Description>Dutch (Belgium)</Description></Locale>
    <Locale><Code>nl_NL</Code><Description>Dutch (Netherlands)</Description></Locale>
    <Locale><Code>nl</Code><Description>Dutch</Description></Locale>
    <Locale><Code>ebu_KE</Code><Description>Embu (Kenya)</Description></Locale>
    <Locale><Code>ebu</Code><Description>Embu</Description></Locale>
    <Locale><Code>en_AS</Code><Description>English (American Samoa)</Description></Locale>
    <Locale><Code>en_AU</Code><Description>English (Australia)</Description></Locale>
    <Locale><Code>en_BE</Code><Description>English (Belgium)</Description></Locale>
    <Locale><Code>en_BZ</Code><Description>English (Belize)</Description></Locale>
    <Locale><Code>en_BW</Code><Description>English (Botswana)</Description></Locale>
    <Locale><Code>en_CA</Code><Description>English (Canada)</Description></Locale>
    <Locale><Code>en_GU</Code><Description>English (Guam)</Description></Locale>
    <Locale><Code>en_HK</Code><Description>English (Hong Kong SAR China)</Description></Locale>
    <Locale><Code>en_IN</Code><Description>English (India)</Description></Locale>
    <Locale><Code>en_IE</Code><Description>English (Ireland)</Description></Locale>
    <Locale><Code>en_JM</Code><Description>English (Jamaica)</Description></Locale>
    <Locale><Code>en_MT</Code><Description>English (Malta)</Description></Locale>
    <Locale><Code>en_MH</Code><Description>English (Marshall Islands)</Description></Locale>
    <Locale><Code>en_MU</Code><Description>English (Mauritius)</Description></Locale>
    <Locale><Code>en_NA</Code><Description>English (Namibia)</Description></Locale>
    <Locale><Code>en_NZ</Code><Description>English (New Zealand)</Description></Locale>
    <Locale><Code>en_MP</Code><Description>English (Northern Mariana Islands)</Description></Locale>
    <Locale><Code>en_PK</Code><Description>English (Pakistan)</Description></Locale>
    <Locale><Code>en_PH</Code><Description>English (Philippines)</Description></Locale>
    <Locale><Code>en_SG</Code><Description>English (Singapore)</Description></Locale>
    <Locale><Code>en_ZA</Code><Description>English (South Africa)</Description></Locale>
    <Locale><Code>en_TT</Code><Description>English (Trinidad and Tobago)</Description></Locale>
    <Locale><Code>en_UM</Code><Description>English (U.S. Minor Outlying Islands)</Description></Locale>
    <Locale><Code>en_VI</Code><Description>English (U.S. Virgin Islands)</Description></Locale>
    <Locale><Code>en_GB</Code><Description>English (United Kingdom)</Description></Locale>
    <Locale><Code>en_US</Code><Description>English (United States)</Description></Locale>
    <Locale><Code>en_ZW</Code><Description>English (Zimbabwe)</Description></Locale>
    <Locale><Code>en</Code><Description>English</Description></Locale>
    <Locale><Code>eo</Code><Description>Esperanto</Description></Locale>
    <Locale><Code>et_EE</Code><Description>Estonian (Estonia)</Description></Locale>
    <Locale><Code>et</Code><Description>Estonian</Description></Locale>
    <Locale><Code>ee_GH</Code><Description>Ewe (Ghana)</Description></Locale>
    <Locale><Code>ee_TG</Code><Description>Ewe (Togo)</Description></Locale>
    <Locale><Code>ee</Code><Description>Ewe</Description></Locale>
    <Locale><Code>fo_FO</Code><Description>Faroese (Faroe Islands)</Description></Locale>
    <Locale><Code>fo</Code><Description>Faroese</Description></Locale>
    <Locale><Code>fil_PH</Code><Description>Filipino (Philippines)</Description></Locale>
    <Locale><Code>fil</Code><Description>Filipino</Description></Locale>
    <Locale><Code>fi_FI</Code><Description>Finnish (Finland)</Description></Locale>
    <Locale><Code>fi</Code><Description>Finnish</Description></Locale>
    <Locale><Code>fr_BE</Code><Description>French (Belgium)</Description></Locale>
    <Locale><Code>fr_BJ</Code><Description>French (Benin)</Description></Locale>
    <Locale><Code>fr_BF</Code><Description>French (Burkina Faso)</Description></Locale>
    <Locale><Code>fr_BI</Code><Description>French (Burundi)</Description></Locale>
    <Locale><Code>fr_CM</Code><Description>French (Cameroon)</Description></Locale>
    <Locale><Code>fr_CA</Code><Description>French (Canada)</Description></Locale>
    <Locale><Code>fr_CF</Code><Description>French (Central African Republic)</Description></Locale>
    <Locale><Code>fr_TD</Code><Description>French (Chad)</Description></Locale>
    <Locale><Code>fr_KM</Code><Description>French (Comoros)</Description></Locale>
    <Locale><Code>fr_CG</Code><Description>French (Congo - Brazzaville)</Description></Locale>
    <Locale><Code>fr_CD</Code><Description>French (Congo - Kinshasa)</Description></Locale>
    <Locale><Code>fr_CI</Code><Description>French (Côte d’Ivoire)</Description></Locale>
    <Locale><Code>fr_DJ</Code><Description>French (Djibouti)</Description></Locale>
    <Locale><Code>fr_GQ</Code><Description>French (Equatorial Guinea)</Description></Locale>
    <Locale><Code>fr_FR</Code><Description>French (France)</Description></Locale>
    <Locale><Code>fr_GA</Code><Description>French (Gabon)</Description></Locale>
    <Locale><Code>fr_GP</Code><Description>French (Guadeloupe)</Description></Locale>
    <Locale><Code>fr_GN</Code><Description>French (Guinea)</Description></Locale>
    <Locale><Code>fr_LU</Code><Description>French (Luxembourg)</Description></Locale>
    <Locale><Code>fr_MG</Code><Description>French (Madagascar)</Description></Locale>
    <Locale><Code>fr_ML</Code><Description>French (Mali)</Description></Locale>
    <Locale><Code>fr_MQ</Code><Description>French (Martinique)</Description></Locale>
    <Locale><Code>fr_MC</Code><Description>French (Monaco)</Description></Locale>
    <Locale><Code>fr_NE</Code><Description>French (Niger)</Description></Locale>
    <Locale><Code>fr_RW</Code><Description>French (Rwanda)</Description></Locale>
    <Locale><Code>fr_RE</Code><Description>French (Réunion)</Description></Locale>
    <Locale><Code>fr_BL</Code><Description>French (Saint Barthélemy)</Description></Locale>
    <Locale><Code>fr_MF</Code><Description>French (Saint Martin)</Description></Locale>
    <Locale><Code>fr_SN</Code><Description>French (Senegal)</Description></Locale>
    <Locale><Code>fr_CH</Code><Description>French (Switzerland)</Description></Locale>
    <Locale><Code>fr_TG</Code><Description>French (Togo)</Description></Locale>
    <Locale><Code>fr</Code><Description>French</Description></Locale>
    <Locale><Code>ff_SN</Code><Description>Fulah (Senegal)</Description></Locale>
    <Locale><Code>ff</Code><Description>Fulah</Description></Locale>
    <Locale><Code>gl_ES</Code><Description>Galician (Spain)</Description></Locale>
    <Locale><Code>gl</Code><Description>Galician</Description></Locale>
    <Locale><Code>lg_UG</Code><Description>Ganda (Uganda)</Description></Locale>
    <Locale><Code>lg</Code><Description>Ganda</Description></Locale>
    <Locale><Code>ka_GE</Code><Description>Georgian (Georgia)</Description></Locale>
    <Locale><Code>ka</Code><Description>Georgian</Description></Locale>
    <Locale><Code>de_AT</Code><Description>German (Austria)</Description></Locale>
    <Locale><Code>de_BE</Code><Description>German (Belgium)</Description></Locale>
    <Locale><Code>de_DE</Code><Description>German (Germany)</Description></Locale>
    <Locale><Code>de_LI</Code><Description>German (Liechtenstein)</Description></Locale>
    <Locale><Code>de_LU</Code><Description>German (Luxembourg)</Description></Locale>
    <Locale><Code>de_CH</Code><Description>German (Switzerland)</Description></Locale>
    <Locale><Code>de</Code><Description>German</Description></Locale>
    <Locale><Code>el_CY</Code><Description>Greek (Cyprus)</Description></Locale>
    <Locale><Code>el_GR</Code><Description>Greek (Greece)</Description></Locale>
    <Locale><Code>el</Code><Description>Greek</Description></Locale>
    <Locale><Code>gu_IN</Code><Description>Gujarati (India)</Description></Locale>
    <Locale><Code>gu</Code><Description>Gujarati</Description></Locale>
    <Locale><Code>guz_KE</Code><Description>Gusii (Kenya)</Description></Locale>
    <Locale><Code>guz</Code><Description>Gusii</Description></Locale>
    <Locale><Code>ha_Latn</Code><Description>Hausa (Latin)</Description></Locale>
    <Locale><Code>ha_Latn_GH</Code><Description>Hausa (Latin, Ghana)</Description></Locale>
    <Locale><Code>ha_Latn_NE</Code><Description>Hausa (Latin, Niger)</Description></Locale>
    <Locale><Code>ha_Latn_NG</Code><Description>Hausa (Latin, Nigeria)</Description></Locale>
    <Locale><Code>ha</Code><Description>Hausa</Description></Locale>
    <Locale><Code>haw_US</Code><Description>Hawaiian (United States)</Description></Locale>
    <Locale><Code>haw</Code><Description>Hawaiian</Description></Locale>
    <Locale><Code>he_IL</Code><Description>Hebrew (Israel)</Description></Locale>
    <Locale><Code>he</Code><Description>Hebrew</Description></Locale>
    <Locale><Code>hi_IN</Code><Description>Hindi (India)</Description></Locale>
    <Locale><Code>hi</Code><Description>Hindi</Description></Locale>
    <Locale><Code>hu_HU</Code><Description>Hungarian (Hungary)</Description></Locale>
    <Locale><Code>hu</Code><Description>Hungarian</Description></Locale>
    <Locale><Code>is_IS</Code><Description>Icelandic (Iceland)</Description></Locale>
    <Locale><Code>is</Code><Description>Icelandic</Description></Locale>
    <Locale><Code>ig_NG</Code><Description>Igbo (Nigeria)</Description></Locale>
    <Locale><Code>ig</Code><Description>Igbo</Description></Locale>
    <Locale><Code>id_ID</Code><Description>Indonesian (Indonesia)</Description></Locale>
    <Locale><Code>id</Code><Description>Indonesian</Description></Locale>
    <Locale><Code>ga_IE</Code><Description>Irish (Ireland)</Description></Locale>
    <Locale><Code>ga</Code><Description>Irish</Description></Locale>
    <Locale><Code>it_IT</Code><Description>Italian (Italy)</Description></Locale>
    <Locale><Code>it_CH</Code><Description>Italian (Switzerland)</Description></Locale>
    <Locale><Code>it</Code><Description>Italian</Description></Locale>
    <Locale><Code>ja_JP</Code><Description>Japanese (Japan)</Description></Locale>
    <Locale><Code>ja</Code><Description>Japanese</Description></Locale>
    <Locale><Code>kea_CV</Code><Description>Kabuverdianu (Cape Verde)</Description></Locale>
    <Locale><Code>kea</Code><Description>Kabuverdianu</Description></Locale>
    <Locale><Code>kab_DZ</Code><Description>Kabyle (Algeria)</Description></Locale>
    <Locale><Code>kab</Code><Description>Kabyle</Description></Locale>
    <Locale><Code>kl_GL</Code><Description>Kalaallisut (Greenland)</Description></Locale>
    <Locale><Code>kl</Code><Description>Kalaallisut</Description></Locale>
    <Locale><Code>kln_KE</Code><Description>Kalenjin (Kenya)</Description></Locale>
    <Locale><Code>kln</Code><Description>Kalenjin</Description></Locale>
    <Locale><Code>kam_KE</Code><Description>Kamba (Kenya)</Description></Locale>
    <Locale><Code>kam</Code><Description>Kamba</Description></Locale>
    <Locale><Code>kn_IN</Code><Description>Kannada (India)</Description></Locale>
    <Locale><Code>kn</Code><Description>Kannada</Description></Locale>
    <Locale><Code>kk_Cyrl</Code><Description>Kazakh (Cyrillic)</Description></Locale>
    <Locale><Code>kk_Cyrl_KZ</Code><Description>Kazakh (Cyrillic, Kazakhstan)</Description></Locale>
    <Locale><Code>kk</Code><Description>Kazakh</Description></Locale>
    <Locale><Code>km_KH</Code><Description>Khmer (Cambodia)</Description></Locale>
    <Locale><Code>km</Code><Description>Khmer</Description></Locale>
    <Locale><Code>ki_KE</Code><Description>Kikuyu (Kenya)</Description></Locale>
    <Locale><Code>ki</Code><Description>Kikuyu</Description></Locale>
    <Locale><Code>rw_RW</Code><Description>Kinyarwanda (Rwanda)</Description></Locale>
    <Locale><Code>rw</Code><Description>Kinyarwanda</Description></Locale>
    <Locale><Code>kok_IN</Code><Description>Konkani (India)</Description></Locale>
    <Locale><Code>kok</Code><Description>Konkani</Description></Locale>
    <Locale><Code>ko_KR</Code><Description>Korean (South Korea)</Description></Locale>
    <Locale><Code>ko</Code><Description>Korean</Description></Locale>
    <Locale><Code>khq_ML</Code><Description>Koyra Chiini (Mali)</Description></Locale>
    <Locale><Code>khq</Code><Description>Koyra Chiini</Description></Locale>
    <Locale><Code>ses_ML</Code><Description>Koyraboro Senni (Mali)</Description></Locale>
    <Locale><Code>ses</Code><Description>Koyraboro Senni</Description></Locale>
    <Locale><Code>lag_TZ</Code><Description>Langi (Tanzania)</Description></Locale>
    <Locale><Code>lag</Code><Description>Langi</Description></Locale>
    <Locale><Code>lv_LV</Code><Description>Latvian (Latvia)</Description></Locale>
    <Locale><Code>lv</Code><Description>Latvian</Description></Locale>
    <Locale><Code>lt_LT</Code><Description>Lithuanian (Lithuania)</Description></Locale>
    <Locale><Code>lt</Code><Description>Lithuanian</Description></Locale>
    <Locale><Code>luo_KE</Code><Description>Luo (Kenya)</Description></Locale>
    <Locale><Code>luo</Code><Description>Luo</Description></Locale>
    <Locale><Code>luy_KE</Code><Description>Luyia (Kenya)</Description></Locale>
    <Locale><Code>luy</Code><Description>Luyia</Description></Locale>
    <Locale><Code>mk_MK</Code><Description>Macedonian (Macedonia)</Description></Locale>
    <Locale><Code>mk</Code><Description>Macedonian</Description></Locale>
    <Locale><Code>jmc_TZ</Code><Description>Machame (Tanzania)</Description></Locale>
    <Locale><Code>jmc</Code><Description>Machame</Description></Locale>
    <Locale><Code>kde_TZ</Code><Description>Makonde (Tanzania)</Description></Locale>
    <Locale><Code>kde</Code><Description>Makonde</Description></Locale>
    <Locale><Code>mg_MG</Code><Description>Malagasy (Madagascar)</Description></Locale>
    <Locale><Code>mg</Code><Description>Malagasy</Description></Locale>
    <Locale><Code>ms_BN</Code><Description>Malay (Brunei)</Description></Locale>
    <Locale><Code>ms_MY</Code><Description>Malay (Malaysia)</Description></Locale>
    <Locale><Code>ms</Code><Description>Malay</Description></Locale>
    <Locale><Code>ml_IN</Code><Description>Malayalam (India)</Description></Locale>
    <Locale><Code>ml</Code><Description>Malayalam</Description></Locale>
    <Locale><Code>mt_MT</Code><Description>Maltese (Malta)</Description></Locale>
    <Locale><Code>mt</Code><Description>Maltese</Description></Locale>
    <Locale><Code>gv_GB</Code><Description>Manx (United Kingdom)</Description></Locale>
    <Locale><Code>gv</Code><Description>Manx</Description></Locale>
    <Locale><Code>mr_IN</Code><Description>Marathi (India)</Description></Locale>
    <Locale><Code>mr</Code><Description>Marathi</Description></Locale>
    <Locale><Code>mas_KE</Code><Description>Masai (Kenya)</Description></Locale>
    <Locale><Code>mas_TZ</Code><Description>Masai (Tanzania)</Description></Locale>
    <Locale><Code>mas</Code><Description>Masai</Description></Locale>
    <Locale><Code>mer_KE</Code><Description>Meru (Kenya)</Description></Locale>
    <Locale><Code>mer</Code><Description>Meru</Description></Locale>
    <Locale><Code>mfe_MU</Code><Description>Morisyen (Mauritius)</Description></Locale>
    <Locale><Code>mfe</Code><Description>Morisyen</Description></Locale>
    <Locale><Code>naq_NA</Code><Description>Nama (Namibia)</Description></Locale>
    <Locale><Code>naq</Code><Description>Nama</Description></Locale>
    <Locale><Code>ne_IN</Code><Description>Nepali (India)</Description></Locale>
    <Locale><Code>ne_NP</Code><Description>Nepali (Nepal)</Description></Locale>
    <Locale><Code>ne</Code><Description>Nepali</Description></Locale>
    <Locale><Code>nd_ZW</Code><Description>North Ndebele (Zimbabwe)</Description></Locale>
    <Locale><Code>nd</Code><Description>North Ndebele</Description></Locale>
    <Locale><Code>nb_NO</Code><Description>Norwegian Bokmål (Norway)</Description></Locale>
    <Locale><Code>nb</Code><Description>Norwegian Bokmål</Description></Locale>
    <Locale><Code>nn_NO</Code><Description>Norwegian Nynorsk (Norway)</Description></Locale>
    <Locale><Code>nn</Code><Description>Norwegian Nynorsk</Description></Locale>
    <Locale><Code>nyn_UG</Code><Description>Nyankole (Uganda)</Description></Locale>
    <Locale><Code>nyn</Code><Description>Nyankole</Description></Locale>
    <Locale><Code>or_IN</Code><Description>Oriya (India)</Description></Locale>
    <Locale><Code>or</Code><Description>Oriya</Description></Locale>
    <Locale><Code>om_ET</Code><Description>Oromo (Ethiopia)</Description></Locale>
    <Locale><Code>om_KE</Code><Description>Oromo (Kenya)</Description></Locale>
    <Locale><Code>om</Code><Description>Oromo</Description></Locale>
    <Locale><Code>ps_AF</Code><Description>Pashto (Afghanistan)</Description></Locale>
    <Locale><Code>ps</Code><Description>Pashto</Description></Locale>
    <Locale><Code>fa_AF</Code><Description>Persian (Afghanistan)</Description></Locale>
    <Locale><Code>fa_IR</Code><Description>Persian (Iran)</Description></Locale>
    <Locale><Code>fa</Code><Description>Persian</Description></Locale>
    <Locale><Code>pl_PL</Code><Description>Polish (Poland)</Description></Locale>
    <Locale><Code>pl</Code><Description>Polish</Description></Locale>
    <Locale><Code>pt_BR</Code><Description>Portuguese (Brazil)</Description></Locale>
    <Locale><Code>pt_GW</Code><Description>Portuguese (Guinea-Bissau)</Description></Locale>
    <Locale><Code>pt_MZ</Code><Description>Portuguese (Mozambique)</Description></Locale>
    <Locale><Code>pt_PT</Code><Description>Portuguese (Portugal)</Description></Locale>
    <Locale><Code>pt</Code><Description>Portuguese</Description></Locale>
    <Locale><Code>pa_Arab</Code><Description>Punjabi (Arabic)</Description></Locale>
    <Locale><Code>pa_Arab_PK</Code><Description>Punjabi (Arabic, Pakistan)</Description></Locale>
    <Locale><Code>pa_Guru</Code><Description>Punjabi (Gurmukhi)</Description></Locale>
    <Locale><Code>pa_Guru_IN</Code><Description>Punjabi (Gurmukhi, India)</Description></Locale>
    <Locale><Code>pa</Code><Description>Punjabi</Description></Locale>
    <Locale><Code>ro_MD</Code><Description>Romanian (Moldova)</Description></Locale>
    <Locale><Code>ro_RO</Code><Description>Romanian (Romania)</Description></Locale>
    <Locale><Code>ro</Code><Description>Romanian</Description></Locale>
    <Locale><Code>rm_CH</Code><Description>Romansh (Switzerland)</Description></Locale>
    <Locale><Code>rm</Code><Description>Romansh</Description></Locale>
    <Locale><Code>rof_TZ</Code><Description>Rombo (Tanzania)</Description></Locale>
    <Locale><Code>rof</Code><Description>Rombo</Description></Locale>
    <Locale><Code>ru_MD</Code><Description>Russian (Moldova)</Description></Locale>
    <Locale><Code>ru_RU</Code><Description>Russian (Russia)</Description></Locale>
    <Locale><Code>ru_UA</Code><Description>Russian (Ukraine)</Description></Locale>
    <Locale><Code>ru</Code><Description>Russian</Description></Locale>
    <Locale><Code>rwk_TZ</Code><Description>Rwa (Tanzania)</Description></Locale>
    <Locale><Code>rwk</Code><Description>Rwa</Description></Locale>
    <Locale><Code>saq_KE</Code><Description>Samburu (Kenya)</Description></Locale>
    <Locale><Code>saq</Code><Description>Samburu</Description></Locale>
    <Locale><Code>sg_CF</Code><Description>Sango (Central African Republic)</Description></Locale>
    <Locale><Code>sg</Code><Description>Sango</Description></Locale>
    <Locale><Code>seh_MZ</Code><Description>Sena (Mozambique)</Description></Locale>
    <Locale><Code>seh</Code><Description>Sena</Description></Locale>
    <Locale><Code>sr_Cyrl</Code><Description>Serbian (Cyrillic)</Description></Locale>
    <Locale><Code>sr_Cyrl_BA</Code><Description>Serbian (Cyrillic, Bosnia and Herzegovina)</Description></Locale>
    <Locale><Code>sr_Cyrl_ME</Code><Description>Serbian (Cyrillic, Montenegro)</Description></Locale>
    <Locale><Code>sr_Cyrl_RS</Code><Description>Serbian (Cyrillic, Serbia)</Description></Locale>
    <Locale><Code>sr_Latn</Code><Description>Serbian (Latin)</Description></Locale>
    <Locale><Code>sr_Latn_BA</Code><Description>Serbian (Latin, Bosnia and Herzegovina)</Description></Locale>
    <Locale><Code>sr_Latn_ME</Code><Description>Serbian (Latin, Montenegro)</Description></Locale>
    <Locale><Code>sr_Latn_RS</Code><Description>Serbian (Latin, Serbia)</Description></Locale>
    <Locale><Code>sr</Code><Description>Serbian</Description></Locale>
    <Locale><Code>sn_ZW</Code><Description>Shona (Zimbabwe)</Description></Locale>
    <Locale><Code>sn</Code><Description>Shona</Description></Locale>
    <Locale><Code>ii_CN</Code><Description>Sichuan Yi (China)</Description></Locale>
    <Locale><Code>ii</Code><Description>Sichuan Yi</Description></Locale>
    <Locale><Code>si_LK</Code><Description>Sinhala (Sri Lanka)</Description></Locale>
    <Locale><Code>si</Code><Description>Sinhala</Description></Locale>
    <Locale><Code>sk_SK</Code><Description>Slovak (Slovakia)</Description></Locale>
    <Locale><Code>sk</Code><Description>Slovak</Description></Locale>
    <Locale><Code>sl_SI</Code><Description>Slovenian (Slovenia)</Description></Locale>
    <Locale><Code>sl</Code><Description>Slovenian</Description></Locale>
    <Locale><Code>xog_UG</Code><Description>Soga (Uganda)</Description></Locale>
    <Locale><Code>xog</Code><Description>Soga</Description></Locale>
    <Locale><Code>so_DJ</Code><Description>Somali (Djibouti)</Description></Locale>
    <Locale><Code>so_ET</Code><Description>Somali (Ethiopia)</Description></Locale>
    <Locale><Code>so_KE</Code><Description>Somali (Kenya)</Description></Locale>
    <Locale><Code>so_SO</Code><Description>Somali (Somalia)</Description></Locale>
    <Locale><Code>so</Code><Description>Somali</Description></Locale>
    <Locale><Code>es_AR</Code><Description>Spanish (Argentina)</Description></Locale>
    <Locale><Code>es_BO</Code><Description>Spanish (Bolivia)</Description></Locale>
    <Locale><Code>es_CL</Code><Description>Spanish (Chile)</Description></Locale>
    <Locale><Code>es_CO</Code><Description>Spanish (Colombia)</Description></Locale>
    <Locale><Code>es_CR</Code><Description>Spanish (Costa Rica)</Description></Locale>
    <Locale><Code>es_DO</Code><Description>Spanish (Dominican Republic)</Description></Locale>
    <Locale><Code>es_EC</Code><Description>Spanish (Ecuador)</Description></Locale>
    <Locale><Code>es_SV</Code><Description>Spanish (El Salvador)</Description></Locale>
    <Locale><Code>es_GQ</Code><Description>Spanish (Equatorial Guinea)</Description></Locale>
    <Locale><Code>es_GT</Code><Description>Spanish (Guatemala)</Description></Locale>
    <Locale><Code>es_HN</Code><Description>Spanish (Honduras)</Description></Locale>
    <Locale><Code>es_419</Code><Description>Spanish (Latin America)</Description></Locale>
    <Locale><Code>es_MX</Code><Description>Spanish (Mexico)</Description></Locale>
    <Locale><Code>es_NI</Code><Description>Spanish (Nicaragua)</Description></Locale>
    <Locale><Code>es_PA</Code><Description>Spanish (Panama)</Description></Locale>
    <Locale><Code>es_PY</Code><Description>Spanish (Paraguay)</Description></Locale>
    <Locale><Code>es_PE</Code><Description>Spanish (Peru)</Description></Locale>
    <Locale><Code>es_PR</Code><Description>Spanish (Puerto Rico)</Description></Locale>
    <Locale><Code>es_ES</Code><Description>Spanish (Spain)</Description></Locale>
    <Locale><Code>es_US</Code><Description>Spanish (United States)</Description></Locale>
    <Locale><Code>es_UY</Code><Description>Spanish (Uruguay)</Description></Locale>
    <Locale><Code>es_VE</Code><Description>Spanish (Venezuela)</Description></Locale>
    <Locale><Code>es</Code><Description>Spanish</Description></Locale>
    <Locale><Code>sw_KE</Code><Description>Swahili (Kenya)</Description></Locale>
    <Locale><Code>sw_TZ</Code><Description>Swahili (Tanzania)</Description></Locale>
    <Locale><Code>sw</Code><Description>Swahili</Description></Locale>
    <Locale><Code>sv_FI</Code><Description>Swedish (Finland)</Description></Locale>
    <Locale><Code>sv_SE</Code><Description>Swedish (Sweden)</Description></Locale>
    <Locale><Code>sv</Code><Description>Swedish</Description></Locale>
    <Locale><Code>gsw_CH</Code><Description>Swiss German (Switzerland)</Description></Locale>
    <Locale><Code>gsw</Code><Description>Swiss German</Description></Locale>
    <Locale><Code>shi_Latn</Code><Description>Tachelhit (Latin)</Description></Locale>
    <Locale><Code>shi_Latn_MA</Code><Description>Tachelhit (Latin, Morocco)</Description></Locale>
    <Locale><Code>shi_Tfng</Code><Description>Tachelhit (Tifinagh)</Description></Locale>
    <Locale><Code>shi_Tfng_MA</Code><Description>Tachelhit (Tifinagh, Morocco)</Description></Locale>
    <Locale><Code>shi</Code><Description>Tachelhit</Description></Locale>
    <Locale><Code>dav_KE</Code><Description>Taita (Kenya)</Description></Locale>
    <Locale><Code>dav</Code><Description>Taita</Description></Locale>
    <Locale><Code>ta_IN</Code><Description>Tamil (India)</Description></Locale>
    <Locale><Code>ta_LK</Code><Description>Tamil (Sri Lanka)</Description></Locale>
    <Locale><Code>ta</Code><Description>Tamil</Description></Locale>
    <Locale><Code>te_IN</Code><Description>Telugu (India)</Description></Locale>
    <Locale><Code>te</Code><Description>Telugu</Description></Locale>
    <Locale><Code>teo_KE</Code><Description>Teso (Kenya)</Description></Locale>
    <Locale><Code>teo_UG</Code><Description>Teso (Uganda)</Description></Locale>
    <Locale><Code>teo</Code><Description>Teso</Description></Locale>
    <Locale><Code>th_TH</Code><Description>Thai (Thailand)</Description></Locale>
    <Locale><Code>th</Code><Description>Thai</Description></Locale>
    <Locale><Code>bo_CN</Code><Description>Tibetan (China)</Description></Locale>
    <Locale><Code>bo_IN</Code><Description>Tibetan (India)</Description></Locale>
    <Locale><Code>bo</Code><Description>Tibetan</Description></Locale>
    <Locale><Code>ti_ER</Code><Description>Tigrinya (Eritrea)</Description></Locale>
    <Locale><Code>ti_ET</Code><Description>Tigrinya (Ethiopia)</Description></Locale>
    <Locale><Code>ti</Code><Description>Tigrinya</Description></Locale>
    <Locale><Code>to_TO</Code><Description>Tonga (Tonga)</Description></Locale>
    <Locale><Code>to</Code><Description>Tonga</Description></Locale>
    <Locale><Code>tr_TR</Code><Description>Turkish (Turkey)</Description></Locale>
    <Locale><Code>tr</Code><Description>Turkish</Description></Locale>
    <Locale><Code>uk_UA</Code><Description>Ukrainian (Ukraine)</Description></Locale>
    <Locale><Code>uk</Code><Description>Ukrainian</Description></Locale>
    <Locale><Code>ur_IN</Code><Description>Urdu (India)</Description></Locale>
    <Locale><Code>ur_PK</Code><Description>Urdu (Pakistan)</Description></Locale>
    <Locale><Code>ur</Code><Description>Urdu</Description></Locale>
    <Locale><Code>uz_Arab</Code><Description>Uzbek (Arabic)</Description></Locale>
    <Locale><Code>uz_Arab_AF</Code><Description>Uzbek (Arabic, Afghanistan)</Description></Locale>
    <Locale><Code>uz_Cyrl</Code><Description>Uzbek (Cyrillic)</Description></Locale>
    <Locale><Code>uz_Cyrl_UZ</Code><Description>Uzbek (Cyrillic, Uzbekistan)</Description></Locale>
    <Locale><Code>uz_Latn</Code><Description>Uzbek (Latin)</Description></Locale>
    <Locale><Code>uz_Latn_UZ</Code><Description>Uzbek (Latin, Uzbekistan)</Description></Locale>
    <Locale><Code>uz</Code><Description>Uzbek</Description></Locale>
    <Locale><Code>vi_VN</Code><Description>Vietnamese (Vietnam)</Description></Locale>
    <Locale><Code>vi</Code><Description>Vietnamese</Description></Locale>
    <Locale><Code>vun_TZ</Code><Description>Vunjo (Tanzania)</Description></Locale>
    <Locale><Code>vun</Code><Description>Vunjo</Description></Locale>
    <Locale><Code>cy_GB</Code><Description>Welsh (United Kingdom)</Description></Locale>
    <Locale><Code>cy</Code><Description>Welsh</Description></Locale>
    <Locale><Code>yo_NG</Code><Description>Yoruba (Nigeria)</Description></Locale>
    <Locale><Code>yo</Code><Description>Yoruba</Description></Locale>
    <Locale><Code>zu_ZA</Code><Description>Zulu (South Africa)</Description></Locale>
    <Locale><Code>zu</Code><Description>Zulu</Description></Locale>
</LocaleCodeData>
