<?xml version="1.0" encoding="UTF-8"?>
<UOMCodeData>
    <UOM><Code>A31</Code><Description>coulomb per kilogram second</Description></UOM>
    <UOM><Code>A34</Code><Description>coulomb per square meter</Description></UOM>
    <UOM><Code>B0</Code><Description>Btu per cubic foot</Description></UOM>
    <UOM><Code>A36</Code><Description>cubic centimeter per mole</Description></UOM>
    <UOM><Code>1B</Code><Description>car count</Description></UOM>
    <UOM><Code>A62</Code><Description>erg per gram second</Description></UOM>
    <UOM><Code>60</Code><Description>percent weight</Description></UOM>
    <UOM><Code>4G</Code><Description>microlitre</Description></UOM>
    <UOM><Code>ASM</Code><Description>alcoholic strength by mass</Description></UOM>
    <UOM><Code>3C</Code><Description>manmonth</Description></UOM>
    <UOM><Code>4L</Code><Description>megabyte</Description></UOM>
    <UOM><Code>A58</Code><Description>erg per centimeter</Description></UOM>
    <UOM><Code>A13</Code><Description>attojoule</Description></UOM>
    <UOM><Code>47</Code><Description>fifty lb bag</Description></UOM>
    <UOM><Code>2Z</Code><Description>millivolt</Description></UOM>
    <UOM><Code>A61</Code><Description>erg per gram</Description></UOM>
    <UOM><Code>A87</Code><Description>gigaohm</Description></UOM>
    <UOM><Code>AK</Code><Description>fathom</Description></UOM>
    <UOM><Code>A5</Code><Description>ampere square meter</Description></UOM>
    <UOM><Code>31</Code><Description>catch weight</Description></UOM>
    <UOM><Code>A52</Code><Description>dyne second per centimeter to the fifth</Description></UOM>
    <UOM><Code>90</Code><Description>Saybolt Universal Second</Description></UOM>
    <UOM><Code>B15</Code><Description>joule per mole</Description></UOM>
    <UOM><Code>17</Code><Description>hundred lb drum</Description></UOM>
    <UOM><Code>24</Code><Description>theoretical pound</Description></UOM>
    <UOM><Code>05</Code><Description>lift</Description></UOM>
    <UOM><Code>A1</Code><Description>15 °C calorie</Description></UOM>
    <UOM><Code>4U</Code><Description>pound per hour</Description></UOM>
    <UOM><Code>A12</Code><Description>astronomical unit</Description></UOM>
    <UOM><Code>66</Code><Description>oersted</Description></UOM>
    <UOM><Code>C40</Code><Description>nanocoulomb</Description></UOM>
    <UOM><Code>D25</Code><Description>square meter per steradian joule</Description></UOM>
    <UOM><Code>CMQ</Code><Description>cubic centimeter</Description></UOM>
    <UOM><Code>BTU</Code><Description>British thermal unit</Description></UOM>
    <UOM><Code>C68</Code><Description>petajoule</Description></UOM>
    <UOM><Code>D12</Code><Description>siemens square meter per mole</Description></UOM>
    <UOM><Code>B6</Code><Description>bun</Description></UOM>
    <UOM><Code>C42</Code><Description>nanofarad per meter</Description></UOM>
    <UOM><Code>C70</Code><Description>picoampere</Description></UOM>
    <UOM><Code>C45</Code><Description>nanometer</Description></UOM>
    <UOM><Code>D7</Code><Description>sandwich</Description></UOM>
    <UOM><Code>COU</Code><Description>coulomb</Description></UOM>
    <UOM><Code>C19</Code><Description>mole per kilogram</Description></UOM>
    <UOM><Code>D14</Code><Description>thousand linear yard</Description></UOM>
    <UOM><Code>BB</Code><Description>base box</Description></UOM>
    <UOM><Code>D47</Code><Description>volt per centimeter</Description></UOM>
    <UOM><Code>CTM</Code><Description>metric carat</Description></UOM>
    <UOM><Code>CV</Code><Description>cover</Description></UOM>
    <UOM><Code>C0</Code><Description>call</Description></UOM>
    <UOM><Code>D56</Code><Description>watt per square meter kelvin to the fourth power</Description></UOM>
    <UOM><Code>D32</Code><Description>terawatt hour</Description></UOM>
    <UOM><Code>CJ</Code><Description>cone</Description></UOM>
    <UOM><Code>B54</Code><Description>kilosiemens per meter</Description></UOM>
    <UOM><Code>B51</Code><Description>kilopond</Description></UOM>
    <UOM><Code>C96</Code><Description>reciprocal pascal or pascal to the power minus one</Description></UOM>
    <UOM><Code>C50</Code><Description>neper</Description></UOM>
    <UOM><Code>78</Code><Description>kilogauss</Description></UOM>
    <UOM><Code>B33</Code><Description>kilogram meter squared per second</Description></UOM>
    <UOM><Code>2J</Code><Description>cubic centimeter per second</Description></UOM>
    <UOM><Code>A2</Code><Description>ampere per centimeter</Description></UOM>
    <UOM><Code>B41</Code><Description>kilojoule per kelvin</Description></UOM>
    <UOM><Code>A82</Code><Description>Gaussian CGS unit of electric potential</Description></UOM>
    <UOM><Code>A90</Code><Description>gigawatt</Description></UOM>
    <UOM><Code>B18</Code><Description>joule second</Description></UOM>
    <UOM><Code>B3</Code><Description>batting pound</Description></UOM>
    <UOM><Code>C43</Code><Description>nanohenry</Description></UOM>
    <UOM><Code>C20</Code><Description>millinewton</Description></UOM>
    <UOM><Code>C91</Code><Description>reciprocal kelvin or kelvin to the power minus one</Description></UOM>
    <UOM><Code>D30</Code><Description>terajoule</Description></UOM>
    <UOM><Code>CEL</Code><Description>degree Celsius</Description></UOM>
    <UOM><Code>CK</Code><Description>connector</Description></UOM>
    <UOM><Code>ND</Code><Description>net barrel</Description></UOM>
    <UOM><Code>M0</Code><Description>magnetic tape</Description></UOM>
    <UOM><Code>M5</Code><Description>microcurie</Description></UOM>
    <UOM><Code>LD</Code><Description>litre per day</Description></UOM>
    <UOM><Code>HN</Code><Description>conventional millimeter of mercury</Description></UOM>
    <UOM><Code>KGM</Code><Description>kilogram</Description></UOM>
    <UOM><Code>MON</Code><Description>month</Description></UOM>
    <UOM><Code>HTZ</Code><Description>hertz</Description></UOM>
    <UOM><Code>GH</Code><Description>half gallon (US)</Description></UOM>
    <UOM><Code>MQH</Code><Description>cubic meter per hour</Description></UOM>
    <UOM><Code>FG</Code><Description>transdermal patch</Description></UOM>
    <UOM><Code>GJ</Code><Description>gram per millilitre</Description></UOM>
    <UOM><Code>H1</Code><Description>half page - electronic</Description></UOM>
    <UOM><Code>DU</Code><Description>dyne</Description></UOM>
    <UOM><Code>MMT</Code><Description>millimeter</Description></UOM>
    <UOM><Code>KF</Code><Description>kilopacket</Description></UOM>
    <UOM><Code>LE</Code><Description>lite</Description></UOM>
    <UOM><Code>MBF</Code><Description>thousand board feet</Description></UOM>
    <UOM><Code>FE</Code><Description>track foot</Description></UOM>
    <UOM><Code>DMQ</Code><Description>cubic decimeter</Description></UOM>
    <UOM><Code>HD</Code><Description>half dozen</Description></UOM>
    <UOM><Code>LS</Code><Description>lump sum</Description></UOM>
    <UOM><Code>CMT</Code><Description>centimeter</Description></UOM>
    <UOM><Code>B72</Code><Description>megagram per cubic meter</Description></UOM>
    <UOM><Code>DTN</Code><Description>decitonne</Description></UOM>
    <UOM><Code>G7</Code><Description>microfiche sheet</Description></UOM>
    <UOM><Code>MPA</Code><Description>megapascal</Description></UOM>
    <UOM><Code>GP</Code><Description>milligram per cubic meter</Description></UOM>
    <UOM><Code>DZP</Code><Description>dozen pack</Description></UOM>
    <UOM><Code>JK</Code><Description>megajoule per kilogram</Description></UOM>
    <UOM><Code>KUR</Code><Description>kilogram of uranium</Description></UOM>
    <UOM><Code>NJ</Code><Description>number of screens</Description></UOM>
    <UOM><Code>KJO</Code><Description>kilojoule</Description></UOM>
    <UOM><Code>GW</Code><Description>gallon per thousand cubic feet</Description></UOM>
    <UOM><Code>FAH</Code><Description>degree Fahrenheit</Description></UOM>
    <UOM><Code>GII</Code><Description>gill (UK)</Description></UOM>
    <UOM><Code>FC</Code><Description>thousand cubic feet</Description></UOM>
    <UOM><Code>DRA</Code><Description>dram (US)</Description></UOM>
    <UOM><Code>IP</Code><Description>insurance policy</Description></UOM>
    <UOM><Code>HA</Code><Description>hank</Description></UOM>
    <UOM><Code>HMT</Code><Description>hectometer</Description></UOM>
    <UOM><Code>KG</Code><Description>keg</Description></UOM>
    <UOM><Code>M1</Code><Description>milligrams per litre</Description></UOM>
    <UOM><Code>NRL</Code><Description>number of rolls</Description></UOM>
    <UOM><Code>HP</Code><Description>conventional millimeter of water</Description></UOM>
    <UOM><Code>KPH</Code><Description>kilogram of potassium hydroxide (caustic potash)</Description></UOM>
    <UOM><Code>WW</Code><Description>millilitre of water</Description></UOM>
    <UOM><Code>PM</Code><Description>pound percentage</Description></UOM>
    <UOM><Code>TSH</Code><Description>ton of steam per hour</Description></UOM>
    <UOM><Code>STN</Code><Description>net ton (2000 lb)</Description></UOM>
    <UOM><Code>S8</Code><Description>standard advertising unit</Description></UOM>
    <UOM><Code>Z3</Code><Description>cask</Description></UOM>
    <UOM><Code>W4</Code><Description>two week</Description></UOM>
    <UOM><Code>S4</Code><Description>square meter per second</Description></UOM>
    <UOM><Code>YL</Code><Description>hundred linear yard</Description></UOM>
    <UOM><Code>TK</Code><Description>tank, rectangular</Description></UOM>
    <UOM><Code>SAN</Code><Description>half year (6 months)</Description></UOM>
    <UOM><Code>WG</Code><Description>wine gallon</Description></UOM>
    <UOM><Code>WTT</Code><Description>watt</Description></UOM>
    <UOM><Code>YRD</Code><Description>yard</Description></UOM>
    <UOM><Code>TD</Code><Description>therm</Description></UOM>
    <UOM><Code>W2</Code><Description>wet kilo</Description></UOM>
    <UOM><Code>PTD</Code><Description>dry pint (US)</Description></UOM>
    <UOM><Code>VS</Code><Description>visit</Description></UOM>
    <UOM><Code>WA</Code><Description>watt per kilogram</Description></UOM>
    <UOM><Code>WH</Code><Description>wheel</Description></UOM>
    <UOM><Code>K5</Code><Description>kilovolt ampere (reactive)</Description></UOM>
    <UOM><Code>WEE</Code><Description>week</Description></UOM>
    <UOM><Code>PF</Code><Description>pallet (lift)</Description></UOM>
    <UOM><Code>B28</Code><Description>kilocoulomb per square meter</Description></UOM>
    <UOM><Code>A89</Code><Description>gigapascal</Description></UOM>
    <UOM><Code>A6</Code><Description>ampere per square meter kelvin squared</Description></UOM>
    <UOM><Code>A11</Code><Description>ångström</Description></UOM>
    <UOM><Code>5F</Code><Description>pounds per thousand</Description></UOM>
    <UOM><Code>97</Code><Description>ten kg drum</Description></UOM>
    <UOM><Code>AD</Code><Description>byte</Description></UOM>
    <UOM><Code>16</Code><Description>hundred fifteen kg drum</Description></UOM>
    <UOM><Code>4O</Code><Description>microfarad</Description></UOM>
    <UOM><Code>APZ</Code><Description>troy ounce or apothecaries' ounce</Description></UOM>
    <UOM><Code>23</Code><Description>gram per cubic centimeter</Description></UOM>
    <UOM><Code>A47</Code><Description>decitex</Description></UOM>
    <UOM><Code>44</Code><Description>fivehundred kg bulk bag</Description></UOM>
    <UOM><Code>B40</Code><Description>kilogram-force per square meter</Description></UOM>
    <UOM><Code>A96</Code><Description>gray per second</Description></UOM>
    <UOM><Code>4N</Code><Description>megabecquerel</Description></UOM>
    <UOM><Code>A79</Code><Description>Gaussian CGS unit of electric charge</Description></UOM>
    <UOM><Code>A98</Code><Description>henry per meter</Description></UOM>
    <UOM><Code>5Q</Code><Description>seismic line</Description></UOM>
    <UOM><Code>A49</Code><Description>denier</Description></UOM>
    <UOM><Code>AL</Code><Description>access line</Description></UOM>
    <UOM><Code>A15</Code><Description>barn per electron volt</Description></UOM>
    <UOM><Code>4A</Code><Description>bobbin</Description></UOM>
    <UOM><Code>71</Code><Description>volt ampere per pound</Description></UOM>
    <UOM><Code>B90</Code><Description>microhenry</Description></UOM>
    <UOM><Code>C64</Code><Description>pascal per kelvin</Description></UOM>
    <UOM><Code>D63</Code><Description>book</Description></UOM>
    <UOM><Code>B65</Code><Description>maxwell</Description></UOM>
    <UOM><Code>CG</Code><Description>card</Description></UOM>
    <UOM><Code>D39</Code><Description>thermochemical calorie per second square centimeter kelvin</Description></UOM>
    <UOM><Code>D83</Code><Description>millinewton meter</Description></UOM>
    <UOM><Code>C99</Code><Description>reciprocal second per meter squared</Description></UOM>
    <UOM><Code>C53</Code><Description>newton meter second</Description></UOM>
    <UOM><Code>BZ</Code><Description>million BTUs</Description></UOM>
    <UOM><Code>C8</Code><Description>millicoulomb per kilogram</Description></UOM>
    <UOM><Code>B9</Code><Description>batt</Description></UOM>
    <UOM><Code>C92</Code><Description>reciprocal meter</Description></UOM>
    <UOM><Code>C16</Code><Description>millimeter per second</Description></UOM>
    <UOM><Code>C39</Code><Description>nanoampere</Description></UOM>
    <UOM><Code>C81</Code><Description>radian</Description></UOM>
    <UOM><Code>B66</Code><Description>megaampere per square meter</Description></UOM>
    <UOM><Code>C29</Code><Description>millitesla</Description></UOM>
    <UOM><Code>D82</Code><Description>microvolt</Description></UOM>
    <UOM><Code>C31</Code><Description>milliwatt</Description></UOM>
    <UOM><Code>BT</Code><Description>bolt</Description></UOM>
    <UOM><Code>B95</Code><Description>microohm meter</Description></UOM>
    <UOM><Code>D59</Code><Description>weber per meter</Description></UOM>
    <UOM><Code>32</Code><Description>kilogram per air dry metric ton</Description></UOM>
    <UOM><Code>3I</Code><Description>kilogram per piece of product</Description></UOM>
    <UOM><Code>A65</Code><Description>erg per square centimeter second</Description></UOM>
    <UOM><Code>AM</Code><Description>ampoule</Description></UOM>
    <UOM><Code>A43</Code><Description>deadweight tonnage</Description></UOM>
    <UOM><Code>1X</Code><Description>quarter mile</Description></UOM>
    <UOM><Code>5C</Code><Description>gallon(US) per thousand</Description></UOM>
    <UOM><Code>92</Code><Description>calorie per cubic centimeter</Description></UOM>
    <UOM><Code>48</Code><Description>bulk car load</Description></UOM>
    <UOM><Code>D87</Code><Description>millimole per kilogram</Description></UOM>
    <UOM><Code>CQ</Code><Description>cartridge</Description></UOM>
    <UOM><Code>B64</Code><Description>lux second</Description></UOM>
    <UOM><Code>D72</Code><Description>International Table calorie per second square centimeter kelvin</Description></UOM>
    <UOM><Code>C12</Code><Description>milligram per meter</Description></UOM>
    <UOM><Code>B81</Code><Description>reciprocal meter squared reciprocal second</Description></UOM>
    <UOM><Code>C24</Code><Description>millipascal second</Description></UOM>
    <UOM><Code>CWI</Code><Description>hundred weight (UK)</Description></UOM>
    <UOM><Code>C80</Code><Description>rad</Description></UOM>
    <UOM><Code>B85</Code><Description>microbar</Description></UOM>
    <UOM><Code>D57</Code><Description>watt per steradian</Description></UOM>
    <UOM><Code>C38</Code><Description>mole per litre</Description></UOM>
    <UOM><Code>C7</Code><Description>centipoise</Description></UOM>
    <UOM><Code>C61</Code><Description>ohm meter</Description></UOM>
    <UOM><Code>C27</Code><Description>millisiemens</Description></UOM>
    <UOM><Code>D13</Code><Description>sievert</Description></UOM>
    <UOM><Code>D43</Code><Description>unified atomic mass unit</Description></UOM>
    <UOM><Code>NTT</Code><Description>net register ton</Description></UOM>
    <UOM><Code>LBT</Code><Description>troy pound (US)</Description></UOM>
    <UOM><Code>H2</Code><Description>half litre</Description></UOM>
    <UOM><Code>LTN</Code><Description>ton (UK) or longton (US)</Description></UOM>
    <UOM><Code>NC</Code><Description>car</Description></UOM>
    <UOM><Code>FD</Code><Description>million particle per cubic foot</Description></UOM>
    <UOM><Code>GWH</Code><Description>gigawatt hour</Description></UOM>
    <UOM><Code>JG</Code><Description>jug</Description></UOM>
    <UOM><Code>LJ</Code><Description>large spray</Description></UOM>
    <UOM><Code>KI</Code><Description>kilogram per millimeter width</Description></UOM>
    <UOM><Code>KVA</Code><Description>kilovolt - ampere</Description></UOM>
    <UOM><Code>MWH</Code><Description>megawatt hour (1000 kW.h)</Description></UOM>
    <UOM><Code>NA</Code><Description>milligram per kilogram</Description></UOM>
    <UOM><Code>MGM</Code><Description>milligram</Description></UOM>
    <UOM><Code>MV</Code><Description>number of mults</Description></UOM>
    <UOM><Code>GQ</Code><Description>microgram per cubic meter</Description></UOM>
    <UOM><Code>C44</Code><Description>nanohenry per meter</Description></UOM>
    <UOM><Code>D58</Code><Description>watt per steradian square meter</Description></UOM>
    <UOM><Code>B76</Code><Description>megaohm meter</Description></UOM>
    <UOM><Code>D17</Code><Description>square centimeter per steradian erg</Description></UOM>
    <UOM><Code>B79</Code><Description>megavolt per meter</Description></UOM>
    <UOM><Code>D38</Code><Description>thermochemical calorie per second centimeter kelvin</Description></UOM>
    <UOM><Code>CO</Code><Description>carboy</Description></UOM>
    <UOM><Code>D55</Code><Description>watt per square meter kelvin</Description></UOM>
    <UOM><Code>LI</Code><Description>linear inch</Description></UOM>
    <UOM><Code>D98</Code><Description>mass pound</Description></UOM>
    <UOM><Code>MBE</Code><Description>thousand standard brick equivalent</Description></UOM>
    <UOM><Code>HJ</Code><Description>metric horse power</Description></UOM>
    <UOM><Code>IC</Code><Description>count per inch</Description></UOM>
    <UOM><Code>KO</Code><Description>milliequivalence caustic potash per gram of product</Description></UOM>
    <UOM><Code>LTR</Code><Description>litre</Description></UOM>
    <UOM><Code>FR</Code><Description>foot per minute</Description></UOM>
    <UOM><Code>KT</Code><Description>kit</Description></UOM>
    <UOM><Code>HMQ</Code><Description>million cubic meter</Description></UOM>
    <UOM><Code>IT</Code><Description>count per centimeter</Description></UOM>
    <UOM><Code>EQ</Code><Description>equivalent gallon</Description></UOM>
    <UOM><Code>MIU</Code><Description>million international unit</Description></UOM>
    <UOM><Code>DWT</Code><Description>pennyweight</Description></UOM>
    <UOM><Code>NI</Code><Description>net imperial gallon</Description></UOM>
    <UOM><Code>OZ</Code><Description>ounce av</Description></UOM>
    <UOM><Code>P3</Code><Description>three pack</Description></UOM>
    <UOM><Code>T3</Code><Description>thousand piece</Description></UOM>
    <UOM><Code>Z8</Code><Description>newspage agate line</Description></UOM>
    <UOM><Code>PO</Code><Description>pound per inch of length</Description></UOM>
    <UOM><Code>OZI</Code><Description>fluid ounce (UK)</Description></UOM>
    <UOM><Code>QTI</Code><Description>quart (UK)</Description></UOM>
    <UOM><Code>T5</Code><Description>thousand casing</Description></UOM>
    <UOM><Code>SET</Code><Description>set</Description></UOM>
    <UOM><Code>PV</Code><Description>half pint (US)</Description></UOM>
    <UOM><Code>S3</Code><Description>square foot per second</Description></UOM>
    <UOM><Code>TI</Code><Description>thousand square inch</Description></UOM>
    <UOM><Code>SA</Code><Description>sack</Description></UOM>
    <UOM><Code>PU</Code><Description>tray / tray pack</Description></UOM>
    <UOM><Code>TC</Code><Description>truckload</Description></UOM>
    <UOM><Code>PAL</Code><Description>pascal</Description></UOM>
    <UOM><Code>HC</Code><Description>hundred count</Description></UOM>
    <UOM><Code>INQ</Code><Description>cubic inch</Description></UOM>
    <UOM><Code>E2</Code><Description>belt</Description></UOM>
    <UOM><Code>WCD</Code><Description>cord</Description></UOM>
    <UOM><Code>P9</Code><Description>nine pack</Description></UOM>
    <UOM><Code>Q3</Code><Description>meal</Description></UOM>
    <UOM><Code>B31</Code><Description>kilogram meter per second</Description></UOM>
    <UOM><Code>AP</Code><Description>aluminium pound only</Description></UOM>
    <UOM><Code>A63</Code><Description>erg per second</Description></UOM>
    <UOM><Code>10</Code><Description>group</Description></UOM>
    <UOM><Code>2U</Code><Description>megagram</Description></UOM>
    <UOM><Code>A8</Code><Description>ampere second</Description></UOM>
    <UOM><Code>2B</Code><Description>radian per second squared</Description></UOM>
    <UOM><Code>B43</Code><Description>kilojoule per kilogram kelvin</Description></UOM>
    <UOM><Code>4B</Code><Description>cap</Description></UOM>
    <UOM><Code>A32</Code><Description>coulomb per mole</Description></UOM>
    <UOM><Code>A9</Code><Description>rate</Description></UOM>
    <UOM><Code>A10</Code><Description>ampere square meter per joule second</Description></UOM>
    <UOM><Code>AH</Code><Description>additional minute</Description></UOM>
    <UOM><Code>A17</Code><Description>barn per sterdian</Description></UOM>
    <UOM><Code>A73</Code><Description>foot per second squared</Description></UOM>
    <UOM><Code>A83</Code><Description>Gaussian CGS unit of magnetization</Description></UOM>
    <UOM><Code>81</Code><Description>henry</Description></UOM>
    <UOM><Code>A24</Code><Description>candela per square meter</Description></UOM>
    <UOM><Code>87</Code><Description>pound per cubic foot</Description></UOM>
    <UOM><Code>B16</Code><Description>joule per mole kelvin</Description></UOM>
    <UOM><Code>2C</Code><Description>röntgen</Description></UOM>
    <UOM><Code>A4</Code><Description>ampere per square centimeter</Description></UOM>
    <UOM><Code>A95</Code><Description>gray</Description></UOM>
    <UOM><Code>A23</Code><Description>British thermal unit per hour square foot degree Rankin</Description></UOM>
    <UOM><Code>B42</Code><Description>kilojoule per kilogram</Description></UOM>
    <UOM><Code>AI</Code><Description>average minute per call</Description></UOM>
    <UOM><Code>41</Code><Description>millilitre per minute</Description></UOM>
    <UOM><Code>D1</Code><Description>reciprocal second per steradian</Description></UOM>
    <UOM><Code>D40</Code><Description>thousand litre</Description></UOM>
    <UOM><Code>C33</Code><Description>milliweber</Description></UOM>
    <UOM><Code>BE</Code><Description>bundle</Description></UOM>
    <UOM><Code>C2</Code><Description>carset</Description></UOM>
    <UOM><Code>BJ</Code><Description>bucket</Description></UOM>
    <UOM><Code>D34</Code><Description>tex</Description></UOM>
    <UOM><Code>C78</Code><Description>pound-force</Description></UOM>
    <UOM><Code>D89</Code><Description>millicoulomb per square meter</Description></UOM>
    <UOM><Code>C60</Code><Description>ohm centimeter</Description></UOM>
    <UOM><Code>D95</Code><Description>joule per gram</Description></UOM>
    <UOM><Code>C55</Code><Description>newton per square meter</Description></UOM>
    <UOM><Code>CY</Code><Description>cylinder</Description></UOM>
    <UOM><Code>D2</Code><Description>reciprocal second per steradian meter squared</Description></UOM>
    <UOM><Code>D24</Code><Description>square meter per steradian</Description></UOM>
    <UOM><Code>C90</Code><Description>reciprocal joule per cubic meter</Description></UOM>
    <UOM><Code>B87</Code><Description>microcoulomb per cubic meter</Description></UOM>
    <UOM><Code>D42</Code><Description>tropical year</Description></UOM>
    <UOM><Code>D79</Code><Description>beam</Description></UOM>
    <UOM><Code>C25</Code><Description>milliradian</Description></UOM>
    <UOM><Code>D15</Code><Description>sone</Description></UOM>
    <UOM><Code>B62</Code><Description>lumen second</Description></UOM>
    <UOM><Code>B77</Code><Description>megasiemens per meter</Description></UOM>
    <UOM><Code>B91</Code><Description>microhenry per meter</Description></UOM>
    <UOM><Code>CNP</Code><Description>hundred pack</Description></UOM>
    <UOM><Code>D71</Code><Description>International Table (IT) calorie per second centimeter kelvin</Description></UOM>
    <UOM><Code>D48</Code><Description>volt per kelvin</Description></UOM>
    <UOM><Code>C48</Code><Description>nanotesla</Description></UOM>
    <UOM><Code>A39</Code><Description>cubic meter per kilogram</Description></UOM>
    <UOM><Code>AJ</Code><Description>cop</Description></UOM>
    <UOM><Code>ATT</Code><Description>technical atmosphere</Description></UOM>
    <UOM><Code>1E</Code><Description>empty car</Description></UOM>
    <UOM><Code>A85</Code><Description>gigaelectronvolt</Description></UOM>
    <UOM><Code>A40</Code><Description>cubic meter per mole</Description></UOM>
    <UOM><Code>A48</Code><Description>degree Rankin</Description></UOM>
    <UOM><Code>B21</Code><Description>kelvin per watt</Description></UOM>
    <UOM><Code>22</Code><Description>decilitre per gram</Description></UOM>
    <UOM><Code>A53</Code><Description>electronvolt</Description></UOM>
    <UOM><Code>4C</Code><Description>centistokes</Description></UOM>
    <UOM><Code>A77</Code><Description>Gaussian CGS unit of displacement</Description></UOM>
    <UOM><Code>98</Code><Description>fifteen kg drum</Description></UOM>
    <UOM><Code>B27</Code><Description>kilocoulomb per cubic meter</Description></UOM>
    <UOM><Code>B61</Code><Description>lumen per watt</Description></UOM>
    <UOM><Code>B78</Code><Description>megavolt</Description></UOM>
    <UOM><Code>D9</Code><Description>dyne per square centimeter</Description></UOM>
    <UOM><Code>D19</Code><Description>square meter kelvin per watt</Description></UOM>
    <UOM><Code>C94</Code><Description>reciprocal minute</Description></UOM>
    <UOM><Code>C67</Code><Description>pascal second per meter</Description></UOM>
    <UOM><Code>D74</Code><Description>kilogram per mole</Description></UOM>
    <UOM><Code>C83</Code><Description>radian meter squared per kilogram</Description></UOM>
    <UOM><Code>B48</Code><Description>kilonewton meter</Description></UOM>
    <UOM><Code>BUA</Code><Description>bushel (US)</Description></UOM>
    <UOM><Code>D54</Code><Description>watt per square meter</Description></UOM>
    <UOM><Code>CGM</Code><Description>centigram</Description></UOM>
    <UOM><Code>B99</Code><Description>microsiemens</Description></UOM>
    <UOM><Code>D33</Code><Description>tesla</Description></UOM>
    <UOM><Code>BL</Code><Description>bale</Description></UOM>
    <UOM><Code>CLF</Code><Description>hundred leave</Description></UOM>
    <UOM><Code>GB</Code><Description>gallon (US) per day</Description></UOM>
    <UOM><Code>KSH</Code><Description>kilogram of sodium hydroxide (caustic soda)</Description></UOM>
    <UOM><Code>NQ</Code><Description>mho</Description></UOM>
    <UOM><Code>KB</Code><Description>kilocharacter</Description></UOM>
    <UOM><Code>GC</Code><Description>gram per 100 gram</Description></UOM>
    <UOM><Code>KEL</Code><Description>kelvin</Description></UOM>
    <UOM><Code>GRN</Code><Description>grain</Description></UOM>
    <UOM><Code>NG</Code><Description>net gallon (us)</Description></UOM>
    <UOM><Code>MBR</Code><Description>millibar</Description></UOM>
    <UOM><Code>KMQ</Code><Description>kilogram per cubic meter</Description></UOM>
    <UOM><Code>MK</Code><Description>milligram per square inch</Description></UOM>
    <UOM><Code>MD</Code><Description>air dry metric ton</Description></UOM>
    <UOM><Code>LK</Code><Description>link</Description></UOM>
    <UOM><Code>LP</Code><Description>liquid pound</Description></UOM>
    <UOM><Code>MTQ</Code><Description>cubic meter</Description></UOM>
    <UOM><Code>B7</Code><Description>cycle</Description></UOM>
    <UOM><Code>D50</Code><Description>volt per meter</Description></UOM>
    <UOM><Code>D44</Code><Description>var</Description></UOM>
    <UOM><Code>KHZ</Code><Description>kilohertz</Description></UOM>
    <UOM><Code>NPR</Code><Description>number of pairs</Description></UOM>
    <UOM><Code>DE</Code><Description>deal</Description></UOM>
    <UOM><Code>JB</Code><Description>jumbo</Description></UOM>
    <UOM><Code>MAL</Code><Description>mega litre</Description></UOM>
    <UOM><Code>E5</Code><Description>metric long ton</Description></UOM>
    <UOM><Code>DD</Code><Description>degree</Description></UOM>
    <UOM><Code>HUR</Code><Description>hour</Description></UOM>
    <UOM><Code>DAA</Code><Description>decare</Description></UOM>
    <UOM><Code>KMK</Code><Description>square kilometer</Description></UOM>
    <UOM><Code>GRT</Code><Description>gross register ton</Description></UOM>
    <UOM><Code>N2</Code><Description>number of lines</Description></UOM>
    <UOM><Code>GL</Code><Description>gram per litre</Description></UOM>
    <UOM><Code>MIK</Code><Description>square mile</Description></UOM>
    <UOM><Code>KD</Code><Description>kilogram decimal</Description></UOM>
    <UOM><Code>NR</Code><Description>micromho</Description></UOM>
    <UOM><Code>IV</Code><Description>inch per second squared (acceleration)</Description></UOM>
    <UOM><Code>FTQ</Code><Description>cubic foot</Description></UOM>
    <UOM><Code>LEF</Code><Description>leaf</Description></UOM>
    <UOM><Code>HBX</Code><Description>hundred boxes</Description></UOM>
    <UOM><Code>KMT</Code><Description>kilometer</Description></UOM>
    <UOM><Code>GRO</Code><Description>gross</Description></UOM>
    <UOM><Code>GV</Code><Description>gigajoule</Description></UOM>
    <UOM><Code>K6</Code><Description>kilolitre</Description></UOM>
    <UOM><Code>N1</Code><Description>pen calorie</Description></UOM>
    <UOM><Code>HT</Code><Description>half hour</Description></UOM>
    <UOM><Code>PI</Code><Description>pitch</Description></UOM>
    <UOM><Code>NX</Code><Description>part per thousand</Description></UOM>
    <UOM><Code>UB</Code><Description>telecommunication line in service average</Description></UOM>
    <UOM><Code>SP</Code><Description>shelf package</Description></UOM>
    <UOM><Code>UE</Code><Description>tenth hour</Description></UOM>
    <UOM><Code>UM</Code><Description>million unit</Description></UOM>
    <UOM><Code>STI</Code><Description>stone (UK)</Description></UOM>
    <UOM><Code>S7</Code><Description>storage unit</Description></UOM>
    <UOM><Code>P2</Code><Description>pound per foot</Description></UOM>
    <UOM><Code>P8</Code><Description>eight pack</Description></UOM>
    <UOM><Code>PD</Code><Description>pad</Description></UOM>
    <UOM><Code>OHM</Code><Description>ohm</Description></UOM>
    <UOM><Code>PK</Code><Description>pack</Description></UOM>
    <UOM><Code>OP</Code><Description>two pack</Description></UOM>
    <UOM><Code>PS</Code><Description>pound-force per square inch</Description></UOM>
    <UOM><Code>S6</Code><Description>session</Description></UOM>
    <UOM><Code>QK</Code><Description>quarter kilogram</Description></UOM>
    <UOM><Code>SEC</Code><Description>second</Description></UOM>
    <UOM><Code>RH</Code><Description>running or operating hour</Description></UOM>
    <UOM><Code>TQD</Code><Description>thousand cubic meter per day</Description></UOM>
    <UOM><Code>RM</Code><Description>ream</Description></UOM>
    <UOM><Code>P6</Code><Description>six pack</Description></UOM>
    <UOM><Code>TR</Code><Description>ten square feet</Description></UOM>
    <UOM><Code>SIE</Code><Description>siemens</Description></UOM>
    <UOM><Code>RN</Code><Description>ream metric measure</Description></UOM>
    <UOM><Code>RT</Code><Description>revenue ton mile</Description></UOM>
    <UOM><Code>DG</Code><Description>decigram</Description></UOM>
    <UOM><Code>MIN</Code><Description>minute</Description></UOM>
    <UOM><Code>Z6</Code><Description>conference point</Description></UOM>
    <UOM><Code>RL</Code><Description>reel</Description></UOM>
    <UOM><Code>PW</Code><Description>pound per inch of width</Description></UOM>
    <UOM><Code>TE</Code><Description>tote</Description></UOM>
    <UOM><Code>PB</Code><Description>pair inch</Description></UOM>
    <UOM><Code>QTL</Code><Description>liquid quart (US)</Description></UOM>
    <UOM><Code>4E</Code><Description>twenty pack</Description></UOM>
    <UOM><Code>5E</Code><Description>MMSCF/day</Description></UOM>
    <UOM><Code>ASU</Code><Description>alcoholic strength by volume</Description></UOM>
    <UOM><Code>4H</Code><Description>micrometer (micron)</Description></UOM>
    <UOM><Code>4M</Code><Description>milligram per hour</Description></UOM>
    <UOM><Code>1C</Code><Description>locomotive count</Description></UOM>
    <UOM><Code>34</Code><Description>kilopascals per millimeter</Description></UOM>
    <UOM><Code>37</Code><Description>ounce per square foot</Description></UOM>
    <UOM><Code>2R</Code><Description>kilocurie</Description></UOM>
    <UOM><Code>1I</Code><Description>fixed rate</Description></UOM>
    <UOM><Code>A41</Code><Description>ampere per square meter</Description></UOM>
    <UOM><Code>A75</Code><Description>freight ton</Description></UOM>
    <UOM><Code>B11</Code><Description>joule per kilogram kelvin</Description></UOM>
    <UOM><Code>B26</Code><Description>kilocoulomb</Description></UOM>
    <UOM><Code>AMP</Code><Description>ampere</Description></UOM>
    <UOM><Code>5B</Code><Description>batch</Description></UOM>
    <UOM><Code>A27</Code><Description>coulomb meter squared per volt</Description></UOM>
    <UOM><Code>91</Code><Description>stokes</Description></UOM>
    <UOM><Code>5H</Code><Description>stage</Description></UOM>
    <UOM><Code>5G</Code><Description>pump</Description></UOM>
    <UOM><Code>A20</Code><Description>British thermal unit per second square foot degree Rankin</Description></UOM>
    <UOM><Code>1A</Code><Description>car mile</Description></UOM>
    <UOM><Code>56</Code><Description>sitas</Description></UOM>
    <UOM><Code>46</Code><Description>fifty lb bulk bag</Description></UOM>
    <UOM><Code>A51</Code><Description>dyne second per centimeter</Description></UOM>
    <UOM><Code>B25</Code><Description>kilobecquerel per kilogram</Description></UOM>
    <UOM><Code>B44</Code><Description>kilojoule per mole</Description></UOM>
    <UOM><Code>B22</Code><Description>kiloampere</Description></UOM>
    <UOM><Code>B69</Code><Description>megacoulomb per cubic meter</Description></UOM>
    <UOM><Code>B84</Code><Description>microampere</Description></UOM>
    <UOM><Code>C30</Code><Description>millivolt per meter</Description></UOM>
    <UOM><Code>D90</Code><Description>cubic meter (net)</Description></UOM>
    <UOM><Code>D22</Code><Description>square meter per mole</Description></UOM>
    <UOM><Code>D94</Code><Description>second per radian cubic meter</Description></UOM>
    <UOM><Code>C41</Code><Description>nanofarad</Description></UOM>
    <UOM><Code>D75</Code><Description>International Table (IT) calorie per gram</Description></UOM>
    <UOM><Code>D28</Code><Description>syphon</Description></UOM>
    <UOM><Code>C66</Code><Description>pascal second per cubic meter</Description></UOM>
    <UOM><Code>C63</Code><Description>parsec</Description></UOM>
    <UOM><Code>CH</Code><Description>container</Description></UOM>
    <UOM><Code>CEN</Code><Description>hundred</Description></UOM>
    <UOM><Code>CLT</Code><Description>centilitre</Description></UOM>
    <UOM><Code>B97</Code><Description>microradian</Description></UOM>
    <UOM><Code>D31</Code><Description>terawatt</Description></UOM>
    <UOM><Code>C17</Code><Description>millimeter squared per second</Description></UOM>
    <UOM><Code>D61</Code><Description>minute</Description></UOM>
    <UOM><Code>BAR</Code><Description>bar</Description></UOM>
    <UOM><Code>CZ</Code><Description>combo</Description></UOM>
    <UOM><Code>D35</Code><Description>thermochemical calorie</Description></UOM>
    <UOM><Code>4T</Code><Description>picofarad</Description></UOM>
    <UOM><Code>5I</Code><Description>standard cubic foot</Description></UOM>
    <UOM><Code>A16</Code><Description>barn per steradian electron volt</Description></UOM>
    <UOM><Code>61</Code><Description>part per billion (US)</Description></UOM>
    <UOM><Code>57</Code><Description>mesh</Description></UOM>
    <UOM><Code>45</Code><Description>threehundred kg bulk bag</Description></UOM>
    <UOM><Code>A94</Code><Description>gram per mole</Description></UOM>
    <UOM><Code>15</Code><Description>stick</Description></UOM>
    <UOM><Code>B73</Code><Description>meganewton</Description></UOM>
    <UOM><Code>C35</Code><Description>mole per cubic decimeter</Description></UOM>
    <UOM><Code>C97</Code><Description>reciprocal second</Description></UOM>
    <UOM><Code>CA</Code><Description>can</Description></UOM>
    <UOM><Code>D66</Code><Description>cassette</Description></UOM>
    <UOM><Code>B50</Code><Description>kiloohm meter</Description></UOM>
    <UOM><Code>M9</Code><Description>million Btu per 1000 cubic feet</Description></UOM>
    <UOM><Code>KPP</Code><Description>kilogram of phosphorus pentoxide (phosphoric anhydride)</Description></UOM>
    <UOM><Code>FTK</Code><Description>square foot</Description></UOM>
    <UOM><Code>DMT</Code><Description>decimeter</Description></UOM>
    <UOM><Code>GLL</Code><Description>gallon (US)</Description></UOM>
    <UOM><Code>KSD</Code><Description>kilogram of substance 90 % dry</Description></UOM>
    <UOM><Code>G3</Code><Description>Imperial gallon per minute</Description></UOM>
    <UOM><Code>KTN</Code><Description>kilotonne</Description></UOM>
    <UOM><Code>DRL</Code><Description>dozen roll</Description></UOM>
    <UOM><Code>KL</Code><Description>kilogram per meter</Description></UOM>
    <UOM><Code>MTS</Code><Description>meter per second</Description></UOM>
    <UOM><Code>KNS</Code><Description>kilogram named substance</Description></UOM>
    <UOM><Code>DJ</Code><Description>decagram</Description></UOM>
    <UOM><Code>HY</Code><Description>hundred yard</Description></UOM>
    <UOM><Code>GFI</Code><Description>gram of fissile isotope</Description></UOM>
    <UOM><Code>IE</Code><Description>person</Description></UOM>
    <UOM><Code>GIA</Code><Description>gill (US)</Description></UOM>
    <UOM><Code>KJ</Code><Description>kilosegment</Description></UOM>
    <UOM><Code>BP</Code><Description>hundred board feet</Description></UOM>
    <UOM><Code>C84</Code><Description>radian per meter</Description></UOM>
    <UOM><Code>D62</Code><Description>second</Description></UOM>
    <UOM><Code>D41</Code><Description>tonne per cubic meter</Description></UOM>
    <UOM><Code>C23</Code><Description>milliohm meter</Description></UOM>
    <UOM><Code>C95</Code><Description>reciprocal mole</Description></UOM>
    <UOM><Code>C47</Code><Description>nanosecond</Description></UOM>
    <UOM><Code>FOT</Code><Description>foot</Description></UOM>
    <UOM><Code>JOU</Code><Description>joule</Description></UOM>
    <UOM><Code>NCL</Code><Description>number of cells</Description></UOM>
    <UOM><Code>MMQ</Code><Description>cubic millimeter</Description></UOM>
    <UOM><Code>M7</Code><Description>micro-inch</Description></UOM>
    <UOM><Code>DX</Code><Description>dyne per centimeter</Description></UOM>
    <UOM><Code>MQS</Code><Description>cubic meter per second</Description></UOM>
    <UOM><Code>KWT</Code><Description>kilowatt</Description></UOM>
    <UOM><Code>INH</Code><Description>inch</Description></UOM>
    <UOM><Code>LX</Code><Description>linear yard per pound</Description></UOM>
    <UOM><Code>MLD</Code><Description>billion (US)/milliard</Description></UOM>
    <UOM><Code>FS</Code><Description>foot per second</Description></UOM>
    <UOM><Code>KNT</Code><Description>knot</Description></UOM>
    <UOM><Code>R4</Code><Description>calorie</Description></UOM>
    <UOM><Code>TN</Code><Description>tin</Description></UOM>
    <UOM><Code>WR</Code><Description>wrap</Description></UOM>
    <UOM><Code>UC</Code><Description>telecommunication port</Description></UOM>
    <UOM><Code>YDQ</Code><Description>cubic yard</Description></UOM>
    <UOM><Code>PT</Code><Description>pint (US)</Description></UOM>
    <UOM><Code>RG</Code><Description>ring</Description></UOM>
    <UOM><Code>RD</Code><Description>rod</Description></UOM>
    <UOM><Code>VI</Code><Description>vial</Description></UOM>
    <UOM><Code>WI</Code><Description>weight per square inch</Description></UOM>
    <UOM><Code>RK</Code><Description>roll metric measure</Description></UOM>
    <UOM><Code>T6</Code><Description>thousand gallon (US)</Description></UOM>
    <UOM><Code>TA</Code><Description>tenth cubic foot</Description></UOM>
    <UOM><Code>QB</Code><Description>page - hardcopy</Description></UOM>
    <UOM><Code>OZA</Code><Description>fluid ounce (US)</Description></UOM>
    <UOM><Code>Z2</Code><Description>chest</Description></UOM>
    <UOM><Code>WEB</Code><Description>weber</Description></UOM>
    <UOM><Code>SV</Code><Description>skid</Description></UOM>
    <UOM><Code>SCR</Code><Description>scruple</Description></UOM>
    <UOM><Code>TP</Code><Description>ten pack</Description></UOM>
    <UOM><Code>PA</Code><Description>packet</Description></UOM>
    <UOM><Code>SMI</Code><Description>mile (statute mile)</Description></UOM>
    <UOM><Code>YT</Code><Description>ten yard</Description></UOM>
    <UOM><Code>WHR</Code><Description>watt hour</Description></UOM>
    <UOM><Code>1J</Code><Description>ton mile</Description></UOM>
    <UOM><Code>1M</Code><Description>total car mile</Description></UOM>
    <UOM><Code>2P</Code><Description>kilobyte</Description></UOM>
    <UOM><Code>B34</Code><Description>kilogram per cubic decimeter</Description></UOM>
    <UOM><Code>3E</Code><Description>pound per pound of product</Description></UOM>
    <UOM><Code>AZ</Code><Description>British thermal unit per pound</Description></UOM>
    <UOM><Code>A78</Code><Description>Gaussian CGS unit of electric current</Description></UOM>
    <UOM><Code>69</Code><Description>test specific scale</Description></UOM>
    <UOM><Code>A44</Code><Description>decalitre</Description></UOM>
    <UOM><Code>A80</Code><Description>Gaussian CGS unit of electric field strength</Description></UOM>
    <UOM><Code>3G</Code><Description>pound per piece of product</Description></UOM>
    <UOM><Code>A64</Code><Description>erg per second square centimeter</Description></UOM>
    <UOM><Code>26</Code><Description>actual ton</Description></UOM>
    <UOM><Code>A7</Code><Description>ampere per square millimeter</Description></UOM>
    <UOM><Code>4W</Code><Description>ton(US) per hour</Description></UOM>
    <UOM><Code>58</Code><Description>net kilogram</Description></UOM>
    <UOM><Code>A69</Code><Description>farad per meter</Description></UOM>
    <UOM><Code>A18</Code><Description>becquerel per kilogram</Description></UOM>
    <UOM><Code>30</Code><Description>horse power day per air dry metric ton</Description></UOM>
    <UOM><Code>A76</Code><Description>gal</Description></UOM>
    <UOM><Code>93</Code><Description>calorie per gram</Description></UOM>
    <UOM><Code>5J</Code><Description>hydraulic horse power</Description></UOM>
    <UOM><Code>A45</Code><Description>decameter</Description></UOM>
    <UOM><Code>36</Code><Description>cubic feet per minute per square foot</Description></UOM>
    <UOM><Code>A81</Code><Description>Gaussian CGS unit of electric polarization</Description></UOM>
    <UOM><Code>62</Code><Description>percent per 1000 hour</Description></UOM>
    <UOM><Code>A26</Code><Description>coulomb meter</Description></UOM>
    <UOM><Code>3B</Code><Description>megajoule</Description></UOM>
    <UOM><Code>4X</Code><Description>kilolitre per hour</Description></UOM>
    <UOM><Code>A84</Code><Description>gigacoulomb per cubic meter</Description></UOM>
    <UOM><Code>C73</Code><Description>picohenry</Description></UOM>
    <UOM><Code>D49</Code><Description>millivolt per kelvin</Description></UOM>
    <UOM><Code>C82</Code><Description>radian meter squared per mole</Description></UOM>
    <UOM><Code>C13</Code><Description>milligray</Description></UOM>
    <UOM><Code>D26</Code><Description>square meter per volt second</Description></UOM>
    <UOM><Code>D45</Code><Description>volt squared per kelvin squared</Description></UOM>
    <UOM><Code>D93</Code><Description>second per cubic meter</Description></UOM>
    <UOM><Code>D5</Code><Description>kilogram per square centimeter</Description></UOM>
    <UOM><Code>D20</Code><Description>square meter per joule</Description></UOM>
    <UOM><Code>BHP</Code><Description>brake horse power</Description></UOM>
    <UOM><Code>BLD</Code><Description>dry barrel (US)</Description></UOM>
    <UOM><Code>CR</Code><Description>crate</Description></UOM>
    <UOM><Code>D73</Code><Description>joule square meter</Description></UOM>
    <UOM><Code>D91</Code><Description>rem</Description></UOM>
    <UOM><Code>B58</Code><Description>litre per mole</Description></UOM>
    <UOM><Code>C22</Code><Description>millinewton per meter</Description></UOM>
    <UOM><Code>BQL</Code><Description>becquerel</Description></UOM>
    <UOM><Code>C10</Code><Description>millifarad</Description></UOM>
    <UOM><Code>BUI</Code><Description>bushel (UK)</Description></UOM>
    <UOM><Code>A88</Code><Description>gigaohm meter</Description></UOM>
    <UOM><Code>2Q</Code><Description>kilobecquerel</Description></UOM>
    <UOM><Code>A68</Code><Description>exajoule</Description></UOM>
    <UOM><Code>ATM</Code><Description>standard atmosphere</Description></UOM>
    <UOM><Code>13</Code><Description>ration</Description></UOM>
    <UOM><Code>64</Code><Description>pound per square inch, gauge</Description></UOM>
    <UOM><Code>59</Code><Description>part per million</Description></UOM>
    <UOM><Code>74</Code><Description>millipascal</Description></UOM>
    <UOM><Code>A56</Code><Description>electronvolt square meter per kilogram</Description></UOM>
    <UOM><Code>B93</Code><Description>micronewton meter</Description></UOM>
    <UOM><Code>C86</Code><Description>reciprocal cubic meter</Description></UOM>
    <UOM><Code>D69</Code><Description>inch to the fourth power</Description></UOM>
    <UOM><Code>D85</Code><Description>microwatt per square meter</Description></UOM>
    <UOM><Code>C15</Code><Description>millijoule</Description></UOM>
    <UOM><Code>C3</Code><Description>microvolt per meter</Description></UOM>
    <UOM><Code>CNT</Code><Description>cental (UK)</Description></UOM>
    <UOM><Code>CT</Code><Description>carton</Description></UOM>
    <UOM><Code>C32</Code><Description>milliwatt per square meter</Description></UOM>
    <UOM><Code>B53</Code><Description>kilosiemens</Description></UOM>
    <UOM><Code>C59</Code><Description>octave</Description></UOM>
    <UOM><Code>BO</Code><Description>bottle</Description></UOM>
    <UOM><Code>B75</Code><Description>megaohm</Description></UOM>
    <UOM><Code>BIL</Code><Description>trillion (US)</Description></UOM>
    <UOM><Code>BD</Code><Description>board</Description></UOM>
    <UOM><Code>D37</Code><Description>thermochemical calorie per gram kelvin</Description></UOM>
    <UOM><Code>KBA</Code><Description>kilobar</Description></UOM>
    <UOM><Code>DY</Code><Description>directory book</Description></UOM>
    <UOM><Code>DPR</Code><Description>dozen pair</Description></UOM>
    <UOM><Code>GF</Code><Description>gram per meter (gram per 100 centimeters)</Description></UOM>
    <UOM><Code>NIU</Code><Description>number of international units</Description></UOM>
    <UOM><Code>DB</Code><Description>dry pound</Description></UOM>
    <UOM><Code>IF</Code><Description>inches of water</Description></UOM>
    <UOM><Code>IM</Code><Description>impression</Description></UOM>
    <UOM><Code>NF</Code><Description>message</Description></UOM>
    <UOM><Code>HGM</Code><Description>hectogram</Description></UOM>
    <UOM><Code>KGS</Code><Description>kilogram per second</Description></UOM>
    <UOM><Code>IL</Code><Description>inch per minute</Description></UOM>
    <UOM><Code>GK</Code><Description>gram per kilogram</Description></UOM>
    <UOM><Code>CKG</Code><Description>coulomb per kilogram</Description></UOM>
    <UOM><Code>C14</Code><Description>millihenry</Description></UOM>
    <UOM><Code>B52</Code><Description>kilosecond</Description></UOM>
    <UOM><Code>B89</Code><Description>microfarad per meter</Description></UOM>
    <UOM><Code>NPT</Code><Description>number of parts</Description></UOM>
    <UOM><Code>MIL</Code><Description>thousand</Description></UOM>
    <UOM><Code>KVR</Code><Description>kilovar</Description></UOM>
    <UOM><Code>DI</Code><Description>dispenser</Description></UOM>
    <UOM><Code>LO</Code><Description>lot</Description></UOM>
    <UOM><Code>GRM</Code><Description>gram</Description></UOM>
    <UOM><Code>JR</Code><Description>jar</Description></UOM>
    <UOM><Code>GE</Code><Description>pound per gallon (US)</Description></UOM>
    <UOM><Code>II</Code><Description>column inch</Description></UOM>
    <UOM><Code>DPT</Code><Description>displacement tonnage</Description></UOM>
    <UOM><Code>KPO</Code><Description>kilogram of potassium oxide</Description></UOM>
    <UOM><Code>MIO</Code><Description>million</Description></UOM>
    <UOM><Code>LY</Code><Description>linear yard</Description></UOM>
    <UOM><Code>F9</Code><Description>fibre per cubic centimeter of air</Description></UOM>
    <UOM><Code>D97</Code><Description>pallet/unit load</Description></UOM>
    <UOM><Code>HL</Code><Description>hundred feet (linear)</Description></UOM>
    <UOM><Code>KMH</Code><Description>kilometer per hour</Description></UOM>
    <UOM><Code>GY</Code><Description>gross yard</Description></UOM>
    <UOM><Code>ONZ</Code><Description>ounce</Description></UOM>
    <UOM><Code>UF</Code><Description>usage per telecommunication line average</Description></UOM>
    <UOM><Code>RU</Code><Description>run</Description></UOM>
    <UOM><Code>VA</Code><Description>volt ampere per kilogram</Description></UOM>
    <UOM><Code>PTL</Code><Description>liquid pint (US)</Description></UOM>
    <UOM><Code>SX</Code><Description>shipment</Description></UOM>
    <UOM><Code>SS</Code><Description>sheet metric measure</Description></UOM>
    <UOM><Code>SD</Code><Description>solid pound</Description></UOM>
    <UOM><Code>PR</Code><Description>pair</Description></UOM>
    <UOM><Code>Z1</Code><Description>lift van</Description></UOM>
    <UOM><Code>VLT</Code><Description>volt</Description></UOM>
    <UOM><Code>P1</Code><Description>percent</Description></UOM>
    <UOM><Code>QTD</Code><Description>dry quart (US)</Description></UOM>
    <UOM><Code>QTR</Code><Description>quarter (UK)</Description></UOM>
    <UOM><Code>ZP</Code><Description>page</Description></UOM>
    <UOM><Code>P4</Code><Description>four pack</Description></UOM>
    <UOM><Code>TU</Code><Description>tube</Description></UOM>
    <UOM><Code>SHT</Code><Description>shipping ton</Description></UOM>
    <UOM><Code>T4</Code><Description>thousand bag</Description></UOM>
    <UOM><Code>TV</Code><Description>thousand kilogram</Description></UOM>
    <UOM><Code>T8</Code><Description>thousand linear inch</Description></UOM>
    <UOM><Code>FM</Code><Description>million cubic feet</Description></UOM>
    <UOM><Code>TT</Code><Description>thousand linear meter</Description></UOM>
    <UOM><Code>RO</Code><Description>roll</Description></UOM>
    <UOM><Code>A66</Code><Description>erg square centimeter</Description></UOM>
    <UOM><Code>4K</Code><Description>milliampere</Description></UOM>
    <UOM><Code>AE</Code><Description>ampere per meter</Description></UOM>
    <UOM><Code>2N</Code><Description>decibel</Description></UOM>
    <UOM><Code>1F</Code><Description>train mile</Description></UOM>
    <UOM><Code>2W</Code><Description>bin</Description></UOM>
    <UOM><Code>20</Code><Description>twenty foot container</Description></UOM>
    <UOM><Code>A38</Code><Description>cubic meter per coulomb</Description></UOM>
    <UOM><Code>A35</Code><Description>coulomb per square millimeter</Description></UOM>
    <UOM><Code>54</Code><Description>theoretical tonne</Description></UOM>
    <UOM><Code>06</Code><Description>small spray</Description></UOM>
    <UOM><Code>A93</Code><Description>gram per cubic meter</Description></UOM>
    <UOM><Code>AV</Code><Description>capsule</Description></UOM>
    <UOM><Code>19</Code><Description>tank truck</Description></UOM>
    <UOM><Code>A3</Code><Description>ampere per millimeter</Description></UOM>
    <UOM><Code>AR</Code><Description>suppository</Description></UOM>
    <UOM><Code>85</Code><Description>foot pound-force</Description></UOM>
    <UOM><Code>2X</Code><Description>meter per minute</Description></UOM>
    <UOM><Code>4Q</Code><Description>ounce inch</Description></UOM>
    <UOM><Code>B4</Code><Description>barrel, imperial</Description></UOM>
    <UOM><Code>3H</Code><Description>kilogram per kilogram of product</Description></UOM>
    <UOM><Code>A29</Code><Description>coulomb per cubic meter</Description></UOM>
    <UOM><Code>1G</Code><Description>fuel usage gallon (US)</Description></UOM>
    <UOM><Code>2I</Code><Description>British thermal unit per hour</Description></UOM>
    <UOM><Code>C49</Code><Description>nanowatt</Description></UOM>
    <UOM><Code>C4</Code><Description>carload</Description></UOM>
    <UOM><Code>D76</Code><Description>International Table (IT) calorie per gram kelvin</Description></UOM>
    <UOM><Code>B71</Code><Description>megaelectronvolt</Description></UOM>
    <UOM><Code>C72</Code><Description>picofarad per meter</Description></UOM>
    <UOM><Code>C65</Code><Description>pascal second</Description></UOM>
    <UOM><Code>C76</Code><Description>picowatt per square meter</Description></UOM>
    <UOM><Code>C88</Code><Description>reciprocal electron volt per cubic meter</Description></UOM>
    <UOM><Code>C36</Code><Description>mole per cubic meter</Description></UOM>
    <UOM><Code>CS</Code><Description>case</Description></UOM>
    <UOM><Code>B47</Code><Description>kilonewton</Description></UOM>
    <UOM><Code>B60</Code><Description>lumen per square meter</Description></UOM>
    <UOM><Code>B55</Code><Description>kilovolt per meter</Description></UOM>
    <UOM><Code>BFT</Code><Description>board foot</Description></UOM>
    <UOM><Code>B92</Code><Description>micronewton</Description></UOM>
    <UOM><Code>C87</Code><Description>reciprocal cubic meter per second</Description></UOM>
    <UOM><Code>C58</Code><Description>newton second per meter</Description></UOM>
    <UOM><Code>D86</Code><Description>millicoulomb</Description></UOM>
    <UOM><Code>D10</Code><Description>siemens per meter</Description></UOM>
    <UOM><Code>B94</Code><Description>microohm</Description></UOM>
    <UOM><Code>D64</Code><Description>block</Description></UOM>
    <UOM><Code>BK</Code><Description>basket</Description></UOM>
    <UOM><Code>A14</Code><Description>barn</Description></UOM>
    <UOM><Code>AY</Code><Description>assembly</Description></UOM>
    <UOM><Code>53</Code><Description>theoretical kilograms</Description></UOM>
    <UOM><Code>ANN</Code><Description>year</Description></UOM>
    <UOM><Code>B39</Code><Description>kilogram-force meter per second</Description></UOM>
    <UOM><Code>B14</Code><Description>joule per meter to the fourth power</Description></UOM>
    <UOM><Code>B1</Code><Description>barrel (US) per day</Description></UOM>
    <UOM><Code>1K</Code><Description>locomotive mile</Description></UOM>
    <UOM><Code>AQ</Code><Description>anti-hemophilic factor (AHF) unit</Description></UOM>
    <UOM><Code>89</Code><Description>poise</Description></UOM>
    <UOM><Code>43</Code><Description>super bulk bag</Description></UOM>
    <UOM><Code>A97</Code><Description>hectopascal</Description></UOM>
    <UOM><Code>A74</Code><Description>foot pound-force per second</Description></UOM>
    <UOM><Code>95</Code><Description>twenty thousand gallon (US) tankcar</Description></UOM>
    <UOM><Code>35</Code><Description>millilitres per square centimeter second</Description></UOM>
    <UOM><Code>A33</Code><Description>coulomb per square centimeter</Description></UOM>
    <UOM><Code>AB</Code><Description>bulk pack</Description></UOM>
    <UOM><Code>D46</Code><Description>volt - ampere</Description></UOM>
    <UOM><Code>D51</Code><Description>volt per millimeter</Description></UOM>
    <UOM><Code>C51</Code><Description>neper per second</Description></UOM>
    <UOM><Code>B67</Code><Description>megabecquerel per kilogram</Description></UOM>
    <UOM><Code>D27</Code><Description>steradian</Description></UOM>
    <UOM><Code>BG</Code><Description>bag</Description></UOM>
    <UOM><Code>C54</Code><Description>newton meter squared kilogram squared</Description></UOM>
    <UOM><Code>D16</Code><Description>square centimeter per erg</Description></UOM>
    <UOM><Code>KR</Code><Description>kiloröntgen</Description></UOM>
    <UOM><Code>HM</Code><Description>mile per hour</Description></UOM>
    <UOM><Code>HK</Code><Description>hundred kilogram</Description></UOM>
    <UOM><Code>GO</Code><Description>milligrams per square meter</Description></UOM>
    <UOM><Code>NAR</Code><Description>number of articles</Description></UOM>
    <UOM><Code>NE</Code><Description>net litre</Description></UOM>
    <UOM><Code>JE</Code><Description>joule per kelvin</Description></UOM>
    <UOM><Code>F1</Code><Description>thousand cubic feet per day</Description></UOM>
    <UOM><Code>MA</Code><Description>machine per unit</Description></UOM>
    <UOM><Code>FAR</Code><Description>farad</Description></UOM>
    <UOM><Code>IA</Code><Description>inch pound (pound inch)</Description></UOM>
    <UOM><Code>LUM</Code><Description>lumen</Description></UOM>
    <UOM><Code>MAM</Code><Description>megameter</Description></UOM>
    <UOM><Code>LH</Code><Description>labour hour</Description></UOM>
    <UOM><Code>FH</Code><Description>micromole</Description></UOM>
    <UOM><Code>MCU</Code><Description>millicurie</Description></UOM>
    <UOM><Code>MLT</Code><Description>millilitre</Description></UOM>
    <UOM><Code>DPC</Code><Description>dozen piece</Description></UOM>
    <UOM><Code>GN</Code><Description>gross gallon</Description></UOM>
    <UOM><Code>E4</Code><Description>gross kilogram</Description></UOM>
    <UOM><Code>DQ</Code><Description>data record</Description></UOM>
    <UOM><Code>B63</Code><Description>lux hour</Description></UOM>
    <UOM><Code>BLL</Code><Description>barrel (US) (petroleum etc.)</Description></UOM>
    <UOM><Code>D67</Code><Description>dollar per hour</Description></UOM>
    <UOM><Code>D70</Code><Description>International Table (IT) calorie</Description></UOM>
    <UOM><Code>NU</Code><Description>newton meter</Description></UOM>
    <UOM><Code>GLI</Code><Description>gallon (UK)</Description></UOM>
    <UOM><Code>HS</Code><Description>hundred square feet</Description></UOM>
    <UOM><Code>LM</Code><Description>linear meter</Description></UOM>
    <UOM><Code>HH</Code><Description>hundred cubic feet</Description></UOM>
    <UOM><Code>NH</Code><Description>message hour</Description></UOM>
    <UOM><Code>GBQ</Code><Description>gigabecquerel</Description></UOM>
    <UOM><Code>MTR</Code><Description>meter</Description></UOM>
    <UOM><Code>HLT</Code><Description>hectolitre</Description></UOM>
    <UOM><Code>EV</Code><Description>envelope</Description></UOM>
    <UOM><Code>K3</Code><Description>kilovolt ampere reactive hour</Description></UOM>
    <UOM><Code>GGR</Code><Description>great gross</Description></UOM>
    <UOM><Code>NEW</Code><Description>newton</Description></UOM>
    <UOM><Code>MF</Code><Description>milligram per square foot per side</Description></UOM>
    <UOM><Code>MVA</Code><Description>megavolt - ampere</Description></UOM>
    <UOM><Code>MC</Code><Description>microgram</Description></UOM>
    <UOM><Code>GM</Code><Description>gram per square meter</Description></UOM>
    <UOM><Code>DAY</Code><Description>day</Description></UOM>
    <UOM><Code>DEC</Code><Description>decade</Description></UOM>
    <UOM><Code>G2</Code><Description>US gallon per minute</Description></UOM>
    <UOM><Code>DZN</Code><Description>dozen</Description></UOM>
    <UOM><Code>SCO</Code><Description>score</Description></UOM>
    <UOM><Code>T7</Code><Description>thousand impression</Description></UOM>
    <UOM><Code>OT</Code><Description>overtime hour</Description></UOM>
    <UOM><Code>TNE</Code><Description>metric ton</Description></UOM>
    <UOM><Code>Z4</Code><Description>hogshead</Description></UOM>
    <UOM><Code>WSD</Code><Description>standard</Description></UOM>
    <UOM><Code>X1</Code><Description>chain</Description></UOM>
    <UOM><Code>PTI</Code><Description>pint (UK)</Description></UOM>
    <UOM><Code>TQ</Code><Description>thousand feet</Description></UOM>
    <UOM><Code>SO</Code><Description>spool</Description></UOM>
    <UOM><Code>NY</Code><Description>pound per air dry metric ton</Description></UOM>
    <UOM><Code>YDK</Code><Description>square yard</Description></UOM>
    <UOM><Code>UD</Code><Description>tenth minute</Description></UOM>
    <UOM><Code>PN</Code><Description>pound net</Description></UOM>
    <UOM><Code>WB</Code><Description>wet pound</Description></UOM>
    <UOM><Code>T0</Code><Description>telecommunication line in service</Description></UOM>
    <UOM><Code>R9</Code><Description>thousand cubic meter</Description></UOM>
    <UOM><Code>PE</Code><Description>pound equivalent</Description></UOM>
    <UOM><Code>K1</Code><Description>kilowatt demand</Description></UOM>
    <UOM><Code>LN</Code><Description>length</Description></UOM>
    <UOM><Code>N3</Code><Description>print point</Description></UOM>
    <UOM><Code>QR</Code><Description>quire</Description></UOM>
    <UOM><Code>QD</Code><Description>quarter dozen</Description></UOM>
    <UOM><Code>SK</Code><Description>split tanktruck</Description></UOM>
    <UOM><Code>SN</Code><Description>square rod</Description></UOM>
    <UOM><Code>TPR</Code><Description>ten pair</Description></UOM>
    <UOM><Code>80</Code><Description>pounds per square inch absolute</Description></UOM>
    <UOM><Code>A37</Code><Description>cubic decimeter per mole</Description></UOM>
    <UOM><Code>A71</Code><Description>femtometer</Description></UOM>
    <UOM><Code>38</Code><Description>ounces per square foot per 0.01 inch</Description></UOM>
    <UOM><Code>2K</Code><Description>cubic foot per hour</Description></UOM>
    <UOM><Code>5K</Code><Description>count per minute</Description></UOM>
    <UOM><Code>AA</Code><Description>ball</Description></UOM>
    <UOM><Code>B35</Code><Description>kilogram per litre</Description></UOM>
    <UOM><Code>63</Code><Description>failure rate in time</Description></UOM>
    <UOM><Code>A19</Code><Description>becquerel per meter cubed</Description></UOM>
    <UOM><Code>B29</Code><Description>kiloelectronvolt</Description></UOM>
    <UOM><Code>B23</Code><Description>kiloampere per square meter</Description></UOM>
    <UOM><Code>4R</Code><Description>ounce foot</Description></UOM>
    <UOM><Code>A21</Code><Description>British thermal unit per pound degree Rankin</Description></UOM>
    <UOM><Code>ARE</Code><Description>are</Description></UOM>
    <UOM><Code>B13</Code><Description>joule per square meter</Description></UOM>
    <UOM><Code>77</Code><Description>milli-inch</Description></UOM>
    <UOM><Code>40</Code><Description>millilitre per second</Description></UOM>
    <UOM><Code>A67</Code><Description>erg square centimeter per gram</Description></UOM>
    <UOM><Code>11</Code><Description>outfit</Description></UOM>
    <UOM><Code>21</Code><Description>forty foot container</Description></UOM>
    <UOM><Code>A42</Code><Description>curie per kilogram</Description></UOM>
    <UOM><Code>33</Code><Description>kilopascal square meters per gram</Description></UOM>
    <UOM><Code>27</Code><Description>theoretical ton</Description></UOM>
    <UOM><Code>AMH</Code><Description>ampere hour</Description></UOM>
    <UOM><Code>5A</Code><Description>barrel per minute</Description></UOM>
    <UOM><Code>CU</Code><Description>cup</Description></UOM>
    <UOM><Code>C62</Code><Description>one</Description></UOM>
    <UOM><Code>D29</Code><Description>terahertz</Description></UOM>
    <UOM><Code>D81</Code><Description>microtesla</Description></UOM>
    <UOM><Code>C6</Code><Description>cell</Description></UOM>
    <UOM><Code>CDL</Code><Description>candela</Description></UOM>
    <UOM><Code>D23</Code><Description>pen gram (protein)</Description></UOM>
    <UOM><Code>C26</Code><Description>millisecond</Description></UOM>
    <UOM><Code>D96</Code><Description>pound gross</Description></UOM>
    <UOM><Code>B83</Code><Description>meter to the fourth power</Description></UOM>
    <UOM><Code>C98</Code><Description>reciprocal second per cubic meter</Description></UOM>
    <UOM><Code>CCT</Code><Description>carrying capacity in metric ton</Description></UOM>
    <UOM><Code>C69</Code><Description>phon</Description></UOM>
    <UOM><Code>D53</Code><Description>watt per meter kelvin</Description></UOM>
    <UOM><Code>BH</Code><Description>brush</Description></UOM>
    <UOM><Code>C9</Code><Description>coil group</Description></UOM>
    <UOM><Code>C56</Code><Description>newton per square millimeter</Description></UOM>
    <UOM><Code>B74</Code><Description>meganewton meter</Description></UOM>
    <UOM><Code>B8</Code><Description>joule per cubic meter</Description></UOM>
    <UOM><Code>B98</Code><Description>microsecond</Description></UOM>
    <UOM><Code>4P</Code><Description>newton per meter</Description></UOM>
    <UOM><Code>2M</Code><Description>centimeter per second</Description></UOM>
    <UOM><Code>1H</Code><Description>caboose mile</Description></UOM>
    <UOM><Code>A22</Code><Description>British thermal unit per second foot degree Rankin</Description></UOM>
    <UOM><Code>A25</Code><Description>cheval vapeur</Description></UOM>
    <UOM><Code>A28</Code><Description>coulomb per cubic centimeter</Description></UOM>
    <UOM><Code>A70</Code><Description>femtojoule</Description></UOM>
    <UOM><Code>72</Code><Description>watt per pound</Description></UOM>
    <UOM><Code>A30</Code><Description>coulomb per cubic millimeter</Description></UOM>
    <UOM><Code>B24</Code><Description>kiloampere per meter</Description></UOM>
    <UOM><Code>25</Code><Description>gram per square centimeter</Description></UOM>
    <UOM><Code>D21</Code><Description>square meter per kilogram</Description></UOM>
    <UOM><Code>BX</Code><Description>box</Description></UOM>
    <UOM><Code>D80</Code><Description>microwatt</Description></UOM>
    <UOM><Code>C77</Code><Description>pound gage</Description></UOM>
    <UOM><Code>D77</Code><Description>megacoulomb</Description></UOM>
    <UOM><Code>B59</Code><Description>lumen hour</Description></UOM>
    <UOM><Code>D60</Code><Description>weber per millimeter</Description></UOM>
    <UOM><Code>B96</Code><Description>micropascal</Description></UOM>
    <UOM><Code>C1</Code><Description>composite product pound (total weight)</Description></UOM>
    <UOM><Code>C46</Code><Description>nanoohm meter</Description></UOM>
    <UOM><Code>D92</Code><Description>band</Description></UOM>
    <UOM><Code>LPA</Code><Description>litre of pure alcohol</Description></UOM>
    <UOM><Code>EA</Code><Description>each</Description></UOM>
    <UOM><Code>EP</Code><Description>eleven pack</Description></UOM>
    <UOM><Code>DR</Code><Description>drum</Description></UOM>
    <UOM><Code>LF</Code><Description>linear foot</Description></UOM>
    <UOM><Code>HPA</Code><Description>hectolitre of pure alcohol</Description></UOM>
    <UOM><Code>JO</Code><Description>joint</Description></UOM>
    <UOM><Code>HAR</Code><Description>hectare</Description></UOM>
    <UOM><Code>NMI</Code><Description>nautical mile</Description></UOM>
    <UOM><Code>DT</Code><Description>dry ton</Description></UOM>
    <UOM><Code>DAD</Code><Description>ten day</Description></UOM>
    <UOM><Code>DC</Code><Description>disk (disc)</Description></UOM>
    <UOM><Code>FB</Code><Description>field</Description></UOM>
    <UOM><Code>NN</Code><Description>train</Description></UOM>
    <UOM><Code>DS</Code><Description>display</Description></UOM>
    <UOM><Code>C34</Code><Description>mole</Description></UOM>
    <UOM><Code>C11</Code><Description>milligal</Description></UOM>
    <UOM><Code>D6</Code><Description>röntgen per second</Description></UOM>
    <UOM><Code>C75</Code><Description>picowatt</Description></UOM>
    <UOM><Code>C5</Code><Description>cost</Description></UOM>
    <UOM><Code>EB</Code><Description>electronic mail box</Description></UOM>
    <UOM><Code>HE</Code><Description>hundredth of a carat</Description></UOM>
    <UOM><Code>MTK</Code><Description>square meter</Description></UOM>
    <UOM><Code>DMK</Code><Description>square decimeter</Description></UOM>
    <UOM><Code>DN</Code><Description>decinewton meter</Description></UOM>
    <UOM><Code>KA</Code><Description>cake</Description></UOM>
    <UOM><Code>FF</Code><Description>hundred cubic meter</Description></UOM>
    <UOM><Code>NB</Code><Description>barge</Description></UOM>
    <UOM><Code>LA</Code><Description>pound per cubic inch</Description></UOM>
    <UOM><Code>DRI</Code><Description>dram (UK)</Description></UOM>
    <UOM><Code>M4</Code><Description>monetary value</Description></UOM>
    <UOM><Code>L2</Code><Description>litre per minute</Description></UOM>
    <UOM><Code>RPS</Code><Description>revolutions per second</Description></UOM>
    <UOM><Code>PQ</Code><Description>page per inch</Description></UOM>
    <UOM><Code>P7</Code><Description>seven pack</Description></UOM>
    <UOM><Code>VQ</Code><Description>bulk</Description></UOM>
    <UOM><Code>QH</Code><Description>quarter hour</Description></UOM>
    <UOM><Code>PL</Code><Description>pail</Description></UOM>
    <UOM><Code>SW</Code><Description>skein</Description></UOM>
    <UOM><Code>WM</Code><Description>working month</Description></UOM>
    <UOM><Code>UA</Code><Description>torr</Description></UOM>
    <UOM><Code>SR</Code><Description>strip</Description></UOM>
    <UOM><Code>TL</Code><Description>thousand feet (linear)</Description></UOM>
    <UOM><Code>Z5</Code><Description>lug</Description></UOM>
    <UOM><Code>QA</Code><Description>page - facsimile</Description></UOM>
    <UOM><Code>PY</Code><Description>peck dry (US)</Description></UOM>
    <UOM><Code>TS</Code><Description>thousand square feet</Description></UOM>
    <UOM><Code>RPM</Code><Description>revolutions per minute</Description></UOM>
    <UOM><Code>PZ</Code><Description>peck dry (UK)</Description></UOM>
    <UOM><Code>U1</Code><Description>treatment</Description></UOM>
    <UOM><Code>QAN</Code><Description>quarter (of a year)</Description></UOM>
    <UOM><Code>WE</Code><Description>wet ton</Description></UOM>
    <UOM><Code>NPL</Code><Description>number of parcels</Description></UOM>
    <UOM><Code>KW</Code><Description>kilograms per millimeter</Description></UOM>
    <UOM><Code>HI</Code><Description>hundred sheet</Description></UOM>
    <UOM><Code>TAH</Code><Description>kiloampere hour (thousand ampere hour)</Description></UOM>
    <UOM><Code>U2</Code><Description>tablet</Description></UOM>
    <UOM><Code>2L</Code><Description>cubic foot per minute</Description></UOM>
    <UOM><Code>AW</Code><Description>powder filled vial</Description></UOM>
    <UOM><Code>A86</Code><Description>gigahertz</Description></UOM>
    <UOM><Code>A60</Code><Description>erg per cubic centimeter</Description></UOM>
    <UOM><Code>76</Code><Description>gauss</Description></UOM>
    <UOM><Code>28</Code><Description>kilogram per square meter</Description></UOM>
    <UOM><Code>18</Code><Description>fiftyfive gallon (US) drum</Description></UOM>
    <UOM><Code>08</Code><Description>heat lot</Description></UOM>
    <UOM><Code>94</Code><Description>curl unit</Description></UOM>
    <UOM><Code>B38</Code><Description>kilogram-force meter</Description></UOM>
    <UOM><Code>A55</Code><Description>electronvolt square meter</Description></UOM>
    <UOM><Code>1L</Code><Description>total car count</Description></UOM>
    <UOM><Code>B32</Code><Description>kilogram meter squared</Description></UOM>
    <UOM><Code>73</Code><Description>ampere-turn per centimeter</Description></UOM>
    <UOM><Code>29</Code><Description>pound per thousand square feet</Description></UOM>
    <UOM><Code>B20</Code><Description>joule square meter per kilogram</Description></UOM>
    <UOM><Code>A91</Code><Description>grade</Description></UOM>
    <UOM><Code>14</Code><Description>shot</Description></UOM>
    <UOM><Code>B37</Code><Description>kilogram-force</Description></UOM>
    <UOM><Code>B2</Code><Description>bunk</Description></UOM>
    <UOM><Code>ACR</Code><Description>acre</Description></UOM>
    <UOM><Code>96</Code><Description>ten thousand gallon (US) tankcar</Description></UOM>
    <UOM><Code>B12</Code><Description>joule per meter</Description></UOM>
    <UOM><Code>1D</Code><Description>caboose count</Description></UOM>
    <UOM><Code>2A</Code><Description>radian per second</Description></UOM>
    <UOM><Code>A57</Code><Description>erg</Description></UOM>
    <UOM><Code>A54</Code><Description>electronvolt per meter</Description></UOM>
    <UOM><Code>B45</Code><Description>kilomole</Description></UOM>
    <UOM><Code>C85</Code><Description>reciprocal ångström</Description></UOM>
    <UOM><Code>B49</Code><Description>kiloohm</Description></UOM>
    <UOM><Code>CWA</Code><Description>hundred pounds (cwt)/hundred weight (US)</Description></UOM>
    <UOM><Code>B46</Code><Description>kilomole per cubic meter</Description></UOM>
    <UOM><Code>D88</Code><Description>millicoulomb per cubic meter</Description></UOM>
    <UOM><Code>D65</Code><Description>round</Description></UOM>
    <UOM><Code>C52</Code><Description>picometer</Description></UOM>
    <UOM><Code>B86</Code><Description>microcoulomb</Description></UOM>
    <UOM><Code>D8</Code><Description>draize score</Description></UOM>
    <UOM><Code>D52</Code><Description>watt per kelvin</Description></UOM>
    <UOM><Code>D18</Code><Description>meter kelvin</Description></UOM>
    <UOM><Code>CL</Code><Description>coil</Description></UOM>
    <UOM><Code>C93</Code><Description>reciprocal meter squared</Description></UOM>
    <UOM><Code>B57</Code><Description>light year</Description></UOM>
    <UOM><Code>CMK</Code><Description>square centimeter</Description></UOM>
    <UOM><Code>C28</Code><Description>millisievert</Description></UOM>
    <UOM><Code>84</Code><Description>kilopound per square inch</Description></UOM>
    <UOM><Code>B36</Code><Description>thermochemical calorie per gram</Description></UOM>
    <UOM><Code>AS</Code><Description>assortment</Description></UOM>
    <UOM><Code>5P</Code><Description>seismic level</Description></UOM>
    <UOM><Code>2V</Code><Description>megagram per hour</Description></UOM>
    <UOM><Code>A50</Code><Description>dyn second per cubic centimeter</Description></UOM>
    <UOM><Code>2Y</Code><Description>milliröntgen</Description></UOM>
    <UOM><Code>C89</Code><Description>reciprocal henry</Description></UOM>
    <UOM><Code>B88</Code><Description>microcoulomb per square meter</Description></UOM>
    <UOM><Code>BR</Code><Description>bar</Description></UOM>
    <UOM><Code>B56</Code><Description>kiloweber per meter</Description></UOM>
    <UOM><Code>CUR</Code><Description>curie</Description></UOM>
    <UOM><Code>B70</Code><Description>megacoulomb per square meter</Description></UOM>
    <UOM><Code>C18</Code><Description>millimole</Description></UOM>
    <UOM><Code>C57</Code><Description>newton second</Description></UOM>
    <UOM><Code>IU</Code><Description>inch per second (linear speed)</Description></UOM>
    <UOM><Code>NT</Code><Description>net ton</Description></UOM>
    <UOM><Code>LBR</Code><Description>pound</Description></UOM>
    <UOM><Code>MMK</Code><Description>square millimeter</Description></UOM>
    <UOM><Code>GT</Code><Description>metric gross ton</Description></UOM>
    <UOM><Code>MAW</Code><Description>megawatt</Description></UOM>
    <UOM><Code>MT</Code><Description>mat</Description></UOM>
    <UOM><Code>D99</Code><Description>sleeve</Description></UOM>
    <UOM><Code>HF</Code><Description>hundred feet</Description></UOM>
    <UOM><Code>GD</Code><Description>gross barrel</Description></UOM>
    <UOM><Code>MQ</Code><Description>thousand meter</Description></UOM>
    <UOM><Code>E3</Code><Description>trailer</Description></UOM>
    <UOM><Code>HBA</Code><Description>hectobar</Description></UOM>
    <UOM><Code>NL</Code><Description>load</Description></UOM>
    <UOM><Code>JM</Code><Description>megajoule per cubic meter</Description></UOM>
    <UOM><Code>INK</Code><Description>square inch</Description></UOM>
    <UOM><Code>B5</Code><Description>billet</Description></UOM>
    <UOM><Code>C71</Code><Description>picocoulomb</Description></UOM>
    <UOM><Code>BW</Code><Description>base weight</Description></UOM>
    <UOM><Code>MSK</Code><Description>meter per second squared</Description></UOM>
    <UOM><Code>HO</Code><Description>hundred troy ounce</Description></UOM>
    <UOM><Code>EC</Code><Description>each per month</Description></UOM>
    <UOM><Code>KNI</Code><Description>kilogram of nitrogen</Description></UOM>
    <UOM><Code>KVT</Code><Description>kilovolt</Description></UOM>
    <UOM><Code>NMP</Code><Description>number of packs</Description></UOM>
    <UOM><Code>LR</Code><Description>layer</Description></UOM>
    <UOM><Code>DRM</Code><Description>drachm (UK)</Description></UOM>
    <UOM><Code>FL</Code><Description>flake ton</Description></UOM>
    <UOM><Code>GZ</Code><Description>gage system</Description></UOM>
    <UOM><Code>KS</Code><Description>thousand pound per square inch</Description></UOM>
    <UOM><Code>LC</Code><Description>linear centimeter</Description></UOM>
    <UOM><Code>HIU</Code><Description>hundred international unit</Description></UOM>
    <UOM><Code>K2</Code><Description>kilovolt ampere reactive demand</Description></UOM>
    <UOM><Code>J2</Code><Description>joule per kilogram</Description></UOM>
    <UOM><Code>KWH</Code><Description>kilowatt hour</Description></UOM>
    <UOM><Code>NBB</Code><Description>number of bobbins</Description></UOM>
    <UOM><Code>SQ</Code><Description>square</Description></UOM>
    <UOM><Code>TRL</Code><Description>trillion (EUR)</Description></UOM>
    <UOM><Code>SST</Code><Description>short standard (7200 matches)</Description></UOM>
    <UOM><Code>RA</Code><Description>rack</Description></UOM>
    <UOM><Code>P0</Code><Description>page - electronic</Description></UOM>
    <UOM><Code>S5</Code><Description>sixty fourths of an inch</Description></UOM>
    <UOM><Code>SE</Code><Description>section</Description></UOM>
    <UOM><Code>TF</Code><Description>ten square yard</Description></UOM>
    <UOM><Code>PGL</Code><Description>proof gallon</Description></UOM>
    <UOM><Code>NV</Code><Description>vehicle</Description></UOM>
    <UOM><Code>ZZ</Code><Description>mutually defined</Description></UOM>
    <UOM><Code>QT</Code><Description>quart (US)</Description></UOM>
    <UOM><Code>OA</Code><Description>panel</Description></UOM>
    <UOM><Code>T1</Code><Description>thousand pound gross</Description></UOM>
    <UOM><Code>P5</Code><Description>five pack</Description></UOM>
    <UOM><Code>R1</Code><Description>pica</Description></UOM>
    <UOM><Code>TY</Code><Description>tank, cylindrical</Description></UOM>
    <UOM><Code>SL</Code><Description>slipsheet</Description></UOM>
    <UOM><Code>RP</Code><Description>pound per ream</Description></UOM>
    <UOM><Code>RS</Code><Description>reset</Description></UOM>
    <UOM><Code>PG</Code><Description>plate</Description></UOM>
    <UOM><Code>UH</Code><Description>ten thousand yard</Description></UOM>
    <UOM><Code>ST</Code><Description>sheet</Description></UOM>
    <UOM><Code>TSD</Code><Description>tonne of substance 90 % dry</Description></UOM>
    <UOM><Code>GLD</Code><Description>dry gallon (US)</Description></UOM>
    <UOM><Code>MHZ</Code><Description>megahertz</Description></UOM>
    <UOM><Code>KPA</Code><Description>kilopascal</Description></UOM>
    <UOM><Code>FP</Code><Description>pound per square foot</Description></UOM>
    <UOM><Code>DLT</Code><Description>decilitre</Description></UOM>
    <UOM><Code>LUX</Code><Description>lux</Description></UOM>
    <UOM><Code>KX</Code><Description>millilitre per kilogram</Description></UOM>
    <UOM><Code>ON</Code><Description>ounce per square yard</Description></UOM>
    <UOM><Code>SG</Code><Description>segment</Description></UOM>
    <UOM><Code>TW</Code><Description>thousand sheet</Description></UOM>
    <UOM><Code>TJ</Code><Description>thousand square centimeter</Description></UOM>
</UOMCodeData>

